event_id,timestamp,account_id,amount,currency,event_type,reference
1,1,U1,1.0,LOG,AUTH_SUCCESS,C1
2,1,U1,1.0,LOG,AUTH_SUCCESS,C2
3,2,U2,1.0,LOG,AUTH_SUCCESS,C3
4,3,U3,1.0,LOG,AUTH_SUCCESS,C4
5,6,U4,1.0,LOG,AUTH_SUCCESS,C5
6,7,U4,1.0,LOG,AUTH_SUCCESS,C5
7,7,U5,1.0,LOG,AUTH_SUCCESS,C6
8,8,U6,1.0,LOG,AUTH_SUCCESS,C7
9,11,U7,1.0,LOG,AUTH_SUCCESS,C8
10,12,U8,1.0,LOG,AUTH_SUCCESS,C9
11,12,U9,1.0,LOG,AUTH_SUCCESS,C10
12,13,U10,1.0,LOG,AUTH_SUCCESS,C11
13,13,U11,1.0,LOG,AUTH_SUCCESS,C12
14,13,U12,1.0,LOG,AUTH_SUCCESS,C13
15,14,U13,1.0,LOG,AUTH_SUCCESS,C14
16,15,U14,1.0,LOG,AUTH_SUCCESS,C15
17,16,U15,1.0,LOG,AUTH_SUCCESS,C16
18,18,U16,1.0,LOG,AUTH_SUCCESS,C17
19,20,U17,1.0,LOG,AUTH_SUCCESS,C18
20,21,U18,1.0,LOG,AUTH_SUCCESS,C19
21,21,U19,1.0,LOG,AUTH_SUCCESS,C20
22,21,U20,1.0,LOG,AUTH_SUCCESS,C21
23,22,U18,1.0,LOG,AUTH_SUCCESS,C19
24,22,U21,1.0,LOG,AUTH_SUCCESS,C22
25,22,U22,1.0,LOG,AUTH_SUCCESS,C23
26,22,U23,1.0,LOG,AUTH_SUCCESS,C24
27,23,U24,1.0,LOG,AUTH_SUCCESS,C25
28,23,U25,1.0,LOG,AUTH_SUCCESS,C26
29,24,U26,1.0,LOG,AUTH_SUCCESS,C27
30,24,U27,1.0,LOG,AUTH_SUCCESS,C28
31,24,U28,1.0,LOG,AUTH_SUCCESS,C29
32,24,U29,1.0,LOG,AUTH_SUCCESS,C30
33,25,U26,1.0,LOG,AUTH_SUCCESS,C27
34,25,U30,1.0,LOG,AUTH_SUCCESS,C31
35,25,U28,1.0,LOG,AUTH_SUCCESS,C29
36,26,U29,1.0,LOG,AUTH_SUCCESS,C30
37,26,U13,1.0,LOG,AUTH_SUCCESS,C32
38,27,U31,1.0,LOG,AUTH_SUCCESS,C33
39,27,U32,1.0,LOG,AUTH_SUCCESS,C34
40,28,U33,1.0,LOG,AUTH_SUCCESS,C35
41,28,U34,1.0,LOG,AUTH_SUCCESS,C36
42,28,U35,1.0,LOG,AUTH_SUCCESS,C37
43,29,U34,1.0,LOG,AUTH_SUCCESS,C36
44,29,U35,1.0,LOG,AUTH_SUCCESS,C37
45,29,U36,1.0,LOG,AUTH_SUCCESS,C38
46,30,U37,1.0,LOG,AUTH_SUCCESS,C39
47,30,U38,1.0,LOG,AUTH_SUCCESS,C40
48,30,U23,1.0,LOG,AUTH_SUCCESS,C24
49,30,U39,1.0,LOG,AUTH_SUCCESS,C41
50,30,U13,1.0,LOG,AUTH_SUCCESS,C42
51,31,U40,1.0,LOG,AUTH_SUCCESS,C43
52,31,U41,1.0,LOG,AUTH_SUCCESS,C44
53,31,U42,1.0,LOG,AUTH_SUCCESS,C45
54,31,U43,1.0,LOG,AUTH_SUCCESS,C46
55,31,U38,1.0,LOG,AUTH_SUCCESS,C40
56,31,U44,1.0,LOG,AUTH_SUCCESS,C47
57,33,U45,1.0,LOG,AUTH_SUCCESS,C48
58,33,U46,1.0,LOG,AUTH_SUCCESS,C49
59,34,U47,1.0,LOG,AUTH_SUCCESS,C50
60,34,U48,1.0,LOG,AUTH_SUCCESS,C51
61,35,U47,1.0,LOG,AUTH_SUCCESS,C50
62,35,U49,1.0,LOG,AUTH_SUCCESS,C52
63,35,U12,1.0,LOG,AUTH_SUCCESS,C53
64,35,U12,1.0,LOG,AUTH_SUCCESS,C54
65,36,U50,1.0,LOG,AUTH_SUCCESS,C55
66,36,U51,1.0,LOG,AUTH_SUCCESS,C56
67,37,U52,1.0,LOG,AUTH_SUCCESS,C57
68,37,U53,1.0,LOG,AUTH_SUCCESS,C58
69,37,U51,1.0,LOG,AUTH_SUCCESS,C56
70,37,U54,1.0,LOG,AUTH_SUCCESS,C59
71,37,U55,1.0,LOG,AUTH_SUCCESS,C60
72,38,U56,1.0,LOG,AUTH_SUCCESS,C61
73,38,U52,1.0,LOG,AUTH_SUCCESS,C57
74,38,U54,1.0,LOG,AUTH_SUCCESS,C59
75,39,U57,1.0,LOG,AUTH_SUCCESS,C62
76,39,U6,1.0,LOG,AUTH_SUCCESS,C7
77,39,U58,1.0,LOG,AUTH_SUCCESS,C63
78,39,U59,1.0,LOG,AUTH_SUCCESS,C64
79,39,U12,1.0,LOG,AUTH_SUCCESS,C53
80,39,U12,1.0,LOG,AUTH_SUCCESS,C54
81,40,U58,1.0,LOG,AUTH_SUCCESS,C63
82,40,U60,1.0,LOG,AUTH_SUCCESS,C65
83,41,U61,1.0,LOG,AUTH_SUCCESS,C66
84,41,U62,1.0,LOG,AUTH_SUCCESS,C67
85,42,U62,1.0,LOG,AUTH_SUCCESS,C67
86,42,U37,1.0,LOG,AUTH_SUCCESS,C39
87,42,U63,1.0,LOG,AUTH_SUCCESS,C68
88,42,U64,1.0,LOG,AUTH_SUCCESS,C69
89,42,U9,1.0,LOG,AUTH_SUCCESS,C10
90,43,U37,1.0,LOG,AUTH_SUCCESS,C39
91,43,U12,1.0,LOG,AUTH_SUCCESS,C13
92,44,U65,1.0,LOG,AUTH_SUCCESS,C70
93,44,U66,1.0,LOG,AUTH_SUCCESS,C1
94,44,U67,1.0,LOG,AUTH_SUCCESS,C49
95,45,U65,1.0,LOG,AUTH_SUCCESS,C70
96,45,U68,1.0,LOG,AUTH_SUCCESS,C71
97,45,U69,1.0,LOG,AUTH_SUCCESS,C72
98,45,U70,1.0,LOG,AUTH_SUCCESS,C73
99,45,U71,1.0,LOG,AUTH_SUCCESS,C74
100,46,U72,1.0,LOG,AUTH_SUCCESS,C75
101,46,U73,1.0,LOG,AUTH_SUCCESS,C76
102,46,U74,1.0,LOG,AUTH_SUCCESS,C75
103,46,U75,1.0,LOG,AUTH_SUCCESS,C77
104,46,U68,1.0,LOG,AUTH_SUCCESS,C71
105,46,U76,1.0,LOG,AUTH_SUCCESS,C75
106,46,U63,1.0,LOG,AUTH_SUCCESS,C68
107,46,U77,1.0,LOG,AUTH_SUCCESS,C78
108,47,U78,1.0,LOG,AUTH_SUCCESS,C79
109,47,U79,1.0,LOG,AUTH_SUCCESS,C80
110,47,U57,1.0,LOG,AUTH_SUCCESS,C62
111,47,U75,1.0,LOG,AUTH_SUCCESS,C77
112,47,U68,1.0,LOG,AUTH_SUCCESS,C71
113,47,U80,1.0,LOG,AUTH_SUCCESS,C81
114,47,U81,1.0,LOG,AUTH_SUCCESS,C82
115,47,U81,1.0,LOG,AUTH_SUCCESS,C83
116,47,U82,1.0,LOG,AUTH_SUCCESS,C84
117,47,U83,1.0,LOG,AUTH_SUCCESS,C85
118,47,U84,1.0,LOG,AUTH_SUCCESS,C86
119,47,U84,1.0,LOG,AUTH_SUCCESS,C87
120,47,U84,1.0,LOG,AUTH_SUCCESS,C88
121,47,U84,1.0,LOG,AUTH_SUCCESS,C89
122,47,U84,1.0,LOG,AUTH_SUCCESS,C90
123,47,U84,1.0,LOG,AUTH_SUCCESS,C91
124,47,U84,1.0,LOG,AUTH_SUCCESS,C92
125,47,U85,1.0,LOG,AUTH_SUCCESS,C93
126,47,U12,1.0,LOG,AUTH_SUCCESS,C94
127,47,U12,1.0,LOG,AUTH_SUCCESS,C13
128,47,U86,1.0,LOG,AUTH_SUCCESS,C95
129,48,U78,1.0,LOG,AUTH_SUCCESS,C79
130,48,U87,1.0,LOG,AUTH_SUCCESS,C96
131,48,U88,1.0,LOG,AUTH_SUCCESS,C97
132,48,U82,1.0,LOG,AUTH_SUCCESS,C84
133,48,U89,1.0,LOG,AUTH_SUCCESS,C98
134,48,U90,1.0,LOG,AUTH_SUCCESS,C99
135,48,U91,1.0,LOG,AUTH_SUCCESS,C100
136,48,U92,1.0,LOG,AUTH_SUCCESS,C101
137,48,U48,1.0,LOG,AUTH_SUCCESS,C102
138,48,U48,1.0,LOG,AUTH_SUCCESS,C103
139,48,U48,1.0,LOG,AUTH_SUCCESS,C51
140,48,U48,1.0,LOG,AUTH_SUCCESS,C104
141,48,U84,1.0,LOG,AUTH_SUCCESS,C105
142,48,U93,1.0,LOG,AUTH_SUCCESS,C106
143,48,U93,1.0,LOG,AUTH_SUCCESS,C107
144,48,U85,1.0,LOG,AUTH_SUCCESS,C108
145,48,U85,1.0,LOG,AUTH_SUCCESS,C109
146,48,U94,1.0,LOG,AUTH_SUCCESS,C110
147,48,U95,1.0,LOG,AUTH_SUCCESS,C111
148,48,U95,1.0,LOG,AUTH_SUCCESS,C112
149,48,U96,1.0,LOG,AUTH_SUCCESS,C113
150,48,U97,1.0,LOG,AUTH_SUCCESS,C114
151,48,U97,1.0,LOG,AUTH_SUCCESS,C115
152,48,U97,1.0,LOG,AUTH_SUCCESS,C116
153,48,U66,1.0,LOG,AUTH_SUCCESS,C1
154,48,U66,1.0,LOG,AUTH_SUCCESS,C117
155,48,U66,1.0,LOG,AUTH_SUCCESS,C118
156,49,U98,1.0,LOG,AUTH_SUCCESS,C119
157,49,U99,1.0,LOG,AUTH_SUCCESS,C120
158,49,U100,1.0,LOG,AUTH_SUCCESS,C121
159,49,U90,1.0,LOG,AUTH_SUCCESS,C99
160,49,U70,1.0,LOG,AUTH_SUCCESS,C122
161,49,U101,1.0,LOG,AUTH_SUCCESS,C123
162,49,U92,1.0,LOG,AUTH_SUCCESS,C101
163,49,U48,1.0,LOG,AUTH_SUCCESS,C104
164,49,U13,1.0,LOG,AUTH_SUCCESS,C32
165,49,U102,1.0,LOG,AUTH_SUCCESS,C124
166,49,U103,1.0,LOG,AUTH_SUCCESS,C125
167,49,U104,1.0,LOG,AUTH_SUCCESS,C126
168,49,U104,1.0,LOG,AUTH_SUCCESS,C127
169,49,U95,1.0,LOG,AUTH_SUCCESS,C111
170,49,U95,1.0,LOG,AUTH_SUCCESS,C112
171,49,U95,1.0,LOG,AUTH_SUCCESS,C128
172,49,U95,1.0,LOG,AUTH_SUCCESS,C101
173,49,U105,1.0,LOG,AUTH_SUCCESS,C129
174,49,U105,1.0,LOG,AUTH_SUCCESS,C130
175,49,U105,1.0,LOG,AUTH_SUCCESS,C131
176,49,U97,1.0,LOG,AUTH_SUCCESS,C132
177,49,U97,1.0,LOG,AUTH_SUCCESS,C114
178,49,U97,1.0,LOG,AUTH_SUCCESS,C115
179,49,U97,1.0,LOG,AUTH_SUCCESS,C85
180,49,U97,1.0,LOG,AUTH_SUCCESS,C116
181,49,U66,1.0,LOG,AUTH_SUCCESS,C133
182,50,U78,1.0,LOG,AUTH_SUCCESS,C134
183,50,U78,1.0,LOG,AUTH_SUCCESS,C79
184,50,U78,1.0,LOG,AUTH_SUCCESS,C135
185,50,U106,1.0,LOG,AUTH_SUCCESS,C136
186,50,U99,1.0,LOG,AUTH_SUCCESS,C120
187,50,U99,1.0,LOG,AUTH_SUCCESS,C137
188,50,U90,1.0,LOG,AUTH_SUCCESS,C99
189,50,U70,1.0,LOG,AUTH_SUCCESS,C122
190,50,U107,1.0,LOG,AUTH_SUCCESS,C138
191,50,U108,1.0,LOG,AUTH_SUCCESS,C139
192,50,U101,1.0,LOG,AUTH_SUCCESS,C123
193,50,U48,1.0,LOG,AUTH_SUCCESS,C140
194,50,U102,1.0,LOG,AUTH_SUCCESS,C124
195,50,U103,1.0,LOG,AUTH_SUCCESS,C125
196,50,U95,1.0,LOG,AUTH_SUCCESS,C111
197,50,U95,1.0,LOG,AUTH_SUCCESS,C128
198,50,U95,1.0,LOG,AUTH_SUCCESS,C101
199,50,U105,1.0,LOG,AUTH_SUCCESS,C113
200,50,U105,1.0,LOG,AUTH_SUCCESS,C129
201,50,U105,1.0,LOG,AUTH_SUCCESS,C130
202,50,U105,1.0,LOG,AUTH_SUCCESS,C131
203,50,U97,1.0,LOG,AUTH_SUCCESS,C114
204,50,U97,1.0,LOG,AUTH_SUCCESS,C115
205,50,U97,1.0,LOG,AUTH_SUCCESS,C116
206,51,U106,1.0,LOG,AUTH_SUCCESS,C136
207,51,U109,1.0,LOG,AUTH_SUCCESS,C141
208,51,U110,1.0,LOG,AUTH_SUCCESS,C142
209,51,U16,1.0,LOG,AUTH_SUCCESS,C17
210,51,U111,1.0,LOG,AUTH_SUCCESS,C143
211,51,U92,1.0,LOG,AUTH_SUCCESS,C101
212,51,U85,1.0,LOG,AUTH_SUCCESS,C109
213,51,U85,1.0,LOG,AUTH_SUCCESS,C127
214,51,U12,1.0,LOG,AUTH_SUCCESS,C94
215,51,U12,1.0,LOG,AUTH_SUCCESS,C13
216,51,U95,1.0,LOG,AUTH_SUCCESS,C112
217,51,U97,1.0,LOG,AUTH_SUCCESS,C132
218,51,U97,1.0,LOG,AUTH_SUCCESS,C85
219,51,U112,1.0,LOG,AUTH_SUCCESS,C144
220,51,U112,1.0,LOG,AUTH_SUCCESS,C82
221,51,U112,1.0,LOG,AUTH_SUCCESS,C145
222,51,U112,1.0,LOG,AUTH_SUCCESS,C146
223,51,U66,1.0,LOG,AUTH_SUCCESS,C117
224,52,U113,1.0,LOG,AUTH_SUCCESS,C147
225,52,U113,1.0,LOG,AUTH_SUCCESS,C148
226,52,U16,1.0,LOG,AUTH_SUCCESS,C148
227,52,U16,1.0,LOG,AUTH_SUCCESS,C17
228,52,U21,1.0,LOG,AUTH_SUCCESS,C22
229,52,U114,1.0,LOG,AUTH_SUCCESS,C149
230,52,U114,1.0,LOG,AUTH_SUCCESS,C148
231,52,U111,1.0,LOG,AUTH_SUCCESS,C143
232,52,U111,1.0,LOG,AUTH_SUCCESS,C150
233,52,U89,1.0,LOG,AUTH_SUCCESS,C98
234,52,U89,1.0,LOG,AUTH_SUCCESS,C151
235,52,U115,1.0,LOG,AUTH_SUCCESS,C148
236,52,U115,1.0,LOG,AUTH_SUCCESS,C152
237,52,U92,1.0,LOG,AUTH_SUCCESS,C153
238,52,U92,1.0,LOG,AUTH_SUCCESS,C154
239,52,U116,1.0,LOG,AUTH_SUCCESS,C155
240,52,U117,1.0,LOG,AUTH_SUCCESS,C156
241,52,U60,1.0,LOG,AUTH_SUCCESS,C157
242,52,U12,1.0,LOG,AUTH_SUCCESS,C158
243,52,U12,1.0,LOG,AUTH_SUCCESS,C159
244,52,U95,1.0,LOG,AUTH_SUCCESS,C112
245,52,U105,1.0,LOG,AUTH_SUCCESS,C130
246,52,U105,1.0,LOG,AUTH_SUCCESS,C160
247,52,U105,1.0,LOG,AUTH_SUCCESS,C131
248,52,U97,1.0,LOG,AUTH_SUCCESS,C132
249,52,U97,1.0,LOG,AUTH_SUCCESS,C161
250,52,U118,1.0,LOG,AUTH_SUCCESS,C162
251,52,U112,1.0,LOG,AUTH_SUCCESS,C145
252,53,U119,1.0,LOG,AUTH_SUCCESS,C163
253,53,U110,1.0,LOG,AUTH_SUCCESS,C142
254,53,U16,1.0,LOG,AUTH_SUCCESS,C17
255,53,U120,1.0,LOG,AUTH_SUCCESS,C164
256,53,U121,1.0,LOG,AUTH_SUCCESS,C165
257,53,U122,1.0,LOG,AUTH_SUCCESS,C166
258,53,U21,1.0,LOG,AUTH_SUCCESS,C22
259,53,U123,1.0,LOG,AUTH_SUCCESS,C167
260,53,U124,1.0,LOG,AUTH_SUCCESS,C168
261,53,U125,1.0,LOG,AUTH_SUCCESS,C169
262,53,U125,1.0,LOG,AUTH_SUCCESS,C170
263,53,U126,1.0,LOG,AUTH_SUCCESS,C102
264,53,U92,1.0,LOG,AUTH_SUCCESS,C153
265,53,U48,1.0,LOG,AUTH_SUCCESS,C51
266,53,U48,1.0,LOG,AUTH_SUCCESS,C171
267,53,U127,1.0,LOG,AUTH_SUCCESS,C155
268,53,U13,1.0,LOG,AUTH_SUCCESS,C172
269,53,U85,1.0,LOG,AUTH_SUCCESS,C108
270,53,U60,1.0,LOG,AUTH_SUCCESS,C173
271,53,U60,1.0,LOG,AUTH_SUCCESS,C157
272,53,U12,1.0,LOG,AUTH_SUCCESS,C174
273,53,U95,1.0,LOG,AUTH_SUCCESS,C154
274,53,U105,1.0,LOG,AUTH_SUCCESS,C113
275,53,U105,1.0,LOG,AUTH_SUCCESS,C160
276,53,U97,1.0,LOG,AUTH_SUCCESS,C175
277,53,U128,1.0,LOG,AUTH_SUCCESS,C167
278,53,U128,1.0,LOG,AUTH_SUCCESS,C176
279,53,U112,1.0,LOG,AUTH_SUCCESS,C177
280,54,U129,1.0,LOG,AUTH_SUCCESS,C178
281,54,U130,1.0,LOG,AUTH_SUCCESS,C179
282,54,U130,1.0,LOG,AUTH_SUCCESS,C148
283,54,U131,1.0,LOG,AUTH_SUCCESS,C180
284,54,U132,1.0,LOG,AUTH_SUCCESS,C181
285,54,U132,1.0,LOG,AUTH_SUCCESS,C148
286,54,U133,1.0,LOG,AUTH_SUCCESS,C182
287,54,U134,1.0,LOG,AUTH_SUCCESS,C183
288,54,U122,1.0,LOG,AUTH_SUCCESS,C166
289,54,U124,1.0,LOG,AUTH_SUCCESS,C168
290,54,U135,1.0,LOG,AUTH_SUCCESS,C184
291,54,U136,1.0,LOG,AUTH_SUCCESS,C185
292,54,U116,1.0,LOG,AUTH_SUCCESS,C155
293,54,U127,1.0,LOG,AUTH_SUCCESS,C155
294,54,U85,1.0,LOG,AUTH_SUCCESS,C108
295,54,U94,1.0,LOG,AUTH_SUCCESS,C186
296,54,U94,1.0,LOG,AUTH_SUCCESS,C110
297,54,U60,1.0,LOG,AUTH_SUCCESS,C65
298,54,U60,1.0,LOG,AUTH_SUCCESS,C157
299,54,U12,1.0,LOG,AUTH_SUCCESS,C13
300,54,U95,1.0,LOG,AUTH_SUCCESS,C154
301,54,U105,1.0,LOG,AUTH_SUCCESS,C160
302,54,U97,1.0,LOG,AUTH_SUCCESS,C161
303,54,U112,1.0,LOG,AUTH_SUCCESS,C144
304,55,U129,1.0,LOG,AUTH_SUCCESS,C178
305,55,U137,1.0,LOG,AUTH_SUCCESS,C187
306,55,U138,1.0,LOG,AUTH_SUCCESS,C188
307,55,U133,1.0,LOG,AUTH_SUCCESS,C182
308,55,U134,1.0,LOG,AUTH_SUCCESS,C183
309,55,U139,1.0,LOG,AUTH_SUCCESS,C189
310,55,U140,1.0,LOG,AUTH_SUCCESS,C190
311,55,U141,1.0,LOG,AUTH_SUCCESS,C191
312,55,U124,1.0,LOG,AUTH_SUCCESS,C192
313,55,U142,1.0,LOG,AUTH_SUCCESS,C193
314,55,U126,1.0,LOG,AUTH_SUCCESS,C140
315,55,U143,1.0,LOG,AUTH_SUCCESS,C194
316,55,U92,1.0,LOG,AUTH_SUCCESS,C154
317,55,U48,1.0,LOG,AUTH_SUCCESS,C171
318,55,U60,1.0,LOG,AUTH_SUCCESS,C157
319,55,U12,1.0,LOG,AUTH_SUCCESS,C13
320,55,U95,1.0,LOG,AUTH_SUCCESS,C154
321,55,U105,1.0,LOG,AUTH_SUCCESS,C160
322,56,U144,1.0,LOG,AUTH_SUCCESS,C195
323,56,U145,1.0,LOG,AUTH_SUCCESS,C196
324,56,U146,1.0,LOG,AUTH_SUCCESS,C197
325,56,U147,1.0,LOG,AUTH_SUCCESS,C198
326,56,U137,1.0,LOG,AUTH_SUCCESS,C187
327,56,U148,1.0,LOG,AUTH_SUCCESS,C134
328,56,U148,1.0,LOG,AUTH_SUCCESS,C199
329,56,U138,1.0,LOG,AUTH_SUCCESS,C188
330,56,U149,1.0,LOG,AUTH_SUCCESS,C82
331,56,U133,1.0,LOG,AUTH_SUCCESS,C182
332,56,U134,1.0,LOG,AUTH_SUCCESS,C183
333,56,U134,1.0,LOG,AUTH_SUCCESS,C134
334,56,U121,1.0,LOG,AUTH_SUCCESS,C200
335,56,U121,1.0,LOG,AUTH_SUCCESS,C165
336,56,U150,1.0,LOG,AUTH_SUCCESS,C150
337,56,U150,1.0,LOG,AUTH_SUCCESS,C201
338,56,U139,1.0,LOG,AUTH_SUCCESS,C189
339,56,U151,1.0,LOG,AUTH_SUCCESS,C202
340,56,U140,1.0,LOG,AUTH_SUCCESS,C190
341,56,U141,1.0,LOG,AUTH_SUCCESS,C203
342,56,U141,1.0,LOG,AUTH_SUCCESS,C204
343,56,U141,1.0,LOG,AUTH_SUCCESS,C191
344,56,U141,1.0,LOG,AUTH_SUCCESS,C205
345,56,U141,1.0,LOG,AUTH_SUCCESS,C151
346,56,U141,1.0,LOG,AUTH_SUCCESS,C200
347,56,U124,1.0,LOG,AUTH_SUCCESS,C192
348,56,U124,1.0,LOG,AUTH_SUCCESS,C168
349,56,U152,1.0,LOG,AUTH_SUCCESS,C206
350,56,U153,1.0,LOG,AUTH_SUCCESS,C207
351,56,U153,1.0,LOG,AUTH_SUCCESS,C148
352,56,U29,1.0,LOG,AUTH_SUCCESS,C30
353,56,U154,1.0,LOG,AUTH_SUCCESS,C208
354,56,U154,1.0,LOG,AUTH_SUCCESS,C148
355,56,U155,1.0,LOG,AUTH_SUCCESS,C161
356,56,U92,1.0,LOG,AUTH_SUCCESS,C153
357,56,U92,1.0,LOG,AUTH_SUCCESS,C154
358,56,U13,1.0,LOG,AUTH_SUCCESS,C209
359,56,U12,1.0,LOG,AUTH_SUCCESS,C108
360,56,U12,1.0,LOG,AUTH_SUCCESS,C210
361,56,U12,1.0,LOG,AUTH_SUCCESS,C211
362,56,U12,1.0,LOG,AUTH_SUCCESS,C94
363,56,U12,1.0,LOG,AUTH_SUCCESS,C209
364,56,U12,1.0,LOG,AUTH_SUCCESS,C13
365,56,U12,1.0,LOG,AUTH_SUCCESS,C54
366,56,U95,1.0,LOG,AUTH_SUCCESS,C154
367,56,U105,1.0,LOG,AUTH_SUCCESS,C160
368,56,U156,1.0,LOG,AUTH_SUCCESS,C161
369,56,U97,1.0,LOG,AUTH_SUCCESS,C161
370,56,U157,1.0,LOG,AUTH_SUCCESS,C212
371,57,U144,1.0,LOG,AUTH_SUCCESS,C195
372,57,U145,1.0,LOG,AUTH_SUCCESS,C196
373,57,U131,1.0,LOG,AUTH_SUCCESS,C180
374,57,U131,1.0,LOG,AUTH_SUCCESS,C151
375,57,U146,1.0,LOG,AUTH_SUCCESS,C197
376,57,U147,1.0,LOG,AUTH_SUCCESS,C198
377,57,U121,1.0,LOG,AUTH_SUCCESS,C151
378,57,U121,1.0,LOG,AUTH_SUCCESS,C165
379,57,U151,1.0,LOG,AUTH_SUCCESS,C202
380,57,U141,1.0,LOG,AUTH_SUCCESS,C203
381,57,U141,1.0,LOG,AUTH_SUCCESS,C191
382,57,U141,1.0,LOG,AUTH_SUCCESS,C205
383,57,U141,1.0,LOG,AUTH_SUCCESS,C151
384,57,U152,1.0,LOG,AUTH_SUCCESS,C206
385,57,U29,1.0,LOG,AUTH_SUCCESS,C30
386,57,U92,1.0,LOG,AUTH_SUCCESS,C154
387,57,U127,1.0,LOG,AUTH_SUCCESS,C155
388,57,U13,1.0,LOG,AUTH_SUCCESS,C172
389,57,U60,1.0,LOG,AUTH_SUCCESS,C213
390,57,U60,1.0,LOG,AUTH_SUCCESS,C107
391,57,U105,1.0,LOG,AUTH_SUCCESS,C160
392,58,U158,1.0,LOG,AUTH_SUCCESS,C214
393,58,U29,1.0,LOG,AUTH_SUCCESS,C30
394,58,U77,1.0,LOG,AUTH_SUCCESS,C78
395,58,U92,1.0,LOG,AUTH_SUCCESS,C154
396,58,U48,1.0,LOG,AUTH_SUCCESS,C51
397,58,U116,1.0,LOG,AUTH_SUCCESS,C155
398,58,U13,1.0,LOG,AUTH_SUCCESS,C172
399,58,U13,1.0,LOG,AUTH_SUCCESS,C32
400,58,U85,1.0,LOG,AUTH_SUCCESS,C215
401,58,U85,1.0,LOG,AUTH_SUCCESS,C127
402,58,U60,1.0,LOG,AUTH_SUCCESS,C173
403,58,U60,1.0,LOG,AUTH_SUCCESS,C65
404,58,U60,1.0,LOG,AUTH_SUCCESS,C157
405,58,U159,1.0,LOG,AUTH_SUCCESS,C160
406,58,U156,1.0,LOG,AUTH_SUCCESS,C161
407,58,U97,1.0,LOG,AUTH_SUCCESS,C161
408,58,U128,1.0,LOG,AUTH_SUCCESS,C167
409,58,U128,1.0,LOG,AUTH_SUCCESS,C176
410,58,U112,1.0,LOG,AUTH_SUCCESS,C144
411,58,U112,1.0,LOG,AUTH_SUCCESS,C145
412,58,U66,1.0,LOG,AUTH_SUCCESS,C1
413,58,U157,1.0,LOG,AUTH_SUCCESS,C212
414,59,U158,1.0,LOG,AUTH_SUCCESS,C214
415,59,U145,1.0,LOG,AUTH_SUCCESS,C196
416,59,U160,1.0,LOG,AUTH_SUCCESS,C216
417,59,U161,1.0,LOG,AUTH_SUCCESS,C217
418,59,U162,1.0,LOG,AUTH_SUCCESS,C218
419,59,U151,1.0,LOG,AUTH_SUCCESS,C202
420,59,U163,1.0,LOG,AUTH_SUCCESS,C219
421,59,U163,1.0,LOG,AUTH_SUCCESS,C220
422,59,U29,1.0,LOG,AUTH_SUCCESS,C30
423,59,U92,1.0,LOG,AUTH_SUCCESS,C154
424,59,U85,1.0,LOG,AUTH_SUCCESS,C93
425,59,U85,1.0,LOG,AUTH_SUCCESS,C127
426,59,U60,1.0,LOG,AUTH_SUCCESS,C65
427,59,U60,1.0,LOG,AUTH_SUCCESS,C157
428,59,U12,1.0,LOG,AUTH_SUCCESS,C221
429,59,U12,1.0,LOG,AUTH_SUCCESS,C13
430,59,U105,1.0,LOG,AUTH_SUCCESS,C160
431,59,U159,1.0,LOG,AUTH_SUCCESS,C160
432,59,U112,1.0,LOG,AUTH_SUCCESS,C144
433,59,U112,1.0,LOG,AUTH_SUCCESS,C145
434,59,U66,1.0,LOG,AUTH_SUCCESS,C1
435,59,U46,1.0,LOG,AUTH_SUCCESS,C154
436,60,U164,1.0,LOG,AUTH_SUCCESS,C222
437,60,U165,1.0,LOG,AUTH_SUCCESS,C223
438,60,U161,1.0,LOG,AUTH_SUCCESS,C217
439,60,U162,1.0,LOG,AUTH_SUCCESS,C218
440,60,U166,1.0,LOG,AUTH_SUCCESS,C224
441,60,U39,1.0,LOG,AUTH_SUCCESS,C41
442,60,U167,1.0,LOG,AUTH_SUCCESS,C225
443,60,U167,1.0,LOG,AUTH_SUCCESS,C226
444,60,U168,1.0,LOG,AUTH_SUCCESS,C227
445,60,U92,1.0,LOG,AUTH_SUCCESS,C154
446,60,U127,1.0,LOG,AUTH_SUCCESS,C155
447,60,U85,1.0,LOG,AUTH_SUCCESS,C93
448,60,U85,1.0,LOG,AUTH_SUCCESS,C127
449,60,U60,1.0,LOG,AUTH_SUCCESS,C108
450,60,U95,1.0,LOG,AUTH_SUCCESS,C154
451,60,U105,1.0,LOG,AUTH_SUCCESS,C160
452,60,U156,1.0,LOG,AUTH_SUCCESS,C161
453,60,U97,1.0,LOG,AUTH_SUCCESS,C161
454,60,U112,1.0,LOG,AUTH_SUCCESS,C144
455,60,U169,1.0,LOG,AUTH_SUCCESS,C228
456,61,U170,1.0,LOG,AUTH_SUCCESS,C229
457,61,U171,1.0,LOG,AUTH_SUCCESS,C230
458,61,U166,1.0,LOG,AUTH_SUCCESS,C231
459,61,U166,1.0,LOG,AUTH_SUCCESS,C224
460,61,U166,1.0,LOG,AUTH_SUCCESS,C151
461,61,U166,1.0,LOG,AUTH_SUCCESS,C200
462,61,U172,1.0,LOG,AUTH_SUCCESS,C232
463,61,U39,1.0,LOG,AUTH_SUCCESS,C41
464,61,U168,1.0,LOG,AUTH_SUCCESS,C227
465,61,U173,1.0,LOG,AUTH_SUCCESS,C233
466,61,U77,1.0,LOG,AUTH_SUCCESS,C234
467,61,U77,1.0,LOG,AUTH_SUCCESS,C78
468,61,U174,1.0,LOG,AUTH_SUCCESS,C235
469,61,U92,1.0,LOG,AUTH_SUCCESS,C154
470,61,U127,1.0,LOG,AUTH_SUCCESS,C155
471,61,U12,1.0,LOG,AUTH_SUCCESS,C236
472,61,U12,1.0,LOG,AUTH_SUCCESS,C237
473,61,U12,1.0,LOG,AUTH_SUCCESS,C13
474,61,U159,1.0,LOG,AUTH_SUCCESS,C160
475,61,U169,1.0,LOG,AUTH_SUCCESS,C238
476,61,U169,1.0,LOG,AUTH_SUCCESS,C228
477,62,U130,1.0,LOG,AUTH_SUCCESS,C179
478,62,U130,1.0,LOG,AUTH_SUCCESS,C239
479,62,U175,1.0,LOG,AUTH_SUCCESS,C240
480,62,U175,1.0,LOG,AUTH_SUCCESS,C200
481,62,U171,1.0,LOG,AUTH_SUCCESS,C230
482,62,U171,1.0,LOG,AUTH_SUCCESS,C150
483,62,U176,1.0,LOG,AUTH_SUCCESS,C241
484,62,U177,1.0,LOG,AUTH_SUCCESS,C242
485,62,U177,1.0,LOG,AUTH_SUCCESS,C148
486,62,U120,1.0,LOG,AUTH_SUCCESS,C164
487,62,U120,1.0,LOG,AUTH_SUCCESS,C239
488,62,U100,1.0,LOG,AUTH_SUCCESS,C121
489,62,U166,1.0,LOG,AUTH_SUCCESS,C224
490,62,U166,1.0,LOG,AUTH_SUCCESS,C151
491,62,U166,1.0,LOG,AUTH_SUCCESS,C200
492,62,U178,1.0,LOG,AUTH_SUCCESS,C243
493,62,U153,1.0,LOG,AUTH_SUCCESS,C207
494,62,U153,1.0,LOG,AUTH_SUCCESS,C239
495,62,U108,1.0,LOG,AUTH_SUCCESS,C139
496,62,U92,1.0,LOG,AUTH_SUCCESS,C154
497,62,U48,1.0,LOG,AUTH_SUCCESS,C244
498,62,U48,1.0,LOG,AUTH_SUCCESS,C104
499,62,U85,1.0,LOG,AUTH_SUCCESS,C245
500,62,U85,1.0,LOG,AUTH_SUCCESS,C127
501,62,U105,1.0,LOG,AUTH_SUCCESS,C160
502,62,U156,1.0,LOG,AUTH_SUCCESS,C161
503,62,U97,1.0,LOG,AUTH_SUCCESS,C161
504,62,U179,1.0,LOG,AUTH_SUCCESS,C161
505,62,U112,1.0,LOG,AUTH_SUCCESS,C177
506,62,U112,1.0,LOG,AUTH_SUCCESS,C145
507,63,U180,1.0,LOG,AUTH_SUCCESS,C246
508,63,U176,1.0,LOG,AUTH_SUCCESS,C241
509,63,U166,1.0,LOG,AUTH_SUCCESS,C231
510,63,U166,1.0,LOG,AUTH_SUCCESS,C224
511,63,U166,1.0,LOG,AUTH_SUCCESS,C151
512,63,U178,1.0,LOG,AUTH_SUCCESS,C243
513,63,U181,1.0,LOG,AUTH_SUCCESS,C247
514,63,U135,1.0,LOG,AUTH_SUCCESS,C184
515,63,U182,1.0,LOG,AUTH_SUCCESS,C248
516,63,U182,1.0,LOG,AUTH_SUCCESS,C249
517,63,U108,1.0,LOG,AUTH_SUCCESS,C139
518,63,U183,1.0,LOG,AUTH_SUCCESS,C250
519,63,U92,1.0,LOG,AUTH_SUCCESS,C154
520,63,U48,1.0,LOG,AUTH_SUCCESS,C244
521,63,U93,1.0,LOG,AUTH_SUCCESS,C251
522,63,U93,1.0,LOG,AUTH_SUCCESS,C107
523,63,U60,1.0,LOG,AUTH_SUCCESS,C173
524,63,U12,1.0,LOG,AUTH_SUCCESS,C252
525,63,U184,1.0,LOG,AUTH_SUCCESS,C154
526,63,U105,1.0,LOG,AUTH_SUCCESS,C160
527,63,U159,1.0,LOG,AUTH_SUCCESS,C160
528,63,U128,1.0,LOG,AUTH_SUCCESS,C167
529,63,U128,1.0,LOG,AUTH_SUCCESS,C176
530,64,U185,1.0,LOG,AUTH_SUCCESS,C253
531,64,U176,1.0,LOG,AUTH_SUCCESS,C241
532,64,U186,1.0,LOG,AUTH_SUCCESS,C254
533,64,U186,1.0,LOG,AUTH_SUCCESS,C148
534,64,U187,1.0,LOG,AUTH_SUCCESS,C255
535,64,U181,1.0,LOG,AUTH_SUCCESS,C247
536,64,U188,1.0,LOG,AUTH_SUCCESS,C148
537,64,U188,1.0,LOG,AUTH_SUCCESS,C256
538,64,U189,1.0,LOG,AUTH_SUCCESS,C108
539,64,U60,1.0,LOG,AUTH_SUCCESS,C108
540,64,U12,1.0,LOG,AUTH_SUCCESS,C13
541,64,U12,1.0,LOG,AUTH_SUCCESS,C54
542,64,U105,1.0,LOG,AUTH_SUCCESS,C160
543,64,U156,1.0,LOG,AUTH_SUCCESS,C161
544,64,U67,1.0,LOG,AUTH_SUCCESS,C49
545,65,U180,1.0,LOG,AUTH_SUCCESS,C246
546,65,U185,1.0,LOG,AUTH_SUCCESS,C253
547,65,U190,1.0,LOG,AUTH_SUCCESS,C257
548,65,U191,1.0,LOG,AUTH_SUCCESS,C258
549,65,U187,1.0,LOG,AUTH_SUCCESS,C255
550,65,U192,1.0,LOG,AUTH_SUCCESS,C259
551,65,U193,1.0,LOG,AUTH_SUCCESS,C260
552,65,U181,1.0,LOG,AUTH_SUCCESS,C247
553,65,U181,1.0,LOG,AUTH_SUCCESS,C261
554,65,U135,1.0,LOG,AUTH_SUCCESS,C184
555,65,U194,1.0,LOG,AUTH_SUCCESS,C262
556,65,U194,1.0,LOG,AUTH_SUCCESS,C263
557,65,U92,1.0,LOG,AUTH_SUCCESS,C154
558,65,U12,1.0,LOG,AUTH_SUCCESS,C236
559,65,U12,1.0,LOG,AUTH_SUCCESS,C237
560,65,U12,1.0,LOG,AUTH_SUCCESS,C186
561,65,U12,1.0,LOG,AUTH_SUCCESS,C264
562,65,U12,1.0,LOG,AUTH_SUCCESS,C53
563,65,U12,1.0,LOG,AUTH_SUCCESS,C13
564,65,U12,1.0,LOG,AUTH_SUCCESS,C265
565,65,U12,1.0,LOG,AUTH_SUCCESS,C54
566,65,U95,1.0,LOG,AUTH_SUCCESS,C154
567,65,U184,1.0,LOG,AUTH_SUCCESS,C154
568,65,U112,1.0,LOG,AUTH_SUCCESS,C144
569,65,U67,1.0,LOG,AUTH_SUCCESS,C154
570,65,U67,1.0,LOG,AUTH_SUCCESS,C49
571,66,U185,1.0,LOG,AUTH_SUCCESS,C253
572,66,U195,1.0,LOG,AUTH_SUCCESS,C266
573,66,U190,1.0,LOG,AUTH_SUCCESS,C257
574,66,U187,1.0,LOG,AUTH_SUCCESS,C255
575,66,U196,1.0,LOG,AUTH_SUCCESS,C267
576,66,U192,1.0,LOG,AUTH_SUCCESS,C259
577,66,U194,1.0,LOG,AUTH_SUCCESS,C268
578,66,U194,1.0,LOG,AUTH_SUCCESS,C262
579,66,U194,1.0,LOG,AUTH_SUCCESS,C263
580,66,U197,1.0,LOG,AUTH_SUCCESS,C269
581,66,U12,1.0,LOG,AUTH_SUCCESS,C270
582,66,U12,1.0,LOG,AUTH_SUCCESS,C265
583,66,U184,1.0,LOG,AUTH_SUCCESS,C154
584,66,U156,1.0,LOG,AUTH_SUCCESS,C161
585,66,U179,1.0,LOG,AUTH_SUCCESS,C175
586,66,U112,1.0,LOG,AUTH_SUCCESS,C144
587,66,U112,1.0,LOG,AUTH_SUCCESS,C145
588,67,U198,1.0,LOG,AUTH_SUCCESS,C271
589,67,U199,1.0,LOG,AUTH_SUCCESS,C272
590,67,U199,1.0,LOG,AUTH_SUCCESS,C151
591,67,U200,1.0,LOG,AUTH_SUCCESS,C273
592,67,U195,1.0,LOG,AUTH_SUCCESS,C266
593,67,U201,1.0,LOG,AUTH_SUCCESS,C200
594,67,U201,1.0,LOG,AUTH_SUCCESS,C274
595,67,U202,1.0,LOG,AUTH_SUCCESS,C239
596,67,U202,1.0,LOG,AUTH_SUCCESS,C275
597,67,U203,1.0,LOG,AUTH_SUCCESS,C276
598,67,U188,1.0,LOG,AUTH_SUCCESS,C239
599,67,U188,1.0,LOG,AUTH_SUCCESS,C256
600,67,U92,1.0,LOG,AUTH_SUCCESS,C153
601,67,U48,1.0,LOG,AUTH_SUCCESS,C104
602,67,U60,1.0,LOG,AUTH_SUCCESS,C213
603,67,U60,1.0,LOG,AUTH_SUCCESS,C107
604,67,U12,1.0,LOG,AUTH_SUCCESS,C221
605,67,U12,1.0,LOG,AUTH_SUCCESS,C162
606,67,U204,1.0,LOG,AUTH_SUCCESS,C154
607,67,U112,1.0,LOG,AUTH_SUCCESS,C145
608,68,U198,1.0,LOG,AUTH_SUCCESS,C271
609,68,U205,1.0,LOG,AUTH_SUCCESS,C277
610,68,U200,1.0,LOG,AUTH_SUCCESS,C273
611,68,U195,1.0,LOG,AUTH_SUCCESS,C266
612,68,U206,1.0,LOG,AUTH_SUCCESS,C134
613,68,U206,1.0,LOG,AUTH_SUCCESS,C278
614,68,U207,1.0,LOG,AUTH_SUCCESS,C279
615,68,U202,1.0,LOG,AUTH_SUCCESS,C148
616,68,U202,1.0,LOG,AUTH_SUCCESS,C275
617,68,U197,1.0,LOG,AUTH_SUCCESS,C269
618,68,U197,1.0,LOG,AUTH_SUCCESS,C280
619,68,U203,1.0,LOG,AUTH_SUCCESS,C276
620,68,U48,1.0,LOG,AUTH_SUCCESS,C281
621,68,U13,1.0,LOG,AUTH_SUCCESS,C282
622,68,U60,1.0,LOG,AUTH_SUCCESS,C173
623,68,U156,1.0,LOG,AUTH_SUCCESS,C161
624,68,U97,1.0,LOG,AUTH_SUCCESS,C161
625,68,U179,1.0,LOG,AUTH_SUCCESS,C175
626,69,U205,1.0,LOG,AUTH_SUCCESS,C277
627,69,U208,1.0,LOG,AUTH_SUCCESS,C283
628,69,U200,1.0,LOG,AUTH_SUCCESS,C150
629,69,U200,1.0,LOG,AUTH_SUCCESS,C273
630,69,U195,1.0,LOG,AUTH_SUCCESS,C266
631,69,U13,1.0,LOG,AUTH_SUCCESS,C172
632,69,U13,1.0,LOG,AUTH_SUCCESS,C32
633,69,U209,1.0,LOG,AUTH_SUCCESS,C284
634,69,U12,1.0,LOG,AUTH_SUCCESS,C252
635,69,U12,1.0,LOG,AUTH_SUCCESS,C53
636,69,U12,1.0,LOG,AUTH_SUCCESS,C13
637,69,U95,1.0,LOG,AUTH_SUCCESS,C154
638,69,U128,1.0,LOG,AUTH_SUCCESS,C167
639,69,U128,1.0,LOG,AUTH_SUCCESS,C176
640,70,U210,1.0,LOG,AUTH_SUCCESS,C285
641,70,U211,1.0,LOG,AUTH_SUCCESS,C248
642,70,U211,1.0,LOG,AUTH_SUCCESS,C286
643,70,U212,1.0,LOG,AUTH_SUCCESS,C287
644,70,U208,1.0,LOG,AUTH_SUCCESS,C283
645,70,U42,1.0,LOG,AUTH_SUCCESS,C45
646,70,U213,1.0,LOG,AUTH_SUCCESS,C288
647,70,U6,1.0,LOG,AUTH_SUCCESS,C7
648,70,U6,1.0,LOG,AUTH_SUCCESS,C148
649,70,U214,1.0,LOG,AUTH_SUCCESS,C289
650,70,U214,1.0,LOG,AUTH_SUCCESS,C148
651,70,U215,1.0,LOG,AUTH_SUCCESS,C290
652,70,U216,1.0,LOG,AUTH_SUCCESS,C219
653,70,U216,1.0,LOG,AUTH_SUCCESS,C291
654,70,U77,1.0,LOG,AUTH_SUCCESS,C78
655,70,U48,1.0,LOG,AUTH_SUCCESS,C292
656,70,U116,1.0,LOG,AUTH_SUCCESS,C155
657,70,U13,1.0,LOG,AUTH_SUCCESS,C282
658,70,U13,1.0,LOG,AUTH_SUCCESS,C32
659,70,U13,1.0,LOG,AUTH_SUCCESS,C209
660,70,U12,1.0,LOG,AUTH_SUCCESS,C293
661,70,U95,1.0,LOG,AUTH_SUCCESS,C154
662,70,U159,1.0,LOG,AUTH_SUCCESS,C160
663,70,U156,1.0,LOG,AUTH_SUCCESS,C161
664,70,U97,1.0,LOG,AUTH_SUCCESS,C161
665,70,U179,1.0,LOG,AUTH_SUCCESS,C175
666,71,U217,1.0,LOG,AUTH_SUCCESS,C294
667,71,U212,1.0,LOG,AUTH_SUCCESS,C295
668,71,U212,1.0,LOG,AUTH_SUCCESS,C280
669,71,U212,1.0,LOG,AUTH_SUCCESS,C287
670,71,U213,1.0,LOG,AUTH_SUCCESS,C288
671,71,U207,1.0,LOG,AUTH_SUCCESS,C234
672,71,U207,1.0,LOG,AUTH_SUCCESS,C279
673,71,U6,1.0,LOG,AUTH_SUCCESS,C7
674,71,U218,1.0,LOG,AUTH_SUCCESS,C219
675,71,U218,1.0,LOG,AUTH_SUCCESS,C296
676,71,U215,1.0,LOG,AUTH_SUCCESS,C150
677,71,U215,1.0,LOG,AUTH_SUCCESS,C290
678,71,U219,1.0,LOG,AUTH_SUCCESS,C297
679,71,U220,1.0,LOG,AUTH_SUCCESS,C298
680,71,U221,1.0,LOG,AUTH_SUCCESS,C299
681,71,U29,1.0,LOG,AUTH_SUCCESS,C300
682,71,U29,1.0,LOG,AUTH_SUCCESS,C30
683,71,U209,1.0,LOG,AUTH_SUCCESS,C284
684,72,U222,1.0,LOG,AUTH_SUCCESS,C301
685,72,U222,1.0,LOG,AUTH_SUCCESS,C146
686,72,U223,1.0,LOG,AUTH_SUCCESS,C148
687,72,U223,1.0,LOG,AUTH_SUCCESS,C302
688,72,U217,1.0,LOG,AUTH_SUCCESS,C294
689,72,U224,1.0,LOG,AUTH_SUCCESS,C303
690,72,U208,1.0,LOG,AUTH_SUCCESS,C151
691,72,U208,1.0,LOG,AUTH_SUCCESS,C283
692,72,U6,1.0,LOG,AUTH_SUCCESS,C7
693,72,U6,1.0,LOG,AUTH_SUCCESS,C148
694,72,U225,1.0,LOG,AUTH_SUCCESS,C304
695,72,U225,1.0,LOG,AUTH_SUCCESS,C305
696,72,U226,1.0,LOG,AUTH_SUCCESS,C151
697,72,U226,1.0,LOG,AUTH_SUCCESS,C306
698,72,U141,1.0,LOG,AUTH_SUCCESS,C307
699,72,U141,1.0,LOG,AUTH_SUCCESS,C191
700,72,U124,1.0,LOG,AUTH_SUCCESS,C192
701,72,U219,1.0,LOG,AUTH_SUCCESS,C297
702,72,U220,1.0,LOG,AUTH_SUCCESS,C298
703,72,U173,1.0,LOG,AUTH_SUCCESS,C233
704,72,U227,1.0,LOG,AUTH_SUCCESS,C308
705,72,U227,1.0,LOG,AUTH_SUCCESS,C148
706,72,U9,1.0,LOG,AUTH_SUCCESS,C10
707,72,U9,1.0,LOG,AUTH_SUCCESS,C151
708,72,U13,1.0,LOG,AUTH_SUCCESS,C172
709,72,U13,1.0,LOG,AUTH_SUCCESS,C309
710,72,U60,1.0,LOG,AUTH_SUCCESS,C213
711,72,U60,1.0,LOG,AUTH_SUCCESS,C157
712,72,U12,1.0,LOG,AUTH_SUCCESS,C13
713,72,U159,1.0,LOG,AUTH_SUCCESS,C160
714,72,U97,1.0,LOG,AUTH_SUCCESS,C161
715,72,U179,1.0,LOG,AUTH_SUCCESS,C175
716,73,U222,1.0,LOG,AUTH_SUCCESS,C310
717,73,U228,1.0,LOG,AUTH_SUCCESS,C311
718,73,U217,1.0,LOG,AUTH_SUCCESS,C294
719,73,U198,1.0,LOG,AUTH_SUCCESS,C271
720,73,U198,1.0,LOG,AUTH_SUCCESS,C134
721,73,U6,1.0,LOG,AUTH_SUCCESS,C7
722,73,U124,1.0,LOG,AUTH_SUCCESS,C192
723,73,U9,1.0,LOG,AUTH_SUCCESS,C10
724,73,U77,1.0,LOG,AUTH_SUCCESS,C234
725,73,U77,1.0,LOG,AUTH_SUCCESS,C78
726,73,U13,1.0,LOG,AUTH_SUCCESS,C309
727,73,U12,1.0,LOG,AUTH_SUCCESS,C312
728,73,U12,1.0,LOG,AUTH_SUCCESS,C237
729,73,U12,1.0,LOG,AUTH_SUCCESS,C186
730,73,U12,1.0,LOG,AUTH_SUCCESS,C313
731,73,U12,1.0,LOG,AUTH_SUCCESS,C13
732,73,U128,1.0,LOG,AUTH_SUCCESS,C167
733,73,U128,1.0,LOG,AUTH_SUCCESS,C176
734,74,U222,1.0,LOG,AUTH_SUCCESS,C301
735,74,U229,1.0,LOG,AUTH_SUCCESS,C314
736,74,U230,1.0,LOG,AUTH_SUCCESS,C315
737,74,U231,1.0,LOG,AUTH_SUCCESS,C316
738,74,U231,1.0,LOG,AUTH_SUCCESS,C317
739,74,U232,1.0,LOG,AUTH_SUCCESS,C318
740,74,U124,1.0,LOG,AUTH_SUCCESS,C192
741,74,U124,1.0,LOG,AUTH_SUCCESS,C168
742,74,U233,1.0,LOG,AUTH_SUCCESS,C319
743,74,U234,1.0,LOG,AUTH_SUCCESS,C108
744,74,U13,1.0,LOG,AUTH_SUCCESS,C172
745,74,U13,1.0,LOG,AUTH_SUCCESS,C14
746,74,U60,1.0,LOG,AUTH_SUCCESS,C173
747,74,U105,1.0,LOG,AUTH_SUCCESS,C160
748,74,U156,1.0,LOG,AUTH_SUCCESS,C161
749,74,U97,1.0,LOG,AUTH_SUCCESS,C161
750,75,U235,1.0,LOG,AUTH_SUCCESS,C219
751,75,U235,1.0,LOG,AUTH_SUCCESS,C320
752,75,U229,1.0,LOG,AUTH_SUCCESS,C314
753,75,U230,1.0,LOG,AUTH_SUCCESS,C315
754,75,U236,1.0,LOG,AUTH_SUCCESS,C321
755,75,U232,1.0,LOG,AUTH_SUCCESS,C318
756,75,U14,1.0,LOG,AUTH_SUCCESS,C219
757,75,U14,1.0,LOG,AUTH_SUCCESS,C15
758,75,U124,1.0,LOG,AUTH_SUCCESS,C192
759,75,U220,1.0,LOG,AUTH_SUCCESS,C134
760,75,U220,1.0,LOG,AUTH_SUCCESS,C298
761,75,U220,1.0,LOG,AUTH_SUCCESS,C200
762,75,U237,1.0,LOG,AUTH_SUCCESS,C322
763,75,U48,1.0,LOG,AUTH_SUCCESS,C281
764,75,U116,1.0,LOG,AUTH_SUCCESS,C155
765,75,U127,1.0,LOG,AUTH_SUCCESS,C155
766,75,U238,1.0,LOG,AUTH_SUCCESS,C323
767,75,U13,1.0,LOG,AUTH_SUCCESS,C172
768,75,U13,1.0,LOG,AUTH_SUCCESS,C14
769,75,U12,1.0,LOG,AUTH_SUCCESS,C324
770,75,U12,1.0,LOG,AUTH_SUCCESS,C252
771,75,U95,1.0,LOG,AUTH_SUCCESS,C154
772,75,U184,1.0,LOG,AUTH_SUCCESS,C154
773,75,U105,1.0,LOG,AUTH_SUCCESS,C160
774,76,U239,1.0,LOG,AUTH_SUCCESS,C325
775,76,U63,1.0,LOG,AUTH_SUCCESS,C68
776,76,U124,1.0,LOG,AUTH_SUCCESS,C192
777,76,U124,1.0,LOG,AUTH_SUCCESS,C168
778,76,U240,1.0,LOG,AUTH_SUCCESS,C326
779,76,U48,1.0,LOG,AUTH_SUCCESS,C281
780,76,U209,1.0,LOG,AUTH_SUCCESS,C284
781,76,U204,1.0,LOG,AUTH_SUCCESS,C154
782,76,U156,1.0,LOG,AUTH_SUCCESS,C161
783,76,U97,1.0,LOG,AUTH_SUCCESS,C161
784,77,U241,1.0,LOG,AUTH_SUCCESS,C327
785,77,U242,1.0,LOG,AUTH_SUCCESS,C328
786,77,U243,1.0,LOG,AUTH_SUCCESS,C329
787,77,U220,1.0,LOG,AUTH_SUCCESS,C298
788,77,U220,1.0,LOG,AUTH_SUCCESS,C200
789,77,U240,1.0,LOG,AUTH_SUCCESS,C326
790,77,U244,1.0,LOG,AUTH_SUCCESS,C219
791,77,U244,1.0,LOG,AUTH_SUCCESS,C330
792,77,U245,1.0,LOG,AUTH_SUCCESS,C331
793,77,U245,1.0,LOG,AUTH_SUCCESS,C150
794,77,U116,1.0,LOG,AUTH_SUCCESS,C155
795,77,U127,1.0,LOG,AUTH_SUCCESS,C155
796,77,U12,1.0,LOG,AUTH_SUCCESS,C54
797,77,U105,1.0,LOG,AUTH_SUCCESS,C160
798,78,U241,1.0,LOG,AUTH_SUCCESS,C327
799,78,U242,1.0,LOG,AUTH_SUCCESS,C328
800,78,U246,1.0,LOG,AUTH_SUCCESS,C332
801,78,U247,1.0,LOG,AUTH_SUCCESS,C333
802,78,U248,1.0,LOG,AUTH_SUCCESS,C334
803,78,U200,1.0,LOG,AUTH_SUCCESS,C273
804,78,U243,1.0,LOG,AUTH_SUCCESS,C329
805,78,U19,1.0,LOG,AUTH_SUCCESS,C20
806,78,U220,1.0,LOG,AUTH_SUCCESS,C134
807,78,U220,1.0,LOG,AUTH_SUCCESS,C298
808,78,U237,1.0,LOG,AUTH_SUCCESS,C134
809,78,U237,1.0,LOG,AUTH_SUCCESS,C322
810,78,U245,1.0,LOG,AUTH_SUCCESS,C331
811,78,U48,1.0,LOG,AUTH_SUCCESS,C292
812,78,U12,1.0,LOG,AUTH_SUCCESS,C335
813,78,U12,1.0,LOG,AUTH_SUCCESS,C54
814,78,U159,1.0,LOG,AUTH_SUCCESS,C160
815,78,U156,1.0,LOG,AUTH_SUCCESS,C161
816,78,U97,1.0,LOG,AUTH_SUCCESS,C161
817,78,U128,1.0,LOG,AUTH_SUCCESS,C167
818,78,U128,1.0,LOG,AUTH_SUCCESS,C176
819,79,U246,1.0,LOG,AUTH_SUCCESS,C332
820,79,U249,1.0,LOG,AUTH_SUCCESS,C336
821,79,U248,1.0,LOG,AUTH_SUCCESS,C334
822,79,U208,1.0,LOG,AUTH_SUCCESS,C283
823,79,U250,1.0,LOG,AUTH_SUCCESS,C337
824,79,U63,1.0,LOG,AUTH_SUCCESS,C234
825,79,U63,1.0,LOG,AUTH_SUCCESS,C68
826,79,U19,1.0,LOG,AUTH_SUCCESS,C20
827,79,U159,1.0,LOG,AUTH_SUCCESS,C160
828,80,U251,1.0,LOG,AUTH_SUCCESS,C338
829,80,U246,1.0,LOG,AUTH_SUCCESS,C332
830,80,U249,1.0,LOG,AUTH_SUCCESS,C336
831,80,U252,1.0,LOG,AUTH_SUCCESS,C339
832,80,U252,1.0,LOG,AUTH_SUCCESS,C225
833,80,U250,1.0,LOG,AUTH_SUCCESS,C337
834,80,U120,1.0,LOG,AUTH_SUCCESS,C164
835,80,U120,1.0,LOG,AUTH_SUCCESS,C148
836,80,U253,1.0,LOG,AUTH_SUCCESS,C340
837,80,U19,1.0,LOG,AUTH_SUCCESS,C20
838,80,U254,1.0,LOG,AUTH_SUCCESS,C341
839,80,U13,1.0,LOG,AUTH_SUCCESS,C172
840,80,U12,1.0,LOG,AUTH_SUCCESS,C342
841,80,U12,1.0,LOG,AUTH_SUCCESS,C343
842,80,U156,1.0,LOG,AUTH_SUCCESS,C161
843,80,U97,1.0,LOG,AUTH_SUCCESS,C161
844,81,U251,1.0,LOG,AUTH_SUCCESS,C338
845,81,U246,1.0,LOG,AUTH_SUCCESS,C332
846,81,U246,1.0,LOG,AUTH_SUCCESS,C192
847,81,U255,1.0,LOG,AUTH_SUCCESS,C344
848,81,U249,1.0,LOG,AUTH_SUCCESS,C336
849,81,U253,1.0,LOG,AUTH_SUCCESS,C340
850,81,U256,1.0,LOG,AUTH_SUCCESS,C345
851,81,U257,1.0,LOG,AUTH_SUCCESS,C346
852,81,U258,1.0,LOG,AUTH_SUCCESS,C347
853,81,U254,1.0,LOG,AUTH_SUCCESS,C341
854,81,U259,1.0,LOG,AUTH_SUCCESS,C348
855,81,U260,1.0,LOG,AUTH_SUCCESS,C349
856,81,U48,1.0,LOG,AUTH_SUCCESS,C171
857,81,U13,1.0,LOG,AUTH_SUCCESS,C32
858,81,U60,1.0,LOG,AUTH_SUCCESS,C173
859,81,U12,1.0,LOG,AUTH_SUCCESS,C350
860,81,U12,1.0,LOG,AUTH_SUCCESS,C351
861,81,U159,1.0,LOG,AUTH_SUCCESS,C160
862,82,U113,1.0,LOG,AUTH_SUCCESS,C147
863,82,U113,1.0,LOG,AUTH_SUCCESS,C148
864,82,U246,1.0,LOG,AUTH_SUCCESS,C332
865,82,U246,1.0,LOG,AUTH_SUCCESS,C200
866,82,U255,1.0,LOG,AUTH_SUCCESS,C344
867,82,U16,1.0,LOG,AUTH_SUCCESS,C148
868,82,U16,1.0,LOG,AUTH_SUCCESS,C17
869,82,U18,1.0,LOG,AUTH_SUCCESS,C200
870,82,U18,1.0,LOG,AUTH_SUCCESS,C19
871,82,U68,1.0,LOG,AUTH_SUCCESS,C71
872,82,U206,1.0,LOG,AUTH_SUCCESS,C278
873,82,U253,1.0,LOG,AUTH_SUCCESS,C340
874,82,U256,1.0,LOG,AUTH_SUCCESS,C345
875,82,U21,1.0,LOG,AUTH_SUCCESS,C22
876,82,U114,1.0,LOG,AUTH_SUCCESS,C149
877,82,U114,1.0,LOG,AUTH_SUCCESS,C148
878,82,U258,1.0,LOG,AUTH_SUCCESS,C347
879,82,U258,1.0,LOG,AUTH_SUCCESS,C120
880,82,U258,1.0,LOG,AUTH_SUCCESS,C151
881,82,U258,1.0,LOG,AUTH_SUCCESS,C200
882,82,U261,1.0,LOG,AUTH_SUCCESS,C200
883,82,U261,1.0,LOG,AUTH_SUCCESS,C352
884,82,U262,1.0,LOG,AUTH_SUCCESS,C96
885,82,U254,1.0,LOG,AUTH_SUCCESS,C341
886,82,U115,1.0,LOG,AUTH_SUCCESS,C148
887,82,U115,1.0,LOG,AUTH_SUCCESS,C152
888,82,U77,1.0,LOG,AUTH_SUCCESS,C78
889,82,U259,1.0,LOG,AUTH_SUCCESS,C348
890,82,U260,1.0,LOG,AUTH_SUCCESS,C349
891,82,U263,1.0,LOG,AUTH_SUCCESS,C353
892,82,U13,1.0,LOG,AUTH_SUCCESS,C14
893,82,U84,1.0,LOG,AUTH_SUCCESS,C87
894,82,U84,1.0,LOG,AUTH_SUCCESS,C90
895,82,U93,1.0,LOG,AUTH_SUCCESS,C106
896,82,U105,1.0,LOG,AUTH_SUCCESS,C160
897,82,U156,1.0,LOG,AUTH_SUCCESS,C161
898,83,U264,1.0,LOG,AUTH_SUCCESS,C354
899,83,U255,1.0,LOG,AUTH_SUCCESS,C344
900,83,U16,1.0,LOG,AUTH_SUCCESS,C17
901,83,U68,1.0,LOG,AUTH_SUCCESS,C71
902,83,U63,1.0,LOG,AUTH_SUCCESS,C234
903,83,U63,1.0,LOG,AUTH_SUCCESS,C68
904,83,U206,1.0,LOG,AUTH_SUCCESS,C278
905,83,U21,1.0,LOG,AUTH_SUCCESS,C22
906,83,U265,1.0,LOG,AUTH_SUCCESS,C355
907,83,U266,1.0,LOG,AUTH_SUCCESS,C356
908,83,U258,1.0,LOG,AUTH_SUCCESS,C347
909,83,U262,1.0,LOG,AUTH_SUCCESS,C96
910,83,U48,1.0,LOG,AUTH_SUCCESS,C171
911,83,U13,1.0,LOG,AUTH_SUCCESS,C14
912,83,U84,1.0,LOG,AUTH_SUCCESS,C87
913,83,U84,1.0,LOG,AUTH_SUCCESS,C88
914,83,U84,1.0,LOG,AUTH_SUCCESS,C90
915,83,U93,1.0,LOG,AUTH_SUCCESS,C155
916,83,U93,1.0,LOG,AUTH_SUCCESS,C106
917,83,U184,1.0,LOG,AUTH_SUCCESS,C154
918,83,U159,1.0,LOG,AUTH_SUCCESS,C160
919,83,U128,1.0,LOG,AUTH_SUCCESS,C167
920,83,U128,1.0,LOG,AUTH_SUCCESS,C176
921,84,U267,1.0,LOG,AUTH_SUCCESS,C357
922,84,U130,1.0,LOG,AUTH_SUCCESS,C179
923,84,U130,1.0,LOG,AUTH_SUCCESS,C148
924,84,U268,1.0,LOG,AUTH_SUCCESS,C358
925,84,U264,1.0,LOG,AUTH_SUCCESS,C354
926,84,U269,1.0,LOG,AUTH_SUCCESS,C359
927,84,U270,1.0,LOG,AUTH_SUCCESS,C360
928,84,U16,1.0,LOG,AUTH_SUCCESS,C148
929,84,U16,1.0,LOG,AUTH_SUCCESS,C17
930,84,U132,1.0,LOG,AUTH_SUCCESS,C181
931,84,U132,1.0,LOG,AUTH_SUCCESS,C148
932,84,U271,1.0,LOG,AUTH_SUCCESS,C361
933,84,U265,1.0,LOG,AUTH_SUCCESS,C355
934,84,U266,1.0,LOG,AUTH_SUCCESS,C356
935,84,U258,1.0,LOG,AUTH_SUCCESS,C347
936,84,U258,1.0,LOG,AUTH_SUCCESS,C151
937,84,U258,1.0,LOG,AUTH_SUCCESS,C200
938,84,U28,1.0,LOG,AUTH_SUCCESS,C29
939,84,U83,1.0,LOG,AUTH_SUCCESS,C85
940,84,U84,1.0,LOG,AUTH_SUCCESS,C86
941,84,U60,1.0,LOG,AUTH_SUCCESS,C108
942,84,U12,1.0,LOG,AUTH_SUCCESS,C158
943,84,U184,1.0,LOG,AUTH_SUCCESS,C154
944,84,U156,1.0,LOG,AUTH_SUCCESS,C161
945,84,U97,1.0,LOG,AUTH_SUCCESS,C161
946,84,U46,1.0,LOG,AUTH_SUCCESS,C154
947,84,U67,1.0,LOG,AUTH_SUCCESS,C49
948,85,U268,1.0,LOG,AUTH_SUCCESS,C358
949,85,U264,1.0,LOG,AUTH_SUCCESS,C354
950,85,U264,1.0,LOG,AUTH_SUCCESS,C261
951,85,U270,1.0,LOG,AUTH_SUCCESS,C360
952,85,U16,1.0,LOG,AUTH_SUCCESS,C17
953,85,U271,1.0,LOG,AUTH_SUCCESS,C361
954,85,U28,1.0,LOG,AUTH_SUCCESS,C29
955,85,U272,1.0,LOG,AUTH_SUCCESS,C362
956,85,U272,1.0,LOG,AUTH_SUCCESS,C150
957,85,U273,1.0,LOG,AUTH_SUCCESS,C363
958,85,U77,1.0,LOG,AUTH_SUCCESS,C234
959,85,U77,1.0,LOG,AUTH_SUCCESS,C78
960,85,U84,1.0,LOG,AUTH_SUCCESS,C86
961,85,U84,1.0,LOG,AUTH_SUCCESS,C88
962,85,U12,1.0,LOG,AUTH_SUCCESS,C364
963,85,U12,1.0,LOG,AUTH_SUCCESS,C13
964,85,U12,1.0,LOG,AUTH_SUCCESS,C159
965,85,U12,1.0,LOG,AUTH_SUCCESS,C365
966,85,U184,1.0,LOG,AUTH_SUCCESS,C154
967,85,U97,1.0,LOG,AUTH_SUCCESS,C116
968,85,U67,1.0,LOG,AUTH_SUCCESS,C154
969,85,U67,1.0,LOG,AUTH_SUCCESS,C49
970,86,U267,1.0,LOG,AUTH_SUCCESS,C357
971,86,U268,1.0,LOG,AUTH_SUCCESS,C150
972,86,U268,1.0,LOG,AUTH_SUCCESS,C358
973,86,U160,1.0,LOG,AUTH_SUCCESS,C216
974,86,U162,1.0,LOG,AUTH_SUCCESS,C218
975,86,U274,1.0,LOG,AUTH_SUCCESS,C366
976,86,U271,1.0,LOG,AUTH_SUCCESS,C361
977,86,U275,1.0,LOG,AUTH_SUCCESS,C367
978,86,U275,1.0,LOG,AUTH_SUCCESS,C368
979,86,U276,1.0,LOG,AUTH_SUCCESS,C369
980,86,U4,1.0,LOG,AUTH_SUCCESS,C5
981,86,U277,1.0,LOG,AUTH_SUCCESS,C370
982,86,U153,1.0,LOG,AUTH_SUCCESS,C207
983,86,U153,1.0,LOG,AUTH_SUCCESS,C148
984,86,U278,1.0,LOG,AUTH_SUCCESS,C371
985,86,U273,1.0,LOG,AUTH_SUCCESS,C363
986,86,U154,1.0,LOG,AUTH_SUCCESS,C208
987,86,U154,1.0,LOG,AUTH_SUCCESS,C148
988,86,U83,1.0,LOG,AUTH_SUCCESS,C161
989,86,U84,1.0,LOG,AUTH_SUCCESS,C89
990,86,U84,1.0,LOG,AUTH_SUCCESS,C91
991,86,U84,1.0,LOG,AUTH_SUCCESS,C92
992,86,U60,1.0,LOG,AUTH_SUCCESS,C173
993,86,U12,1.0,LOG,AUTH_SUCCESS,C372
994,86,U12,1.0,LOG,AUTH_SUCCESS,C13
995,86,U184,1.0,LOG,AUTH_SUCCESS,C154
996,86,U156,1.0,LOG,AUTH_SUCCESS,C161
997,86,U97,1.0,LOG,AUTH_SUCCESS,C161
998,86,U179,1.0,LOG,AUTH_SUCCESS,C175
999,87,U279,1.0,LOG,AUTH_SUCCESS,C373
1000,87,U280,1.0,LOG,AUTH_SUCCESS,C374
1001,87,U280,1.0,LOG,AUTH_SUCCESS,C151
1002,87,U160,1.0,LOG,AUTH_SUCCESS,C216
1003,87,U281,1.0,LOG,AUTH_SUCCESS,C375
1004,87,U282,1.0,LOG,AUTH_SUCCESS,C376
1005,87,U269,1.0,LOG,AUTH_SUCCESS,C359
1006,87,U269,1.0,LOG,AUTH_SUCCESS,C151
1007,87,U269,1.0,LOG,AUTH_SUCCESS,C200
1008,87,U283,1.0,LOG,AUTH_SUCCESS,C377
1009,87,U283,1.0,LOG,AUTH_SUCCESS,C378
1010,87,U274,1.0,LOG,AUTH_SUCCESS,C366
1011,87,U276,1.0,LOG,AUTH_SUCCESS,C369
1012,87,U284,1.0,LOG,AUTH_SUCCESS,C379
1013,87,U4,1.0,LOG,AUTH_SUCCESS,C5
1014,87,U285,1.0,LOG,AUTH_SUCCESS,C380
1015,87,U285,1.0,LOG,AUTH_SUCCESS,C151
1016,87,U258,1.0,LOG,AUTH_SUCCESS,C347
1017,87,U258,1.0,LOG,AUTH_SUCCESS,C200
1018,87,U278,1.0,LOG,AUTH_SUCCESS,C371
1019,87,U84,1.0,LOG,AUTH_SUCCESS,C88
1020,87,U84,1.0,LOG,AUTH_SUCCESS,C89
1021,87,U84,1.0,LOG,AUTH_SUCCESS,C91
1022,87,U84,1.0,LOG,AUTH_SUCCESS,C92
1023,87,U85,1.0,LOG,AUTH_SUCCESS,C245
1024,87,U85,1.0,LOG,AUTH_SUCCESS,C127
1025,87,U12,1.0,LOG,AUTH_SUCCESS,C236
1026,87,U12,1.0,LOG,AUTH_SUCCESS,C381
1027,87,U12,1.0,LOG,AUTH_SUCCESS,C13
1028,88,U242,1.0,LOG,AUTH_SUCCESS,C134
1029,88,U242,1.0,LOG,AUTH_SUCCESS,C328
1030,88,U246,1.0,LOG,AUTH_SUCCESS,C332
1031,88,U246,1.0,LOG,AUTH_SUCCESS,C134
1032,88,U30,1.0,LOG,AUTH_SUCCESS,C31
1033,88,U239,1.0,LOG,AUTH_SUCCESS,C134
1034,88,U239,1.0,LOG,AUTH_SUCCESS,C325
1035,88,U4,1.0,LOG,AUTH_SUCCESS,C150
1036,88,U4,1.0,LOG,AUTH_SUCCESS,C5
1037,88,U29,1.0,LOG,AUTH_SUCCESS,C30
1038,88,U84,1.0,LOG,AUTH_SUCCESS,C105
1039,88,U204,1.0,LOG,AUTH_SUCCESS,C154
1040,88,U95,1.0,LOG,AUTH_SUCCESS,C154
1041,88,U156,1.0,LOG,AUTH_SUCCESS,C161
1042,88,U97,1.0,LOG,AUTH_SUCCESS,C161
1043,88,U179,1.0,LOG,AUTH_SUCCESS,C175
1044,88,U128,1.0,LOG,AUTH_SUCCESS,C167
1045,88,U128,1.0,LOG,AUTH_SUCCESS,C176
1046,88,U169,1.0,LOG,AUTH_SUCCESS,C238
1047,89,U281,1.0,LOG,AUTH_SUCCESS,C234
1048,89,U281,1.0,LOG,AUTH_SUCCESS,C375
1049,89,U282,1.0,LOG,AUTH_SUCCESS,C134
1050,89,U282,1.0,LOG,AUTH_SUCCESS,C376
1051,89,U286,1.0,LOG,AUTH_SUCCESS,C382
1052,89,U271,1.0,LOG,AUTH_SUCCESS,C134
1053,89,U271,1.0,LOG,AUTH_SUCCESS,C361
1054,89,U30,1.0,LOG,AUTH_SUCCESS,C31
1055,89,U287,1.0,LOG,AUTH_SUCCESS,C383
1056,89,U288,1.0,LOG,AUTH_SUCCESS,C384
1057,89,U289,1.0,LOG,AUTH_SUCCESS,C385
1058,89,U163,1.0,LOG,AUTH_SUCCESS,C219
1059,89,U163,1.0,LOG,AUTH_SUCCESS,C220
1060,89,U290,1.0,LOG,AUTH_SUCCESS,C386
1061,89,U29,1.0,LOG,AUTH_SUCCESS,C30
1062,89,U13,1.0,LOG,AUTH_SUCCESS,C309
1063,89,U13,1.0,LOG,AUTH_SUCCESS,C282
1064,89,U13,1.0,LOG,AUTH_SUCCESS,C209
1065,89,U84,1.0,LOG,AUTH_SUCCESS,C88
1066,89,U84,1.0,LOG,AUTH_SUCCESS,C105
1067,89,U60,1.0,LOG,AUTH_SUCCESS,C65
1068,89,U12,1.0,LOG,AUTH_SUCCESS,C53
1069,89,U12,1.0,LOG,AUTH_SUCCESS,C13
1070,90,U231,1.0,LOG,AUTH_SUCCESS,C316
1071,90,U231,1.0,LOG,AUTH_SUCCESS,C317
1072,90,U30,1.0,LOG,AUTH_SUCCESS,C150
1073,90,U30,1.0,LOG,AUTH_SUCCESS,C31
1074,90,U291,1.0,LOG,AUTH_SUCCESS,C238
1075,90,U288,1.0,LOG,AUTH_SUCCESS,C384
1076,90,U39,1.0,LOG,AUTH_SUCCESS,C41
1077,90,U167,1.0,LOG,AUTH_SUCCESS,C225
1078,90,U167,1.0,LOG,AUTH_SUCCESS,C226
1079,90,U292,1.0,LOG,AUTH_SUCCESS,C387
1080,90,U29,1.0,LOG,AUTH_SUCCESS,C30
1081,90,U155,1.0,LOG,AUTH_SUCCESS,C161
1082,90,U13,1.0,LOG,AUTH_SUCCESS,C309
1083,90,U13,1.0,LOG,AUTH_SUCCESS,C282
1084,90,U13,1.0,LOG,AUTH_SUCCESS,C32
1085,90,U13,1.0,LOG,AUTH_SUCCESS,C42
1086,90,U60,1.0,LOG,AUTH_SUCCESS,C213
1087,90,U60,1.0,LOG,AUTH_SUCCESS,C157
1088,90,U12,1.0,LOG,AUTH_SUCCESS,C372
1089,90,U12,1.0,LOG,AUTH_SUCCESS,C13
1090,90,U159,1.0,LOG,AUTH_SUCCESS,C160
1091,90,U156,1.0,LOG,AUTH_SUCCESS,C161
1092,90,U97,1.0,LOG,AUTH_SUCCESS,C161
1093,90,U179,1.0,LOG,AUTH_SUCCESS,C175
1094,91,U170,1.0,LOG,AUTH_SUCCESS,C229
1095,91,U293,1.0,LOG,AUTH_SUCCESS,C388
1096,91,U293,1.0,LOG,AUTH_SUCCESS,C389
1097,91,U294,1.0,LOG,AUTH_SUCCESS,C390
1098,91,U294,1.0,LOG,AUTH_SUCCESS,C151
1099,91,U294,1.0,LOG,AUTH_SUCCESS,C200
1100,91,U287,1.0,LOG,AUTH_SUCCESS,C383
1101,91,U295,1.0,LOG,AUTH_SUCCESS,C391
1102,91,U296,1.0,LOG,AUTH_SUCCESS,C392
1103,91,U39,1.0,LOG,AUTH_SUCCESS,C41
1104,91,U29,1.0,LOG,AUTH_SUCCESS,C30
1105,91,U13,1.0,LOG,AUTH_SUCCESS,C32
1106,91,U13,1.0,LOG,AUTH_SUCCESS,C42
1107,92,U130,1.0,LOG,AUTH_SUCCESS,C179
1108,92,U130,1.0,LOG,AUTH_SUCCESS,C239
1109,92,U294,1.0,LOG,AUTH_SUCCESS,C390
1110,92,U294,1.0,LOG,AUTH_SUCCESS,C151
1111,92,U297,1.0,LOG,AUTH_SUCCESS,C393
1112,92,U297,1.0,LOG,AUTH_SUCCESS,C394
1113,92,U298,1.0,LOG,AUTH_SUCCESS,C151
1114,92,U298,1.0,LOG,AUTH_SUCCESS,C395
1115,92,U299,1.0,LOG,AUTH_SUCCESS,C396
1116,92,U300,1.0,LOG,AUTH_SUCCESS,C397
1117,92,U286,1.0,LOG,AUTH_SUCCESS,C151
1118,92,U286,1.0,LOG,AUTH_SUCCESS,C382
1119,92,U177,1.0,LOG,AUTH_SUCCESS,C242
1120,92,U177,1.0,LOG,AUTH_SUCCESS,C148
1121,92,U301,1.0,LOG,AUTH_SUCCESS,C398
1122,92,U295,1.0,LOG,AUTH_SUCCESS,C391
1123,92,U120,1.0,LOG,AUTH_SUCCESS,C164
1124,92,U120,1.0,LOG,AUTH_SUCCESS,C239
1125,92,U302,1.0,LOG,AUTH_SUCCESS,C399
1126,92,U296,1.0,LOG,AUTH_SUCCESS,C392
1127,92,U303,1.0,LOG,AUTH_SUCCESS,C400
1128,92,U153,1.0,LOG,AUTH_SUCCESS,C207
1129,92,U153,1.0,LOG,AUTH_SUCCESS,C239
1130,92,U127,1.0,LOG,AUTH_SUCCESS,C155
1131,92,U13,1.0,LOG,AUTH_SUCCESS,C42
1132,92,U60,1.0,LOG,AUTH_SUCCESS,C173
1133,92,U12,1.0,LOG,AUTH_SUCCESS,C401
1134,92,U12,1.0,LOG,AUTH_SUCCESS,C107
1135,92,U156,1.0,LOG,AUTH_SUCCESS,C161
1136,92,U179,1.0,LOG,AUTH_SUCCESS,C175
1137,93,U294,1.0,LOG,AUTH_SUCCESS,C390
1138,93,U282,1.0,LOG,AUTH_SUCCESS,C134
1139,93,U282,1.0,LOG,AUTH_SUCCESS,C376
1140,93,U299,1.0,LOG,AUTH_SUCCESS,C396
1141,93,U301,1.0,LOG,AUTH_SUCCESS,C398
1142,93,U304,1.0,LOG,AUTH_SUCCESS,C402
1143,93,U295,1.0,LOG,AUTH_SUCCESS,C391
1144,93,U302,1.0,LOG,AUTH_SUCCESS,C399
1145,93,U296,1.0,LOG,AUTH_SUCCESS,C392
1146,93,U305,1.0,LOG,AUTH_SUCCESS,C403
1147,93,U183,1.0,LOG,AUTH_SUCCESS,C250
1148,93,U116,1.0,LOG,AUTH_SUCCESS,C155
1149,93,U127,1.0,LOG,AUTH_SUCCESS,C155
1150,93,U12,1.0,LOG,AUTH_SUCCESS,C252
1151,93,U184,1.0,LOG,AUTH_SUCCESS,C154
1152,93,U128,1.0,LOG,AUTH_SUCCESS,C167
1153,93,U128,1.0,LOG,AUTH_SUCCESS,C176
1154,93,U46,1.0,LOG,AUTH_SUCCESS,C49
1155,94,U306,1.0,LOG,AUTH_SUCCESS,C404
1156,94,U306,1.0,LOG,AUTH_SUCCESS,C405
1157,94,U306,1.0,LOG,AUTH_SUCCESS,C406
1158,94,U306,1.0,LOG,AUTH_SUCCESS,C407
1159,94,U47,1.0,LOG,AUTH_SUCCESS,C50
1160,94,U186,1.0,LOG,AUTH_SUCCESS,C254
1161,94,U186,1.0,LOG,AUTH_SUCCESS,C148
1162,94,U302,1.0,LOG,AUTH_SUCCESS,C399
1163,94,U307,1.0,LOG,AUTH_SUCCESS,C408
1164,94,U307,1.0,LOG,AUTH_SUCCESS,C409
1165,94,U193,1.0,LOG,AUTH_SUCCESS,C260
1166,94,U182,1.0,LOG,AUTH_SUCCESS,C248
1167,94,U182,1.0,LOG,AUTH_SUCCESS,C249
1168,94,U305,1.0,LOG,AUTH_SUCCESS,C403
1169,94,U77,1.0,LOG,AUTH_SUCCESS,C78
1170,94,U183,1.0,LOG,AUTH_SUCCESS,C250
1171,94,U188,1.0,LOG,AUTH_SUCCESS,C148
1172,94,U188,1.0,LOG,AUTH_SUCCESS,C256
1173,94,U308,1.0,LOG,AUTH_SUCCESS,C410
1174,94,U127,1.0,LOG,AUTH_SUCCESS,C155
1175,94,U156,1.0,LOG,AUTH_SUCCESS,C161
1176,94,U97,1.0,LOG,AUTH_SUCCESS,C161
1177,94,U46,1.0,LOG,AUTH_SUCCESS,C154
1178,94,U46,1.0,LOG,AUTH_SUCCESS,C49
1179,95,U47,1.0,LOG,AUTH_SUCCESS,C50
1180,95,U309,1.0,LOG,AUTH_SUCCESS,C411
1181,95,U304,1.0,LOG,AUTH_SUCCESS,C402
1182,95,U310,1.0,LOG,AUTH_SUCCESS,C412
1183,95,U311,1.0,LOG,AUTH_SUCCESS,C413
1184,95,U311,1.0,LOG,AUTH_SUCCESS,C414
1185,95,U124,1.0,LOG,AUTH_SUCCESS,C192
1186,95,U116,1.0,LOG,AUTH_SUCCESS,C155
1187,95,U13,1.0,LOG,AUTH_SUCCESS,C209
1188,95,U12,1.0,LOG,AUTH_SUCCESS,C324
1189,95,U12,1.0,LOG,AUTH_SUCCESS,C415
1190,95,U12,1.0,LOG,AUTH_SUCCESS,C381
1191,95,U12,1.0,LOG,AUTH_SUCCESS,C162
1192,95,U95,1.0,LOG,AUTH_SUCCESS,C154
1193,96,U306,1.0,LOG,AUTH_SUCCESS,C416
1194,96,U306,1.0,LOG,AUTH_SUCCESS,C417
1195,96,U306,1.0,LOG,AUTH_SUCCESS,C407
1196,96,U309,1.0,LOG,AUTH_SUCCESS,C411
1197,96,U312,1.0,LOG,AUTH_SUCCESS,C418
1198,96,U311,1.0,LOG,AUTH_SUCCESS,C300
1199,96,U311,1.0,LOG,AUTH_SUCCESS,C413
1200,96,U313,1.0,LOG,AUTH_SUCCESS,C419
1201,96,U124,1.0,LOG,AUTH_SUCCESS,C192
1202,96,U124,1.0,LOG,AUTH_SUCCESS,C168
1203,96,U194,1.0,LOG,AUTH_SUCCESS,C268
1204,96,U194,1.0,LOG,AUTH_SUCCESS,C262
1205,96,U194,1.0,LOG,AUTH_SUCCESS,C263
1206,96,U197,1.0,LOG,AUTH_SUCCESS,C269
1207,96,U29,1.0,LOG,AUTH_SUCCESS,C300
1208,96,U29,1.0,LOG,AUTH_SUCCESS,C30
1209,96,U60,1.0,LOG,AUTH_SUCCESS,C65
1210,96,U12,1.0,LOG,AUTH_SUCCESS,C13
1211,96,U156,1.0,LOG,AUTH_SUCCESS,C161
1212,96,U97,1.0,LOG,AUTH_SUCCESS,C161
1213,97,U314,1.0,LOG,AUTH_SUCCESS,C420
1214,97,U315,1.0,LOG,AUTH_SUCCESS,C421
1215,97,U294,1.0,LOG,AUTH_SUCCESS,C390
1216,97,U294,1.0,LOG,AUTH_SUCCESS,C200
1217,97,U52,1.0,LOG,AUTH_SUCCESS,C57
1218,97,U316,1.0,LOG,AUTH_SUCCESS,C422
1219,97,U53,1.0,LOG,AUTH_SUCCESS,C58
1220,97,U317,1.0,LOG,AUTH_SUCCESS,C423
1221,97,U311,1.0,LOG,AUTH_SUCCESS,C413
1222,97,U318,1.0,LOG,AUTH_SUCCESS,C424
1223,97,U319,1.0,LOG,AUTH_SUCCESS,C425
1224,97,U319,1.0,LOG,AUTH_SUCCESS,C426
1225,97,U202,1.0,LOG,AUTH_SUCCESS,C239
1226,97,U202,1.0,LOG,AUTH_SUCCESS,C275
1227,97,U313,1.0,LOG,AUTH_SUCCESS,C419
1228,97,U194,1.0,LOG,AUTH_SUCCESS,C262
1229,97,U194,1.0,LOG,AUTH_SUCCESS,C263
1230,97,U197,1.0,LOG,AUTH_SUCCESS,C269
1231,97,U197,1.0,LOG,AUTH_SUCCESS,C280
1232,97,U77,1.0,LOG,AUTH_SUCCESS,C234
1233,97,U77,1.0,LOG,AUTH_SUCCESS,C78
1234,97,U188,1.0,LOG,AUTH_SUCCESS,C239
1235,97,U188,1.0,LOG,AUTH_SUCCESS,C256
1236,97,U60,1.0,LOG,AUTH_SUCCESS,C173
1237,97,U12,1.0,LOG,AUTH_SUCCESS,C401
1238,97,U12,1.0,LOG,AUTH_SUCCESS,C210
1239,97,U12,1.0,LOG,AUTH_SUCCESS,C427
1240,97,U12,1.0,LOG,AUTH_SUCCESS,C13
1241,97,U12,1.0,LOG,AUTH_SUCCESS,C428
1242,97,U105,1.0,LOG,AUTH_SUCCESS,C160
1243,98,U306,1.0,LOG,AUTH_SUCCESS,C210
1244,98,U306,1.0,LOG,AUTH_SUCCESS,C429
1245,98,U306,1.0,LOG,AUTH_SUCCESS,C407
1246,98,U52,1.0,LOG,AUTH_SUCCESS,C57
1247,98,U317,1.0,LOG,AUTH_SUCCESS,C423
1248,98,U202,1.0,LOG,AUTH_SUCCESS,C148
1249,98,U202,1.0,LOG,AUTH_SUCCESS,C275
1250,98,U12,1.0,LOG,AUTH_SUCCESS,C54
1251,98,U159,1.0,LOG,AUTH_SUCCESS,C160
1252,98,U156,1.0,LOG,AUTH_SUCCESS,C161
1253,98,U97,1.0,LOG,AUTH_SUCCESS,C161
1254,98,U128,1.0,LOG,AUTH_SUCCESS,C167
1255,98,U128,1.0,LOG,AUTH_SUCCESS,C176
1256,99,U314,1.0,LOG,AUTH_SUCCESS,C420
1257,99,U53,1.0,LOG,AUTH_SUCCESS,C58
1258,99,U320,1.0,LOG,AUTH_SUCCESS,C430
1259,99,U167,1.0,LOG,AUTH_SUCCESS,C226
1260,99,U313,1.0,LOG,AUTH_SUCCESS,C419
1261,99,U321,1.0,LOG,AUTH_SUCCESS,C82
1262,99,U321,1.0,LOG,AUTH_SUCCESS,C145
1263,99,U321,1.0,LOG,AUTH_SUCCESS,C146
1264,99,U216,1.0,LOG,AUTH_SUCCESS,C219
1265,99,U216,1.0,LOG,AUTH_SUCCESS,C291
1266,99,U85,1.0,LOG,AUTH_SUCCESS,C93
1267,99,U85,1.0,LOG,AUTH_SUCCESS,C127
1268,99,U12,1.0,LOG,AUTH_SUCCESS,C431
1269,99,U12,1.0,LOG,AUTH_SUCCESS,C54
1270,99,U159,1.0,LOG,AUTH_SUCCESS,C160
1271,100,U322,1.0,LOG,AUTH_SUCCESS,C432
1272,100,U212,1.0,LOG,AUTH_SUCCESS,C287
1273,100,U323,1.0,LOG,AUTH_SUCCESS,C433
1274,100,U320,1.0,LOG,AUTH_SUCCESS,C430
1275,100,U324,1.0,LOG,AUTH_SUCCESS,C434
1276,100,U214,1.0,LOG,AUTH_SUCCESS,C289
1277,100,U214,1.0,LOG,AUTH_SUCCESS,C148
1278,100,U167,1.0,LOG,AUTH_SUCCESS,C261
1279,100,U167,1.0,LOG,AUTH_SUCCESS,C226
1280,100,U325,1.0,LOG,AUTH_SUCCESS,C435
1281,100,U60,1.0,LOG,AUTH_SUCCESS,C65
1282,100,U12,1.0,LOG,AUTH_SUCCESS,C372
1283,100,U12,1.0,LOG,AUTH_SUCCESS,C54
1284,100,U156,1.0,LOG,AUTH_SUCCESS,C161
1285,100,U97,1.0,LOG,AUTH_SUCCESS,C161
1286,101,U326,1.0,LOG,AUTH_SUCCESS,C436
1287,101,U211,1.0,LOG,AUTH_SUCCESS,C248
1288,101,U211,1.0,LOG,AUTH_SUCCESS,C286
1289,101,U212,1.0,LOG,AUTH_SUCCESS,C295
1290,101,U212,1.0,LOG,AUTH_SUCCESS,C280
1291,101,U212,1.0,LOG,AUTH_SUCCESS,C287
1292,101,U307,1.0,LOG,AUTH_SUCCESS,C437
1293,101,U307,1.0,LOG,AUTH_SUCCESS,C408
1294,101,U320,1.0,LOG,AUTH_SUCCESS,C430
1295,101,U218,1.0,LOG,AUTH_SUCCESS,C219
1296,101,U218,1.0,LOG,AUTH_SUCCESS,C296
1297,101,U324,1.0,LOG,AUTH_SUCCESS,C434
1298,101,U327,1.0,LOG,AUTH_SUCCESS,C438
1299,101,U325,1.0,LOG,AUTH_SUCCESS,C435
1300,101,U328,1.0,LOG,AUTH_SUCCESS,C150
1301,101,U328,1.0,LOG,AUTH_SUCCESS,C439
1302,101,U329,1.0,LOG,AUTH_SUCCESS,C440
1303,101,U48,1.0,LOG,AUTH_SUCCESS,C292
1304,101,U13,1.0,LOG,AUTH_SUCCESS,C309
1305,101,U12,1.0,LOG,AUTH_SUCCESS,C13
1306,101,U159,1.0,LOG,AUTH_SUCCESS,C160
1307,102,U322,1.0,LOG,AUTH_SUCCESS,C432
1308,102,U326,1.0,LOG,AUTH_SUCCESS,C436
1309,102,U330,1.0,LOG,AUTH_SUCCESS,C441
1310,102,U331,1.0,LOG,AUTH_SUCCESS,C151
1311,102,U331,1.0,LOG,AUTH_SUCCESS,C442
1312,102,U6,1.0,LOG,AUTH_SUCCESS,C7
1313,102,U6,1.0,LOG,AUTH_SUCCESS,C148
1314,102,U225,1.0,LOG,AUTH_SUCCESS,C304
1315,102,U225,1.0,LOG,AUTH_SUCCESS,C305
1316,102,U325,1.0,LOG,AUTH_SUCCESS,C435
1317,102,U227,1.0,LOG,AUTH_SUCCESS,C308
1318,102,U227,1.0,LOG,AUTH_SUCCESS,C148
1319,102,U59,1.0,LOG,AUTH_SUCCESS,C200
1320,102,U59,1.0,LOG,AUTH_SUCCESS,C64
1321,102,U9,1.0,LOG,AUTH_SUCCESS,C10
1322,102,U60,1.0,LOG,AUTH_SUCCESS,C173
1323,102,U12,1.0,LOG,AUTH_SUCCESS,C443
1324,102,U12,1.0,LOG,AUTH_SUCCESS,C94
1325,102,U12,1.0,LOG,AUTH_SUCCESS,C13
1326,102,U204,1.0,LOG,AUTH_SUCCESS,C154
1327,102,U97,1.0,LOG,AUTH_SUCCESS,C161
1328,103,U332,1.0,LOG,AUTH_SUCCESS,C444
1329,103,U332,1.0,LOG,AUTH_SUCCESS,C151
1330,103,U332,1.0,LOG,AUTH_SUCCESS,C200
1331,103,U326,1.0,LOG,AUTH_SUCCESS,C436
1332,103,U330,1.0,LOG,AUTH_SUCCESS,C441
1333,103,U6,1.0,LOG,AUTH_SUCCESS,C7
1334,103,U9,1.0,LOG,AUTH_SUCCESS,C10
1335,103,U333,1.0,LOG,AUTH_SUCCESS,C445
1336,103,U12,1.0,LOG,AUTH_SUCCESS,C158
1337,103,U12,1.0,LOG,AUTH_SUCCESS,C211
1338,103,U95,1.0,LOG,AUTH_SUCCESS,C154
1339,103,U184,1.0,LOG,AUTH_SUCCESS,C154
1340,103,U159,1.0,LOG,AUTH_SUCCESS,C160
1341,103,U128,1.0,LOG,AUTH_SUCCESS,C167
1342,103,U128,1.0,LOG,AUTH_SUCCESS,C176
1343,104,U334,1.0,LOG,AUTH_SUCCESS,C446
1344,104,U332,1.0,LOG,AUTH_SUCCESS,C444
1345,104,U332,1.0,LOG,AUTH_SUCCESS,C151
1346,104,U332,1.0,LOG,AUTH_SUCCESS,C200
1347,104,U326,1.0,LOG,AUTH_SUCCESS,C436
1348,104,U330,1.0,LOG,AUTH_SUCCESS,C134
1349,104,U330,1.0,LOG,AUTH_SUCCESS,C441
1350,104,U64,1.0,LOG,AUTH_SUCCESS,C69
1351,104,U6,1.0,LOG,AUTH_SUCCESS,C7
1352,104,U6,1.0,LOG,AUTH_SUCCESS,C148
1353,104,U335,1.0,LOG,AUTH_SUCCESS,C447
1354,104,U336,1.0,LOG,AUTH_SUCCESS,C448
1355,104,U127,1.0,LOG,AUTH_SUCCESS,C155
1356,104,U60,1.0,LOG,AUTH_SUCCESS,C108
1357,104,U12,1.0,LOG,AUTH_SUCCESS,C449
1358,104,U95,1.0,LOG,AUTH_SUCCESS,C154
1359,104,U184,1.0,LOG,AUTH_SUCCESS,C154
1360,104,U156,1.0,LOG,AUTH_SUCCESS,C161
1361,104,U97,1.0,LOG,AUTH_SUCCESS,C161
1362,104,U66,1.0,LOG,AUTH_SUCCESS,C1
1363,104,U67,1.0,LOG,AUTH_SUCCESS,C49
1364,105,U334,1.0,LOG,AUTH_SUCCESS,C150
1365,105,U334,1.0,LOG,AUTH_SUCCESS,C446
1366,105,U235,1.0,LOG,AUTH_SUCCESS,C219
1367,105,U235,1.0,LOG,AUTH_SUCCESS,C320
1368,105,U330,1.0,LOG,AUTH_SUCCESS,C200
1369,105,U330,1.0,LOG,AUTH_SUCCESS,C441
1370,105,U68,1.0,LOG,AUTH_SUCCESS,C71
1371,105,U64,1.0,LOG,AUTH_SUCCESS,C69
1372,105,U14,1.0,LOG,AUTH_SUCCESS,C219
1373,105,U14,1.0,LOG,AUTH_SUCCESS,C15
1374,105,U337,1.0,LOG,AUTH_SUCCESS,C450
1375,105,U335,1.0,LOG,AUTH_SUCCESS,C447
1376,105,U71,1.0,LOG,AUTH_SUCCESS,C74
1377,105,U12,1.0,LOG,AUTH_SUCCESS,C451
1378,105,U12,1.0,LOG,AUTH_SUCCESS,C13
1379,105,U184,1.0,LOG,AUTH_SUCCESS,C154
1380,105,U66,1.0,LOG,AUTH_SUCCESS,C1
1381,105,U67,1.0,LOG,AUTH_SUCCESS,C154
1382,105,U67,1.0,LOG,AUTH_SUCCESS,C49
1383,106,U338,1.0,LOG,AUTH_SUCCESS,C452
1384,106,U339,1.0,LOG,AUTH_SUCCESS,C453
1385,106,U68,1.0,LOG,AUTH_SUCCESS,C71
1386,106,U340,1.0,LOG,AUTH_SUCCESS,C454
1387,106,U341,1.0,LOG,AUTH_SUCCESS,C455
1388,106,U64,1.0,LOG,AUTH_SUCCESS,C150
1389,106,U64,1.0,LOG,AUTH_SUCCESS,C69
1390,106,U77,1.0,LOG,AUTH_SUCCESS,C78
1391,106,U337,1.0,LOG,AUTH_SUCCESS,C450
1392,106,U337,1.0,LOG,AUTH_SUCCESS,C150
1393,106,U12,1.0,LOG,AUTH_SUCCESS,C456
1394,106,U12,1.0,LOG,AUTH_SUCCESS,C13
1395,106,U12,1.0,LOG,AUTH_SUCCESS,C457
1396,106,U184,1.0,LOG,AUTH_SUCCESS,C154
1397,106,U156,1.0,LOG,AUTH_SUCCESS,C161
1398,106,U97,1.0,LOG,AUTH_SUCCESS,C161
1399,106,U179,1.0,LOG,AUTH_SUCCESS,C175
1400,107,U332,1.0,LOG,AUTH_SUCCESS,C444
1401,107,U332,1.0,LOG,AUTH_SUCCESS,C151
1402,107,U338,1.0,LOG,AUTH_SUCCESS,C452
1403,107,U57,1.0,LOG,AUTH_SUCCESS,C62
1404,107,U280,1.0,LOG,AUTH_SUCCESS,C374
1405,107,U280,1.0,LOG,AUTH_SUCCESS,C151
1406,107,U342,1.0,LOG,AUTH_SUCCESS,C458
1407,107,U339,1.0,LOG,AUTH_SUCCESS,C453
1408,107,U231,1.0,LOG,AUTH_SUCCESS,C316
1409,107,U231,1.0,LOG,AUTH_SUCCESS,C459
1410,107,U53,1.0,LOG,AUTH_SUCCESS,C58
1411,107,U341,1.0,LOG,AUTH_SUCCESS,C150
1412,107,U341,1.0,LOG,AUTH_SUCCESS,C455
1413,107,U343,1.0,LOG,AUTH_SUCCESS,C151
1414,107,U343,1.0,LOG,AUTH_SUCCESS,C460
1415,107,U344,1.0,LOG,AUTH_SUCCESS,C461
1416,107,U64,1.0,LOG,AUTH_SUCCESS,C69
1417,107,U121,1.0,LOG,AUTH_SUCCESS,C151
1418,107,U121,1.0,LOG,AUTH_SUCCESS,C165
1419,107,U345,1.0,LOG,AUTH_SUCCESS,C462
1420,107,U346,1.0,LOG,AUTH_SUCCESS,C301
1421,107,U346,1.0,LOG,AUTH_SUCCESS,C146
1422,107,U347,1.0,LOG,AUTH_SUCCESS,C463
1423,107,U348,1.0,LOG,AUTH_SUCCESS,C464
1424,107,U348,1.0,LOG,AUTH_SUCCESS,C150
1425,107,U244,1.0,LOG,AUTH_SUCCESS,C219
1426,107,U244,1.0,LOG,AUTH_SUCCESS,C330
1427,107,U60,1.0,LOG,AUTH_SUCCESS,C173
1428,107,U12,1.0,LOG,AUTH_SUCCESS,C270
1429,107,U12,1.0,LOG,AUTH_SUCCESS,C293
1430,107,U12,1.0,LOG,AUTH_SUCCESS,C465
1431,107,U12,1.0,LOG,AUTH_SUCCESS,C443
1432,107,U12,1.0,LOG,AUTH_SUCCESS,C13
1433,107,U12,1.0,LOG,AUTH_SUCCESS,C265
1434,107,U204,1.0,LOG,AUTH_SUCCESS,C154
1435,107,U86,1.0,LOG,AUTH_SUCCESS,C95
1436,108,U349,1.0,LOG,AUTH_SUCCESS,C466
1437,108,U57,1.0,LOG,AUTH_SUCCESS,C62
1438,108,U350,1.0,LOG,AUTH_SUCCESS,C467
1439,108,U53,1.0,LOG,AUTH_SUCCESS,C58
1440,108,U344,1.0,LOG,AUTH_SUCCESS,C461
1441,108,U345,1.0,LOG,AUTH_SUCCESS,C462
1442,108,U346,1.0,LOG,AUTH_SUCCESS,C301
1443,108,U346,1.0,LOG,AUTH_SUCCESS,C310
1444,108,U347,1.0,LOG,AUTH_SUCCESS,C463
1445,108,U351,1.0,LOG,AUTH_SUCCESS,C468
1446,108,U351,1.0,LOG,AUTH_SUCCESS,C469
1447,108,U48,1.0,LOG,AUTH_SUCCESS,C51
1448,108,U48,1.0,LOG,AUTH_SUCCESS,C470
1449,108,U352,1.0,LOG,AUTH_SUCCESS,C209
1450,108,U13,1.0,LOG,AUTH_SUCCESS,C32
1451,108,U353,1.0,LOG,AUTH_SUCCESS,C213
1452,108,U93,1.0,LOG,AUTH_SUCCESS,C53
1453,108,U93,1.0,LOG,AUTH_SUCCESS,C107
1454,108,U12,1.0,LOG,AUTH_SUCCESS,C335
1455,108,U12,1.0,LOG,AUTH_SUCCESS,C251
1456,108,U12,1.0,LOG,AUTH_SUCCESS,C13
1457,108,U204,1.0,LOG,AUTH_SUCCESS,C111
1458,108,U156,1.0,LOG,AUTH_SUCCESS,C161
1459,108,U97,1.0,LOG,AUTH_SUCCESS,C161
1460,108,U179,1.0,LOG,AUTH_SUCCESS,C175
1461,108,U128,1.0,LOG,AUTH_SUCCESS,C167
1462,108,U128,1.0,LOG,AUTH_SUCCESS,C176
1463,108,U86,1.0,LOG,AUTH_SUCCESS,C471
1464,108,U86,1.0,LOG,AUTH_SUCCESS,C95
1465,109,U354,1.0,LOG,AUTH_SUCCESS,C472
1466,109,U217,1.0,LOG,AUTH_SUCCESS,C294
1467,109,U355,1.0,LOG,AUTH_SUCCESS,C473
1468,109,U355,1.0,LOG,AUTH_SUCCESS,C135
1469,109,U355,1.0,LOG,AUTH_SUCCESS,C200
1470,109,U148,1.0,LOG,AUTH_SUCCESS,C199
1471,109,U63,1.0,LOG,AUTH_SUCCESS,C68
1472,109,U356,1.0,LOG,AUTH_SUCCESS,C474
1473,109,U345,1.0,LOG,AUTH_SUCCESS,C462
1474,109,U70,1.0,LOG,AUTH_SUCCESS,C122
1475,109,U77,1.0,LOG,AUTH_SUCCESS,C234
1476,109,U77,1.0,LOG,AUTH_SUCCESS,C78
1477,109,U101,1.0,LOG,AUTH_SUCCESS,C123
1478,109,U71,1.0,LOG,AUTH_SUCCESS,C475
1479,109,U48,1.0,LOG,AUTH_SUCCESS,C51
1480,109,U238,1.0,LOG,AUTH_SUCCESS,C323
1481,109,U13,1.0,LOG,AUTH_SUCCESS,C32
1482,109,U353,1.0,LOG,AUTH_SUCCESS,C213
1483,109,U93,1.0,LOG,AUTH_SUCCESS,C53
1484,109,U93,1.0,LOG,AUTH_SUCCESS,C107
1485,109,U60,1.0,LOG,AUTH_SUCCESS,C213
1486,109,U60,1.0,LOG,AUTH_SUCCESS,C157
1487,109,U12,1.0,LOG,AUTH_SUCCESS,C174
1488,109,U12,1.0,LOG,AUTH_SUCCESS,C213
1489,109,U204,1.0,LOG,AUTH_SUCCESS,C111
1490,109,U112,1.0,LOG,AUTH_SUCCESS,C476
1491,109,U112,1.0,LOG,AUTH_SUCCESS,C310
1492,110,U106,1.0,LOG,AUTH_SUCCESS,C136
1493,110,U357,1.0,LOG,AUTH_SUCCESS,C477
1494,110,U354,1.0,LOG,AUTH_SUCCESS,C472
1495,110,U355,1.0,LOG,AUTH_SUCCESS,C473
1496,110,U148,1.0,LOG,AUTH_SUCCESS,C199
1497,110,U120,1.0,LOG,AUTH_SUCCESS,C164
1498,110,U120,1.0,LOG,AUTH_SUCCESS,C148
1499,110,U356,1.0,LOG,AUTH_SUCCESS,C150
1500,110,U356,1.0,LOG,AUTH_SUCCESS,C474
1501,110,U358,1.0,LOG,AUTH_SUCCESS,C478
1502,110,U70,1.0,LOG,AUTH_SUCCESS,C122
1503,110,U101,1.0,LOG,AUTH_SUCCESS,C123
1504,110,U359,1.0,LOG,AUTH_SUCCESS,C479
1505,110,U360,1.0,LOG,AUTH_SUCCESS,C480
1506,110,U71,1.0,LOG,AUTH_SUCCESS,C475
1507,110,U127,1.0,LOG,AUTH_SUCCESS,C155
1508,110,U12,1.0,LOG,AUTH_SUCCESS,C431
1509,110,U159,1.0,LOG,AUTH_SUCCESS,C160
1510,110,U156,1.0,LOG,AUTH_SUCCESS,C161
1511,110,U97,1.0,LOG,AUTH_SUCCESS,C161
1512,110,U179,1.0,LOG,AUTH_SUCCESS,C175
1513,110,U112,1.0,LOG,AUTH_SUCCESS,C476
1514,111,U106,1.0,LOG,AUTH_SUCCESS,C136
1515,111,U357,1.0,LOG,AUTH_SUCCESS,C477
1516,111,U355,1.0,LOG,AUTH_SUCCESS,C473
1517,111,U355,1.0,LOG,AUTH_SUCCESS,C135
1518,111,U355,1.0,LOG,AUTH_SUCCESS,C200
1519,111,U361,1.0,LOG,AUTH_SUCCESS,C481
1520,111,U362,1.0,LOG,AUTH_SUCCESS,C482
1521,111,U363,1.0,LOG,AUTH_SUCCESS,C483
1522,111,U360,1.0,LOG,AUTH_SUCCESS,C213
1523,111,U360,1.0,LOG,AUTH_SUCCESS,C480
1524,111,U116,1.0,LOG,AUTH_SUCCESS,C155
1525,111,U238,1.0,LOG,AUTH_SUCCESS,C484
1526,111,U238,1.0,LOG,AUTH_SUCCESS,C485
1527,111,U12,1.0,LOG,AUTH_SUCCESS,C324
1528,111,U12,1.0,LOG,AUTH_SUCCESS,C486
1529,111,U12,1.0,LOG,AUTH_SUCCESS,C264
1530,111,U12,1.0,LOG,AUTH_SUCCESS,C13
1531,112,U113,1.0,LOG,AUTH_SUCCESS,C147
1532,112,U113,1.0,LOG,AUTH_SUCCESS,C148
1533,112,U364,1.0,LOG,AUTH_SUCCESS,C487
1534,112,U252,1.0,LOG,AUTH_SUCCESS,C339
1535,112,U252,1.0,LOG,AUTH_SUCCESS,C225
1536,112,U21,1.0,LOG,AUTH_SUCCESS,C22
1537,112,U114,1.0,LOG,AUTH_SUCCESS,C149
1538,112,U114,1.0,LOG,AUTH_SUCCESS,C148
1539,112,U89,1.0,LOG,AUTH_SUCCESS,C98
1540,112,U89,1.0,LOG,AUTH_SUCCESS,C151
1541,112,U365,1.0,LOG,AUTH_SUCCESS,C150
1542,112,U365,1.0,LOG,AUTH_SUCCESS,C488
1543,112,U363,1.0,LOG,AUTH_SUCCESS,C483
1544,112,U366,1.0,LOG,AUTH_SUCCESS,C489
1545,112,U115,1.0,LOG,AUTH_SUCCESS,C148
1546,112,U115,1.0,LOG,AUTH_SUCCESS,C152
1547,112,U101,1.0,LOG,AUTH_SUCCESS,C123
1548,112,U84,1.0,LOG,AUTH_SUCCESS,C88
1549,112,U156,1.0,LOG,AUTH_SUCCESS,C161
1550,112,U179,1.0,LOG,AUTH_SUCCESS,C175
1551,112,U112,1.0,LOG,AUTH_SUCCESS,C144
1552,112,U112,1.0,LOG,AUTH_SUCCESS,C476
1553,113,U364,1.0,LOG,AUTH_SUCCESS,C487
1554,113,U330,1.0,LOG,AUTH_SUCCESS,C134
1555,113,U330,1.0,LOG,AUTH_SUCCESS,C441
1556,113,U148,1.0,LOG,AUTH_SUCCESS,C134
1557,113,U148,1.0,LOG,AUTH_SUCCESS,C199
1558,113,U63,1.0,LOG,AUTH_SUCCESS,C234
1559,113,U63,1.0,LOG,AUTH_SUCCESS,C68
1560,113,U367,1.0,LOG,AUTH_SUCCESS,C490
1561,113,U21,1.0,LOG,AUTH_SUCCESS,C22
1562,113,U365,1.0,LOG,AUTH_SUCCESS,C488
1563,113,U325,1.0,LOG,AUTH_SUCCESS,C134
1564,113,U325,1.0,LOG,AUTH_SUCCESS,C435
1565,113,U362,1.0,LOG,AUTH_SUCCESS,C482
1566,113,U363,1.0,LOG,AUTH_SUCCESS,C134
1567,113,U363,1.0,LOG,AUTH_SUCCESS,C483
1568,113,U368,1.0,LOG,AUTH_SUCCESS,C491
1569,113,U48,1.0,LOG,AUTH_SUCCESS,C51
1570,113,U116,1.0,LOG,AUTH_SUCCESS,C155
1571,113,U127,1.0,LOG,AUTH_SUCCESS,C155
1572,113,U238,1.0,LOG,AUTH_SUCCESS,C323
1573,113,U84,1.0,LOG,AUTH_SUCCESS,C88
1574,113,U12,1.0,LOG,AUTH_SUCCESS,C351
1575,113,U128,1.0,LOG,AUTH_SUCCESS,C167
1576,113,U128,1.0,LOG,AUTH_SUCCESS,C176
1577,113,U112,1.0,LOG,AUTH_SUCCESS,C144
1578,113,U112,1.0,LOG,AUTH_SUCCESS,C476
1579,113,U112,1.0,LOG,AUTH_SUCCESS,C145
1580,114,U144,1.0,LOG,AUTH_SUCCESS,C195
1581,114,U369,1.0,LOG,AUTH_SUCCESS,C492
1582,114,U364,1.0,LOG,AUTH_SUCCESS,C487
1583,114,U16,1.0,LOG,AUTH_SUCCESS,C148
1584,114,U16,1.0,LOG,AUTH_SUCCESS,C17
1585,114,U132,1.0,LOG,AUTH_SUCCESS,C181
1586,114,U132,1.0,LOG,AUTH_SUCCESS,C148
1587,114,U370,1.0,LOG,AUTH_SUCCESS,C493
1588,114,U365,1.0,LOG,AUTH_SUCCESS,C150
1589,114,U365,1.0,LOG,AUTH_SUCCESS,C488
1590,114,U363,1.0,LOG,AUTH_SUCCESS,C134
1591,114,U363,1.0,LOG,AUTH_SUCCESS,C483
1592,114,U136,1.0,LOG,AUTH_SUCCESS,C185
1593,114,U368,1.0,LOG,AUTH_SUCCESS,C491
1594,114,U127,1.0,LOG,AUTH_SUCCESS,C155
1595,114,U238,1.0,LOG,AUTH_SUCCESS,C323
1596,114,U93,1.0,LOG,AUTH_SUCCESS,C251
1597,114,U93,1.0,LOG,AUTH_SUCCESS,C107
1598,114,U12,1.0,LOG,AUTH_SUCCESS,C251
1599,114,U97,1.0,LOG,AUTH_SUCCESS,C115
1600,114,U97,1.0,LOG,AUTH_SUCCESS,C161
1601,115,U144,1.0,LOG,AUTH_SUCCESS,C195
1602,115,U369,1.0,LOG,AUTH_SUCCESS,C492
1603,115,U371,1.0,LOG,AUTH_SUCCESS,C494
1604,115,U364,1.0,LOG,AUTH_SUCCESS,C487
1605,115,U372,1.0,LOG,AUTH_SUCCESS,C495
1606,115,U63,1.0,LOG,AUTH_SUCCESS,C234
1607,115,U63,1.0,LOG,AUTH_SUCCESS,C68
1608,115,U367,1.0,LOG,AUTH_SUCCESS,C490
1609,115,U370,1.0,LOG,AUTH_SUCCESS,C493
1610,115,U140,1.0,LOG,AUTH_SUCCESS,C190
1611,115,U124,1.0,LOG,AUTH_SUCCESS,C192
1612,115,U368,1.0,LOG,AUTH_SUCCESS,C491
1613,115,U373,1.0,LOG,AUTH_SUCCESS,C154
1614,115,U360,1.0,LOG,AUTH_SUCCESS,C213
1615,115,U360,1.0,LOG,AUTH_SUCCESS,C480
1616,115,U116,1.0,LOG,AUTH_SUCCESS,C155
1617,115,U238,1.0,LOG,AUTH_SUCCESS,C323
1618,115,U12,1.0,LOG,AUTH_SUCCESS,C264
1619,115,U12,1.0,LOG,AUTH_SUCCESS,C13
1620,115,U95,1.0,LOG,AUTH_SUCCESS,C154
1621,115,U97,1.0,LOG,AUTH_SUCCESS,C115
1622,116,U144,1.0,LOG,AUTH_SUCCESS,C195
1623,116,U374,1.0,LOG,AUTH_SUCCESS,C496
1624,116,U375,1.0,LOG,AUTH_SUCCESS,C497
1625,116,U130,1.0,LOG,AUTH_SUCCESS,C179
1626,116,U130,1.0,LOG,AUTH_SUCCESS,C148
1627,116,U371,1.0,LOG,AUTH_SUCCESS,C494
1628,116,U376,1.0,LOG,AUTH_SUCCESS,C498
1629,116,U147,1.0,LOG,AUTH_SUCCESS,C198
1630,116,U372,1.0,LOG,AUTH_SUCCESS,C495
1631,116,U16,1.0,LOG,AUTH_SUCCESS,C148
1632,116,U16,1.0,LOG,AUTH_SUCCESS,C17
1633,116,U377,1.0,LOG,AUTH_SUCCESS,C499
1634,116,U378,1.0,LOG,AUTH_SUCCESS,C500
1635,116,U361,1.0,LOG,AUTH_SUCCESS,C481
1636,116,U140,1.0,LOG,AUTH_SUCCESS,C190
1637,116,U124,1.0,LOG,AUTH_SUCCESS,C192
1638,116,U124,1.0,LOG,AUTH_SUCCESS,C168
1639,116,U362,1.0,LOG,AUTH_SUCCESS,C482
1640,116,U152,1.0,LOG,AUTH_SUCCESS,C206
1641,116,U153,1.0,LOG,AUTH_SUCCESS,C207
1642,116,U153,1.0,LOG,AUTH_SUCCESS,C148
1643,116,U368,1.0,LOG,AUTH_SUCCESS,C491
1644,116,U154,1.0,LOG,AUTH_SUCCESS,C208
1645,116,U154,1.0,LOG,AUTH_SUCCESS,C148
1646,116,U12,1.0,LOG,AUTH_SUCCESS,C108
1647,116,U12,1.0,LOG,AUTH_SUCCESS,C54
1648,116,U97,1.0,LOG,AUTH_SUCCESS,C115
1649,116,U97,1.0,LOG,AUTH_SUCCESS,C161
1650,116,U112,1.0,LOG,AUTH_SUCCESS,C476
1651,116,U112,1.0,LOG,AUTH_SUCCESS,C83
1652,117,U379,1.0,LOG,AUTH_SUCCESS,C145
1653,117,U374,1.0,LOG,AUTH_SUCCESS,C496
1654,117,U332,1.0,LOG,AUTH_SUCCESS,C444
1655,117,U332,1.0,LOG,AUTH_SUCCESS,C200
1656,117,U371,1.0,LOG,AUTH_SUCCESS,C494
1657,117,U380,1.0,LOG,AUTH_SUCCESS,C501
1658,117,U376,1.0,LOG,AUTH_SUCCESS,C498
1659,117,U147,1.0,LOG,AUTH_SUCCESS,C198
1660,117,U355,1.0,LOG,AUTH_SUCCESS,C473
1661,117,U355,1.0,LOG,AUTH_SUCCESS,C200
1662,117,U330,1.0,LOG,AUTH_SUCCESS,C200
1663,117,U330,1.0,LOG,AUTH_SUCCESS,C441
1664,117,U372,1.0,LOG,AUTH_SUCCESS,C495
1665,117,U372,1.0,LOG,AUTH_SUCCESS,C200
1666,117,U16,1.0,LOG,AUTH_SUCCESS,C17
1667,117,U377,1.0,LOG,AUTH_SUCCESS,C499
1668,117,U381,1.0,LOG,AUTH_SUCCESS,C502
1669,117,U309,1.0,LOG,AUTH_SUCCESS,C200
1670,117,U309,1.0,LOG,AUTH_SUCCESS,C411
1671,117,U378,1.0,LOG,AUTH_SUCCESS,C500
1672,117,U140,1.0,LOG,AUTH_SUCCESS,C190
1673,117,U382,1.0,LOG,AUTH_SUCCESS,C503
1674,117,U362,1.0,LOG,AUTH_SUCCESS,C482
1675,117,U152,1.0,LOG,AUTH_SUCCESS,C206
1676,117,U383,1.0,LOG,AUTH_SUCCESS,C504
1677,117,U384,1.0,LOG,AUTH_SUCCESS,C505
1678,117,U336,1.0,LOG,AUTH_SUCCESS,C448
1679,117,U336,1.0,LOG,AUTH_SUCCESS,C200
1680,117,U116,1.0,LOG,AUTH_SUCCESS,C155
1681,117,U385,1.0,LOG,AUTH_SUCCESS,C155
1682,117,U127,1.0,LOG,AUTH_SUCCESS,C155
1683,117,U94,1.0,LOG,AUTH_SUCCESS,C211
1684,117,U94,1.0,LOG,AUTH_SUCCESS,C110
1685,117,U12,1.0,LOG,AUTH_SUCCESS,C236
1686,117,U12,1.0,LOG,AUTH_SUCCESS,C108
1687,117,U12,1.0,LOG,AUTH_SUCCESS,C54
1688,117,U12,1.0,LOG,AUTH_SUCCESS,C351
1689,117,U105,1.0,LOG,AUTH_SUCCESS,C160
1690,117,U112,1.0,LOG,AUTH_SUCCESS,C144
1691,118,U380,1.0,LOG,AUTH_SUCCESS,C501
1692,118,U386,1.0,LOG,AUTH_SUCCESS,C506
1693,118,U16,1.0,LOG,AUTH_SUCCESS,C148
1694,118,U16,1.0,LOG,AUTH_SUCCESS,C17
1695,118,U377,1.0,LOG,AUTH_SUCCESS,C499
1696,118,U381,1.0,LOG,AUTH_SUCCESS,C502
1697,118,U382,1.0,LOG,AUTH_SUCCESS,C503
1698,118,U383,1.0,LOG,AUTH_SUCCESS,C504
1699,118,U384,1.0,LOG,AUTH_SUCCESS,C505
1700,118,U77,1.0,LOG,AUTH_SUCCESS,C78
1701,118,U127,1.0,LOG,AUTH_SUCCESS,C155
1702,118,U60,1.0,LOG,AUTH_SUCCESS,C173
1703,118,U12,1.0,LOG,AUTH_SUCCESS,C335
1704,118,U12,1.0,LOG,AUTH_SUCCESS,C173
1705,118,U12,1.0,LOG,AUTH_SUCCESS,C54
1706,118,U159,1.0,LOG,AUTH_SUCCESS,C160
1707,118,U97,1.0,LOG,AUTH_SUCCESS,C161
1708,118,U128,1.0,LOG,AUTH_SUCCESS,C167
1709,118,U128,1.0,LOG,AUTH_SUCCESS,C176
1710,119,U306,1.0,LOG,AUTH_SUCCESS,C210
1711,119,U306,1.0,LOG,AUTH_SUCCESS,C407
1712,119,U386,1.0,LOG,AUTH_SUCCESS,C506
1713,119,U387,1.0,LOG,AUTH_SUCCESS,C301
1714,119,U163,1.0,LOG,AUTH_SUCCESS,C219
1715,119,U163,1.0,LOG,AUTH_SUCCESS,C220
1716,119,U384,1.0,LOG,AUTH_SUCCESS,C505
1717,119,U116,1.0,LOG,AUTH_SUCCESS,C155
1718,119,U12,1.0,LOG,AUTH_SUCCESS,C312
1719,119,U12,1.0,LOG,AUTH_SUCCESS,C381
1720,119,U12,1.0,LOG,AUTH_SUCCESS,C343
1721,119,U159,1.0,LOG,AUTH_SUCCESS,C160
1722,119,U97,1.0,LOG,AUTH_SUCCESS,C116
1723,119,U388,1.0,LOG,AUTH_SUCCESS,C108
1724,120,U389,1.0,LOG,AUTH_SUCCESS,C507
1725,120,U387,1.0,LOG,AUTH_SUCCESS,C301
1726,120,U39,1.0,LOG,AUTH_SUCCESS,C41
1727,120,U167,1.0,LOG,AUTH_SUCCESS,C225
1728,120,U167,1.0,LOG,AUTH_SUCCESS,C226
1729,120,U29,1.0,LOG,AUTH_SUCCESS,C30
1730,120,U384,1.0,LOG,AUTH_SUCCESS,C505
1731,120,U12,1.0,LOG,AUTH_SUCCESS,C265
1732,120,U95,1.0,LOG,AUTH_SUCCESS,C154
1733,120,U156,1.0,LOG,AUTH_SUCCESS,C85
1734,120,U156,1.0,LOG,AUTH_SUCCESS,C161
1735,120,U97,1.0,LOG,AUTH_SUCCESS,C161
1736,121,U389,1.0,LOG,AUTH_SUCCESS,C507
1737,121,U170,1.0,LOG,AUTH_SUCCESS,C229
1738,121,U87,1.0,LOG,AUTH_SUCCESS,C508
1739,121,U87,1.0,LOG,AUTH_SUCCESS,C509
1740,121,U165,1.0,LOG,AUTH_SUCCESS,C223
1741,121,U390,1.0,LOG,AUTH_SUCCESS,C510
1742,121,U391,1.0,LOG,AUTH_SUCCESS,C511
1743,121,U39,1.0,LOG,AUTH_SUCCESS,C41
1744,121,U29,1.0,LOG,AUTH_SUCCESS,C300
1745,121,U29,1.0,LOG,AUTH_SUCCESS,C30
1746,121,U77,1.0,LOG,AUTH_SUCCESS,C234
1747,121,U77,1.0,LOG,AUTH_SUCCESS,C78
1748,121,U159,1.0,LOG,AUTH_SUCCESS,C160
1749,121,U112,1.0,LOG,AUTH_SUCCESS,C310
1750,122,U130,1.0,LOG,AUTH_SUCCESS,C179
1751,122,U130,1.0,LOG,AUTH_SUCCESS,C239
1752,122,U175,1.0,LOG,AUTH_SUCCESS,C240
1753,122,U175,1.0,LOG,AUTH_SUCCESS,C200
1754,122,U392,1.0,LOG,AUTH_SUCCESS,C409
1755,122,U393,1.0,LOG,AUTH_SUCCESS,C512
1756,122,U393,1.0,LOG,AUTH_SUCCESS,C513
1757,122,U390,1.0,LOG,AUTH_SUCCESS,C510
1758,122,U394,1.0,LOG,AUTH_SUCCESS,C514
1759,122,U394,1.0,LOG,AUTH_SUCCESS,C151
1760,122,U177,1.0,LOG,AUTH_SUCCESS,C242
1761,122,U177,1.0,LOG,AUTH_SUCCESS,C148
1762,122,U120,1.0,LOG,AUTH_SUCCESS,C164
1763,122,U120,1.0,LOG,AUTH_SUCCESS,C239
1764,122,U395,1.0,LOG,AUTH_SUCCESS,C200
1765,122,U395,1.0,LOG,AUTH_SUCCESS,C515
1766,122,U391,1.0,LOG,AUTH_SUCCESS,C511
1767,122,U396,1.0,LOG,AUTH_SUCCESS,C516
1768,122,U397,1.0,LOG,AUTH_SUCCESS,C517
1769,122,U398,1.0,LOG,AUTH_SUCCESS,C518
1770,122,U399,1.0,LOG,AUTH_SUCCESS,C519
1771,122,U153,1.0,LOG,AUTH_SUCCESS,C207
1772,122,U153,1.0,LOG,AUTH_SUCCESS,C239
1773,122,U107,1.0,LOG,AUTH_SUCCESS,C138
1774,122,U400,1.0,LOG,AUTH_SUCCESS,C520
1775,122,U401,1.0,LOG,AUTH_SUCCESS,C521
1776,122,U127,1.0,LOG,AUTH_SUCCESS,C155
1777,122,U156,1.0,LOG,AUTH_SUCCESS,C161
1778,123,U389,1.0,LOG,AUTH_SUCCESS,C507
1779,123,U390,1.0,LOG,AUTH_SUCCESS,C510
1780,123,U148,1.0,LOG,AUTH_SUCCESS,C134
1781,123,U148,1.0,LOG,AUTH_SUCCESS,C199
1782,123,U361,1.0,LOG,AUTH_SUCCESS,C481
1783,123,U320,1.0,LOG,AUTH_SUCCESS,C134
1784,123,U320,1.0,LOG,AUTH_SUCCESS,C430
1785,123,U397,1.0,LOG,AUTH_SUCCESS,C517
1786,123,U402,1.0,LOG,AUTH_SUCCESS,C522
1787,123,U135,1.0,LOG,AUTH_SUCCESS,C184
1788,123,U398,1.0,LOG,AUTH_SUCCESS,C518
1789,123,U399,1.0,LOG,AUTH_SUCCESS,C519
1790,123,U182,1.0,LOG,AUTH_SUCCESS,C248
1791,123,U182,1.0,LOG,AUTH_SUCCESS,C249
1792,123,U29,1.0,LOG,AUTH_SUCCESS,C30
1793,123,U107,1.0,LOG,AUTH_SUCCESS,C138
1794,123,U107,1.0,LOG,AUTH_SUCCESS,C150
1795,123,U116,1.0,LOG,AUTH_SUCCESS,C155
1796,123,U238,1.0,LOG,AUTH_SUCCESS,C134
1797,123,U238,1.0,LOG,AUTH_SUCCESS,C523
1798,123,U238,1.0,LOG,AUTH_SUCCESS,C323
1799,123,U60,1.0,LOG,AUTH_SUCCESS,C173
1800,123,U184,1.0,LOG,AUTH_SUCCESS,C154
1801,123,U159,1.0,LOG,AUTH_SUCCESS,C160
1802,123,U128,1.0,LOG,AUTH_SUCCESS,C167
1803,123,U128,1.0,LOG,AUTH_SUCCESS,C176
1804,124,U180,1.0,LOG,AUTH_SUCCESS,C246
1805,124,U186,1.0,LOG,AUTH_SUCCESS,C254
1806,124,U186,1.0,LOG,AUTH_SUCCESS,C148
1807,124,U323,1.0,LOG,AUTH_SUCCESS,C433
1808,124,U307,1.0,LOG,AUTH_SUCCESS,C409
1809,124,U193,1.0,LOG,AUTH_SUCCESS,C260
1810,124,U183,1.0,LOG,AUTH_SUCCESS,C250
1811,124,U188,1.0,LOG,AUTH_SUCCESS,C148
1812,124,U188,1.0,LOG,AUTH_SUCCESS,C256
1813,124,U60,1.0,LOG,AUTH_SUCCESS,C108
1814,124,U12,1.0,LOG,AUTH_SUCCESS,C524
1815,124,U12,1.0,LOG,AUTH_SUCCESS,C449
1816,124,U12,1.0,LOG,AUTH_SUCCESS,C107
1817,124,U12,1.0,LOG,AUTH_SUCCESS,C343
1818,124,U12,1.0,LOG,AUTH_SUCCESS,C54
1819,124,U184,1.0,LOG,AUTH_SUCCESS,C154
1820,124,U97,1.0,LOG,AUTH_SUCCESS,C161
1821,124,U112,1.0,LOG,AUTH_SUCCESS,C144
1822,124,U67,1.0,LOG,AUTH_SUCCESS,C49
1823,125,U180,1.0,LOG,AUTH_SUCCESS,C246
1824,125,U323,1.0,LOG,AUTH_SUCCESS,C433
1825,125,U403,1.0,LOG,AUTH_SUCCESS,C525
1826,125,U191,1.0,LOG,AUTH_SUCCESS,C258
1827,125,U307,1.0,LOG,AUTH_SUCCESS,C409
1828,125,U193,1.0,LOG,AUTH_SUCCESS,C260
1829,125,U12,1.0,LOG,AUTH_SUCCESS,C236
1830,125,U12,1.0,LOG,AUTH_SUCCESS,C54
1831,125,U112,1.0,LOG,AUTH_SUCCESS,C144
1832,126,U404,1.0,LOG,AUTH_SUCCESS,C526
1833,126,U405,1.0,LOG,AUTH_SUCCESS,C527
1834,126,U405,1.0,LOG,AUTH_SUCCESS,C148
1835,126,U406,1.0,LOG,AUTH_SUCCESS,C528
1836,126,U307,1.0,LOG,AUTH_SUCCESS,C409
1837,126,U194,1.0,LOG,AUTH_SUCCESS,C268
1838,126,U194,1.0,LOG,AUTH_SUCCESS,C262
1839,126,U194,1.0,LOG,AUTH_SUCCESS,C263
1840,126,U197,1.0,LOG,AUTH_SUCCESS,C269
1841,126,U48,1.0,LOG,AUTH_SUCCESS,C292
1842,126,U12,1.0,LOG,AUTH_SUCCESS,C465
1843,126,U184,1.0,LOG,AUTH_SUCCESS,C154
1844,126,U97,1.0,LOG,AUTH_SUCCESS,C161
1845,126,U179,1.0,LOG,AUTH_SUCCESS,C175
1846,126,U67,1.0,LOG,AUTH_SUCCESS,C154
1847,126,U67,1.0,LOG,AUTH_SUCCESS,C49
1848,127,U407,1.0,LOG,AUTH_SUCCESS,C529
1849,127,U404,1.0,LOG,AUTH_SUCCESS,C526
1850,127,U403,1.0,LOG,AUTH_SUCCESS,C525
1851,127,U408,1.0,LOG,AUTH_SUCCESS,C530
1852,127,U202,1.0,LOG,AUTH_SUCCESS,C239
1853,127,U202,1.0,LOG,AUTH_SUCCESS,C275
1854,127,U409,1.0,LOG,AUTH_SUCCESS,C531
1855,127,U188,1.0,LOG,AUTH_SUCCESS,C239
1856,127,U188,1.0,LOG,AUTH_SUCCESS,C256
1857,128,U407,1.0,LOG,AUTH_SUCCESS,C529
1858,128,U404,1.0,LOG,AUTH_SUCCESS,C526
1859,128,U405,1.0,LOG,AUTH_SUCCESS,C527
1860,128,U405,1.0,LOG,AUTH_SUCCESS,C148
1861,128,U410,1.0,LOG,AUTH_SUCCESS,C532
1862,128,U411,1.0,LOG,AUTH_SUCCESS,C533
1863,128,U411,1.0,LOG,AUTH_SUCCESS,C150
1864,128,U344,1.0,LOG,AUTH_SUCCESS,C461
1865,128,U406,1.0,LOG,AUTH_SUCCESS,C528
1866,128,U408,1.0,LOG,AUTH_SUCCESS,C134
1867,128,U408,1.0,LOG,AUTH_SUCCESS,C530
1868,128,U202,1.0,LOG,AUTH_SUCCESS,C148
1869,128,U202,1.0,LOG,AUTH_SUCCESS,C275
1870,128,U197,1.0,LOG,AUTH_SUCCESS,C269
1871,128,U197,1.0,LOG,AUTH_SUCCESS,C280
1872,128,U409,1.0,LOG,AUTH_SUCCESS,C531
1873,128,U13,1.0,LOG,AUTH_SUCCESS,C282
1874,128,U117,1.0,LOG,AUTH_SUCCESS,C534
1875,128,U117,1.0,LOG,AUTH_SUCCESS,C127
1876,128,U60,1.0,LOG,AUTH_SUCCESS,C173
1877,128,U12,1.0,LOG,AUTH_SUCCESS,C210
1878,128,U204,1.0,LOG,AUTH_SUCCESS,C154
1879,128,U156,1.0,LOG,AUTH_SUCCESS,C161
1880,128,U97,1.0,LOG,AUTH_SUCCESS,C161
1881,128,U179,1.0,LOG,AUTH_SUCCESS,C175
1882,128,U128,1.0,LOG,AUTH_SUCCESS,C167
1883,128,U128,1.0,LOG,AUTH_SUCCESS,C176
1884,129,U407,1.0,LOG,AUTH_SUCCESS,C529
1885,129,U380,1.0,LOG,AUTH_SUCCESS,C501
1886,129,U412,1.0,LOG,AUTH_SUCCESS,C535
1887,129,U404,1.0,LOG,AUTH_SUCCESS,C526
1888,129,U344,1.0,LOG,AUTH_SUCCESS,C461
1889,129,U413,1.0,LOG,AUTH_SUCCESS,C536
1890,129,U216,1.0,LOG,AUTH_SUCCESS,C219
1891,129,U216,1.0,LOG,AUTH_SUCCESS,C291
1892,129,U414,1.0,LOG,AUTH_SUCCESS,C537
1893,129,U409,1.0,LOG,AUTH_SUCCESS,C531
1894,129,U116,1.0,LOG,AUTH_SUCCESS,C155
1895,129,U127,1.0,LOG,AUTH_SUCCESS,C155
1896,129,U13,1.0,LOG,AUTH_SUCCESS,C282
1897,129,U12,1.0,LOG,AUTH_SUCCESS,C449
1898,130,U412,1.0,LOG,AUTH_SUCCESS,C535
1899,130,U415,1.0,LOG,AUTH_SUCCESS,C538
1900,130,U211,1.0,LOG,AUTH_SUCCESS,C248
1901,130,U211,1.0,LOG,AUTH_SUCCESS,C286
1902,130,U416,1.0,LOG,AUTH_SUCCESS,C539
1903,130,U214,1.0,LOG,AUTH_SUCCESS,C289
1904,130,U214,1.0,LOG,AUTH_SUCCESS,C148
1905,130,U417,1.0,LOG,AUTH_SUCCESS,C540
1906,130,U414,1.0,LOG,AUTH_SUCCESS,C537
1907,130,U77,1.0,LOG,AUTH_SUCCESS,C78
1908,130,U409,1.0,LOG,AUTH_SUCCESS,C531
1909,130,U12,1.0,LOG,AUTH_SUCCESS,C457
1910,130,U159,1.0,LOG,AUTH_SUCCESS,C160
1911,130,U97,1.0,LOG,AUTH_SUCCESS,C161
1912,130,U179,1.0,LOG,AUTH_SUCCESS,C175
1913,131,U212,1.0,LOG,AUTH_SUCCESS,C287
1914,131,U301,1.0,LOG,AUTH_SUCCESS,C541
1915,131,U276,1.0,LOG,AUTH_SUCCESS,C369
1916,131,U416,1.0,LOG,AUTH_SUCCESS,C539
1917,131,U218,1.0,LOG,AUTH_SUCCESS,C219
1918,131,U218,1.0,LOG,AUTH_SUCCESS,C296
1919,131,U417,1.0,LOG,AUTH_SUCCESS,C540
1920,131,U414,1.0,LOG,AUTH_SUCCESS,C537
1921,131,U60,1.0,LOG,AUTH_SUCCESS,C213
1922,131,U60,1.0,LOG,AUTH_SUCCESS,C107
1923,132,U418,1.0,LOG,AUTH_SUCCESS,C542
1924,132,U131,1.0,LOG,AUTH_SUCCESS,C180
1925,132,U131,1.0,LOG,AUTH_SUCCESS,C151
1926,132,U223,1.0,LOG,AUTH_SUCCESS,C148
1927,132,U223,1.0,LOG,AUTH_SUCCESS,C302
1928,132,U212,1.0,LOG,AUTH_SUCCESS,C295
1929,132,U212,1.0,LOG,AUTH_SUCCESS,C280
1930,132,U212,1.0,LOG,AUTH_SUCCESS,C287
1931,132,U301,1.0,LOG,AUTH_SUCCESS,C541
1932,132,U419,1.0,LOG,AUTH_SUCCESS,C543
1933,132,U419,1.0,LOG,AUTH_SUCCESS,C151
1934,132,U416,1.0,LOG,AUTH_SUCCESS,C539
1935,132,U225,1.0,LOG,AUTH_SUCCESS,C304
1936,132,U225,1.0,LOG,AUTH_SUCCESS,C305
1937,132,U201,1.0,LOG,AUTH_SUCCESS,C200
1938,132,U201,1.0,LOG,AUTH_SUCCESS,C274
1939,132,U417,1.0,LOG,AUTH_SUCCESS,C540
1940,132,U173,1.0,LOG,AUTH_SUCCESS,C233
1941,132,U227,1.0,LOG,AUTH_SUCCESS,C308
1942,132,U227,1.0,LOG,AUTH_SUCCESS,C148
1943,132,U9,1.0,LOG,AUTH_SUCCESS,C10
1944,132,U9,1.0,LOG,AUTH_SUCCESS,C151
1945,132,U12,1.0,LOG,AUTH_SUCCESS,C372
1946,132,U12,1.0,LOG,AUTH_SUCCESS,C365
1947,132,U12,1.0,LOG,AUTH_SUCCESS,C54
1948,132,U97,1.0,LOG,AUTH_SUCCESS,C161
1949,132,U179,1.0,LOG,AUTH_SUCCESS,C175
1950,133,U418,1.0,LOG,AUTH_SUCCESS,C542
1951,133,U208,1.0,LOG,AUTH_SUCCESS,C150
1952,133,U208,1.0,LOG,AUTH_SUCCESS,C283
1953,133,U206,1.0,LOG,AUTH_SUCCESS,C134
1954,133,U206,1.0,LOG,AUTH_SUCCESS,C278
1955,133,U6,1.0,LOG,AUTH_SUCCESS,C7
1956,133,U420,1.0,LOG,AUTH_SUCCESS,C544
1957,133,U173,1.0,LOG,AUTH_SUCCESS,C233
1958,133,U9,1.0,LOG,AUTH_SUCCESS,C10
1959,133,U77,1.0,LOG,AUTH_SUCCESS,C234
1960,133,U77,1.0,LOG,AUTH_SUCCESS,C78
1961,133,U128,1.0,LOG,AUTH_SUCCESS,C167
1962,133,U128,1.0,LOG,AUTH_SUCCESS,C176
1963,134,U230,1.0,LOG,AUTH_SUCCESS,C315
1964,134,U6,1.0,LOG,AUTH_SUCCESS,C7
1965,134,U6,1.0,LOG,AUTH_SUCCESS,C148
1966,134,U362,1.0,LOG,AUTH_SUCCESS,C482
1967,134,U13,1.0,LOG,AUTH_SUCCESS,C172
1968,134,U13,1.0,LOG,AUTH_SUCCESS,C14
1969,134,U60,1.0,LOG,AUTH_SUCCESS,C173
1970,134,U12,1.0,LOG,AUTH_SUCCESS,C381
1971,135,U421,1.0,LOG,AUTH_SUCCESS,C545
1972,135,U422,1.0,LOG,AUTH_SUCCESS,C546
1973,135,U235,1.0,LOG,AUTH_SUCCESS,C219
1974,135,U235,1.0,LOG,AUTH_SUCCESS,C320
1975,135,U230,1.0,LOG,AUTH_SUCCESS,C315
1976,135,U6,1.0,LOG,AUTH_SUCCESS,C7
1977,135,U420,1.0,LOG,AUTH_SUCCESS,C544
1978,135,U14,1.0,LOG,AUTH_SUCCESS,C219
1979,135,U14,1.0,LOG,AUTH_SUCCESS,C15
1980,135,U124,1.0,LOG,AUTH_SUCCESS,C192
1981,135,U362,1.0,LOG,AUTH_SUCCESS,C482
1982,135,U13,1.0,LOG,AUTH_SUCCESS,C172
1983,135,U13,1.0,LOG,AUTH_SUCCESS,C14
1984,135,U84,1.0,LOG,AUTH_SUCCESS,C86
1985,135,U84,1.0,LOG,AUTH_SUCCESS,C88
1986,135,U12,1.0,LOG,AUTH_SUCCESS,C415
1987,135,U156,1.0,LOG,AUTH_SUCCESS,C85
1988,136,U421,1.0,LOG,AUTH_SUCCESS,C545
1989,136,U422,1.0,LOG,AUTH_SUCCESS,C546
1990,136,U423,1.0,LOG,AUTH_SUCCESS,C547
1991,136,U424,1.0,LOG,AUTH_SUCCESS,C548
1992,136,U425,1.0,LOG,AUTH_SUCCESS,C549
1993,136,U426,1.0,LOG,AUTH_SUCCESS,C550
1994,136,U124,1.0,LOG,AUTH_SUCCESS,C192
1995,136,U124,1.0,LOG,AUTH_SUCCESS,C168
1996,136,U84,1.0,LOG,AUTH_SUCCESS,C87
1997,136,U84,1.0,LOG,AUTH_SUCCESS,C88
1998,136,U95,1.0,LOG,AUTH_SUCCESS,C154
1999,136,U156,1.0,LOG,AUTH_SUCCESS,C161
2000,137,U421,1.0,LOG,AUTH_SUCCESS,C545
2001,137,U427,1.0,LOG,AUTH_SUCCESS,C551
2002,137,U427,1.0,LOG,AUTH_SUCCESS,C151
2003,137,U425,1.0,LOG,AUTH_SUCCESS,C549
2004,137,U285,1.0,LOG,AUTH_SUCCESS,C380
2005,137,U285,1.0,LOG,AUTH_SUCCESS,C151
2006,137,U258,1.0,LOG,AUTH_SUCCESS,C347
2007,137,U258,1.0,LOG,AUTH_SUCCESS,C151
2008,137,U226,1.0,LOG,AUTH_SUCCESS,C151
2009,137,U226,1.0,LOG,AUTH_SUCCESS,C306
2010,137,U124,1.0,LOG,AUTH_SUCCESS,C552
2011,137,U244,1.0,LOG,AUTH_SUCCESS,C219
2012,137,U244,1.0,LOG,AUTH_SUCCESS,C330
2013,137,U84,1.0,LOG,AUTH_SUCCESS,C88
2014,137,U84,1.0,LOG,AUTH_SUCCESS,C90
2015,137,U105,1.0,LOG,AUTH_SUCCESS,C160
2016,138,U428,1.0,LOG,AUTH_SUCCESS,C553
2017,138,U429,1.0,LOG,AUTH_SUCCESS,C554
2018,138,U285,1.0,LOG,AUTH_SUCCESS,C380
2019,138,U124,1.0,LOG,AUTH_SUCCESS,C154
2020,138,U155,1.0,LOG,AUTH_SUCCESS,C161
2021,138,U127,1.0,LOG,AUTH_SUCCESS,C155
2022,138,U84,1.0,LOG,AUTH_SUCCESS,C88
2023,138,U84,1.0,LOG,AUTH_SUCCESS,C91
2024,138,U159,1.0,LOG,AUTH_SUCCESS,C160
2025,138,U97,1.0,LOG,AUTH_SUCCESS,C161
2026,138,U128,1.0,LOG,AUTH_SUCCESS,C167
2027,138,U128,1.0,LOG,AUTH_SUCCESS,C176
2028,139,U430,1.0,LOG,AUTH_SUCCESS,C555
2029,139,U428,1.0,LOG,AUTH_SUCCESS,C553
2030,139,U19,1.0,LOG,AUTH_SUCCESS,C20
2031,139,U116,1.0,LOG,AUTH_SUCCESS,C155
2032,139,U13,1.0,LOG,AUTH_SUCCESS,C32
2033,139,U13,1.0,LOG,AUTH_SUCCESS,C42
2034,139,U94,1.0,LOG,AUTH_SUCCESS,C186
2035,139,U94,1.0,LOG,AUTH_SUCCESS,C110
2036,139,U60,1.0,LOG,AUTH_SUCCESS,C213
2037,139,U60,1.0,LOG,AUTH_SUCCESS,C173
2038,139,U60,1.0,LOG,AUTH_SUCCESS,C157
2039,139,U159,1.0,LOG,AUTH_SUCCESS,C160
2040,140,U431,1.0,LOG,AUTH_SUCCESS,C556
2041,140,U431,1.0,LOG,AUTH_SUCCESS,C248
2042,140,U430,1.0,LOG,AUTH_SUCCESS,C555
2043,140,U120,1.0,LOG,AUTH_SUCCESS,C164
2044,140,U120,1.0,LOG,AUTH_SUCCESS,C148
2045,140,U19,1.0,LOG,AUTH_SUCCESS,C20
2046,140,U432,1.0,LOG,AUTH_SUCCESS,C557
2047,140,U168,1.0,LOG,AUTH_SUCCESS,C227
2048,140,U433,1.0,LOG,AUTH_SUCCESS,C558
2049,140,U155,1.0,LOG,AUTH_SUCCESS,C161
2050,140,U13,1.0,LOG,AUTH_SUCCESS,C42
2051,140,U13,1.0,LOG,AUTH_SUCCESS,C209
2052,140,U12,1.0,LOG,AUTH_SUCCESS,C524
2053,140,U12,1.0,LOG,AUTH_SUCCESS,C209
2054,140,U156,1.0,LOG,AUTH_SUCCESS,C161
2055,140,U97,1.0,LOG,AUTH_SUCCESS,C116
2056,140,U97,1.0,LOG,AUTH_SUCCESS,C161
2057,141,U430,1.0,LOG,AUTH_SUCCESS,C555
2058,141,U428,1.0,LOG,AUTH_SUCCESS,C553
2059,141,U434,1.0,LOG,AUTH_SUCCESS,C559
2060,141,U435,1.0,LOG,AUTH_SUCCESS,C560
2061,141,U29,1.0,LOG,AUTH_SUCCESS,C300
2062,141,U29,1.0,LOG,AUTH_SUCCESS,C30
2063,141,U259,1.0,LOG,AUTH_SUCCESS,C348
2064,141,U12,1.0,LOG,AUTH_SUCCESS,C561
2065,141,U12,1.0,LOG,AUTH_SUCCESS,C162
2066,141,U12,1.0,LOG,AUTH_SUCCESS,C13
2067,141,U159,1.0,LOG,AUTH_SUCCESS,C160
2068,142,U113,1.0,LOG,AUTH_SUCCESS,C147
2069,142,U113,1.0,LOG,AUTH_SUCCESS,C148
2070,142,U252,1.0,LOG,AUTH_SUCCESS,C339
2071,142,U252,1.0,LOG,AUTH_SUCCESS,C225
2072,142,U68,1.0,LOG,AUTH_SUCCESS,C71
2073,142,U436,1.0,LOG,AUTH_SUCCESS,C562
2074,142,U434,1.0,LOG,AUTH_SUCCESS,C559
2075,142,U435,1.0,LOG,AUTH_SUCCESS,C150
2076,142,U435,1.0,LOG,AUTH_SUCCESS,C560
2077,142,U427,1.0,LOG,AUTH_SUCCESS,C551
2078,142,U427,1.0,LOG,AUTH_SUCCESS,C200
2079,142,U21,1.0,LOG,AUTH_SUCCESS,C22
2080,142,U114,1.0,LOG,AUTH_SUCCESS,C149
2081,142,U114,1.0,LOG,AUTH_SUCCESS,C148
2082,142,U437,1.0,LOG,AUTH_SUCCESS,C563
2083,142,U438,1.0,LOG,AUTH_SUCCESS,C564
2084,142,U115,1.0,LOG,AUTH_SUCCESS,C148
2085,142,U115,1.0,LOG,AUTH_SUCCESS,C152
2086,142,U77,1.0,LOG,AUTH_SUCCESS,C78
2087,142,U259,1.0,LOG,AUTH_SUCCESS,C348
2088,142,U13,1.0,LOG,AUTH_SUCCESS,C14
2089,142,U13,1.0,LOG,AUTH_SUCCESS,C42
2090,142,U156,1.0,LOG,AUTH_SUCCESS,C115
2091,142,U156,1.0,LOG,AUTH_SUCCESS,C161
2092,143,U439,1.0,LOG,AUTH_SUCCESS,C565
2093,143,U440,1.0,LOG,AUTH_SUCCESS,C566
2094,143,U68,1.0,LOG,AUTH_SUCCESS,C71
2095,143,U63,1.0,LOG,AUTH_SUCCESS,C68
2096,143,U436,1.0,LOG,AUTH_SUCCESS,C562
2097,143,U21,1.0,LOG,AUTH_SUCCESS,C22
2098,143,U437,1.0,LOG,AUTH_SUCCESS,C563
2099,143,U13,1.0,LOG,AUTH_SUCCESS,C14
2100,143,U12,1.0,LOG,AUTH_SUCCESS,C107
2101,143,U12,1.0,LOG,AUTH_SUCCESS,C13
2102,143,U12,1.0,LOG,AUTH_SUCCESS,C54
2103,143,U12,1.0,LOG,AUTH_SUCCESS,C428
2104,143,U159,1.0,LOG,AUTH_SUCCESS,C160
2105,143,U156,1.0,LOG,AUTH_SUCCESS,C115
2106,143,U128,1.0,LOG,AUTH_SUCCESS,C167
2107,143,U128,1.0,LOG,AUTH_SUCCESS,C176
2108,144,U439,1.0,LOG,AUTH_SUCCESS,C565
2109,144,U441,1.0,LOG,AUTH_SUCCESS,C567
2110,144,U435,1.0,LOG,AUTH_SUCCESS,C150
2111,144,U435,1.0,LOG,AUTH_SUCCESS,C560
2112,144,U28,1.0,LOG,AUTH_SUCCESS,C29
2113,144,U442,1.0,LOG,AUTH_SUCCESS,C568
2114,144,U60,1.0,LOG,AUTH_SUCCESS,C108
2115,144,U60,1.0,LOG,AUTH_SUCCESS,C173
2116,144,U12,1.0,LOG,AUTH_SUCCESS,C54
2117,144,U184,1.0,LOG,AUTH_SUCCESS,C154
2118,144,U97,1.0,LOG,AUTH_SUCCESS,C161
2119,144,U46,1.0,LOG,AUTH_SUCCESS,C154
2120,144,U67,1.0,LOG,AUTH_SUCCESS,C49
2121,145,U439,1.0,LOG,AUTH_SUCCESS,C565
2122,145,U18,1.0,LOG,AUTH_SUCCESS,C19
2123,145,U162,1.0,LOG,AUTH_SUCCESS,C218
2124,145,U63,1.0,LOG,AUTH_SUCCESS,C234
2125,145,U63,1.0,LOG,AUTH_SUCCESS,C68
2126,145,U436,1.0,LOG,AUTH_SUCCESS,C562
2127,145,U443,1.0,LOG,AUTH_SUCCESS,C569
2128,145,U28,1.0,LOG,AUTH_SUCCESS,C29
2129,145,U437,1.0,LOG,AUTH_SUCCESS,C563
2130,145,U261,1.0,LOG,AUTH_SUCCESS,C352
2131,145,U444,1.0,LOG,AUTH_SUCCESS,C570
2132,145,U77,1.0,LOG,AUTH_SUCCESS,C234
2133,145,U77,1.0,LOG,AUTH_SUCCESS,C78
2134,145,U12,1.0,LOG,AUTH_SUCCESS,C112
2135,145,U12,1.0,LOG,AUTH_SUCCESS,C431
2136,145,U12,1.0,LOG,AUTH_SUCCESS,C265
2137,145,U12,1.0,LOG,AUTH_SUCCESS,C54
2138,146,U130,1.0,LOG,AUTH_SUCCESS,C179
2139,146,U130,1.0,LOG,AUTH_SUCCESS,C148
2140,146,U160,1.0,LOG,AUTH_SUCCESS,C216
2141,146,U445,1.0,LOG,AUTH_SUCCESS,C571
2142,146,U18,1.0,LOG,AUTH_SUCCESS,C19
2143,146,U446,1.0,LOG,AUTH_SUCCESS,C572
2144,146,U132,1.0,LOG,AUTH_SUCCESS,C181
2145,146,U132,1.0,LOG,AUTH_SUCCESS,C148
2146,146,U443,1.0,LOG,AUTH_SUCCESS,C569
2147,146,U256,1.0,LOG,AUTH_SUCCESS,C573
2148,146,U444,1.0,LOG,AUTH_SUCCESS,C570
2149,146,U447,1.0,LOG,AUTH_SUCCESS,C574
2150,146,U153,1.0,LOG,AUTH_SUCCESS,C207
2151,146,U153,1.0,LOG,AUTH_SUCCESS,C148
2152,146,U154,1.0,LOG,AUTH_SUCCESS,C208
2153,146,U154,1.0,LOG,AUTH_SUCCESS,C148
2154,146,U13,1.0,LOG,AUTH_SUCCESS,C209
2155,146,U12,1.0,LOG,AUTH_SUCCESS,C13
2156,146,U184,1.0,LOG,AUTH_SUCCESS,C154
2157,146,U156,1.0,LOG,AUTH_SUCCESS,C115
2158,146,U179,1.0,LOG,AUTH_SUCCESS,C175
2159,146,U67,1.0,LOG,AUTH_SUCCESS,C154
2160,146,U67,1.0,LOG,AUTH_SUCCESS,C49
2161,147,U268,1.0,LOG,AUTH_SUCCESS,C358
2162,147,U294,1.0,LOG,AUTH_SUCCESS,C390
2163,147,U294,1.0,LOG,AUTH_SUCCESS,C151
2164,147,U160,1.0,LOG,AUTH_SUCCESS,C216
2165,147,U199,1.0,LOG,AUTH_SUCCESS,C272
2166,147,U199,1.0,LOG,AUTH_SUCCESS,C151
2167,147,U448,1.0,LOG,AUTH_SUCCESS,C575
2168,147,U448,1.0,LOG,AUTH_SUCCESS,C150
2169,147,U18,1.0,LOG,AUTH_SUCCESS,C150
2170,147,U18,1.0,LOG,AUTH_SUCCESS,C19
2171,147,U63,1.0,LOG,AUTH_SUCCESS,C68
2172,147,U449,1.0,LOG,AUTH_SUCCESS,C576
2173,147,U450,1.0,LOG,AUTH_SUCCESS,C577
2174,147,U261,1.0,LOG,AUTH_SUCCESS,C151
2175,147,U261,1.0,LOG,AUTH_SUCCESS,C200
2176,147,U261,1.0,LOG,AUTH_SUCCESS,C352
2177,147,U447,1.0,LOG,AUTH_SUCCESS,C574
2178,147,U335,1.0,LOG,AUTH_SUCCESS,C447
2179,147,U12,1.0,LOG,AUTH_SUCCESS,C236
2180,147,U12,1.0,LOG,AUTH_SUCCESS,C13
2181,147,U105,1.0,LOG,AUTH_SUCCESS,C160
2182,148,U431,1.0,LOG,AUTH_SUCCESS,C556
2183,148,U431,1.0,LOG,AUTH_SUCCESS,C248
2184,148,U268,1.0,LOG,AUTH_SUCCESS,C150
2185,148,U268,1.0,LOG,AUTH_SUCCESS,C358
2186,148,U451,1.0,LOG,AUTH_SUCCESS,C578
2187,148,U405,1.0,LOG,AUTH_SUCCESS,C527
2188,148,U405,1.0,LOG,AUTH_SUCCESS,C148
2189,148,U452,1.0,LOG,AUTH_SUCCESS,C579
2190,148,U453,1.0,LOG,AUTH_SUCCESS,C580
2191,148,U16,1.0,LOG,AUTH_SUCCESS,C148
2192,148,U16,1.0,LOG,AUTH_SUCCESS,C17
2193,148,U454,1.0,LOG,AUTH_SUCCESS,C248
2194,148,U454,1.0,LOG,AUTH_SUCCESS,C581
2195,148,U450,1.0,LOG,AUTH_SUCCESS,C577
2196,148,U413,1.0,LOG,AUTH_SUCCESS,C536
2197,148,U447,1.0,LOG,AUTH_SUCCESS,C574
2198,148,U335,1.0,LOG,AUTH_SUCCESS,C447
2199,148,U12,1.0,LOG,AUTH_SUCCESS,C582
2200,148,U204,1.0,LOG,AUTH_SUCCESS,C154
2201,148,U95,1.0,LOG,AUTH_SUCCESS,C154
2202,148,U156,1.0,LOG,AUTH_SUCCESS,C161
2203,148,U179,1.0,LOG,AUTH_SUCCESS,C175
2204,148,U128,1.0,LOG,AUTH_SUCCESS,C167
2205,148,U128,1.0,LOG,AUTH_SUCCESS,C176
2206,149,U455,1.0,LOG,AUTH_SUCCESS,C583
2207,149,U16,1.0,LOG,AUTH_SUCCESS,C17
2208,149,U63,1.0,LOG,AUTH_SUCCESS,C234
2209,149,U63,1.0,LOG,AUTH_SUCCESS,C68
2210,149,U413,1.0,LOG,AUTH_SUCCESS,C536
2211,149,U163,1.0,LOG,AUTH_SUCCESS,C219
2212,149,U163,1.0,LOG,AUTH_SUCCESS,C220
2213,149,U13,1.0,LOG,AUTH_SUCCESS,C309
2214,149,U13,1.0,LOG,AUTH_SUCCESS,C282
2215,149,U60,1.0,LOG,AUTH_SUCCESS,C173
2216,149,U169,1.0,LOG,AUTH_SUCCESS,C238
2217,150,U279,1.0,LOG,AUTH_SUCCESS,C373
2218,150,U456,1.0,LOG,AUTH_SUCCESS,C584
2219,150,U16,1.0,LOG,AUTH_SUCCESS,C148
2220,150,U16,1.0,LOG,AUTH_SUCCESS,C17
2221,150,U457,1.0,LOG,AUTH_SUCCESS,C585
2222,150,U457,1.0,LOG,AUTH_SUCCESS,C394
2223,150,U291,1.0,LOG,AUTH_SUCCESS,C238
2224,150,U39,1.0,LOG,AUTH_SUCCESS,C41
2225,150,U458,1.0,LOG,AUTH_SUCCESS,C586
2226,150,U167,1.0,LOG,AUTH_SUCCESS,C225
2227,150,U167,1.0,LOG,AUTH_SUCCESS,C226
2228,150,U13,1.0,LOG,AUTH_SUCCESS,C309
2229,150,U13,1.0,LOG,AUTH_SUCCESS,C282
2230,150,U13,1.0,LOG,AUTH_SUCCESS,C32
2231,150,U13,1.0,LOG,AUTH_SUCCESS,C42
2232,150,U12,1.0,LOG,AUTH_SUCCESS,C561
2233,150,U12,1.0,LOG,AUTH_SUCCESS,C13
2234,150,U159,1.0,LOG,AUTH_SUCCESS,C160
2235,150,U156,1.0,LOG,AUTH_SUCCESS,C161
2236,150,U179,1.0,LOG,AUTH_SUCCESS,C175
2237,151,U279,1.0,LOG,AUTH_SUCCESS,C373
2238,151,U170,1.0,LOG,AUTH_SUCCESS,C229
2239,151,U456,1.0,LOG,AUTH_SUCCESS,C584
2240,151,U459,1.0,LOG,AUTH_SUCCESS,C587
2241,151,U460,1.0,LOG,AUTH_SUCCESS,C588
2242,151,U16,1.0,LOG,AUTH_SUCCESS,C17
2243,151,U300,1.0,LOG,AUTH_SUCCESS,C397
2244,151,U30,1.0,LOG,AUTH_SUCCESS,C31
2245,151,U39,1.0,LOG,AUTH_SUCCESS,C41
2246,151,U461,1.0,LOG,AUTH_SUCCESS,C589
2247,151,U13,1.0,LOG,AUTH_SUCCESS,C32
2248,151,U13,1.0,LOG,AUTH_SUCCESS,C42
2249,151,U13,1.0,LOG,AUTH_SUCCESS,C209
2250,151,U12,1.0,LOG,AUTH_SUCCESS,C236
2251,151,U12,1.0,LOG,AUTH_SUCCESS,C443
2252,151,U12,1.0,LOG,AUTH_SUCCESS,C13
2253,152,U130,1.0,LOG,AUTH_SUCCESS,C179
2254,152,U130,1.0,LOG,AUTH_SUCCESS,C239
2255,152,U462,1.0,LOG,AUTH_SUCCESS,C590
2256,152,U459,1.0,LOG,AUTH_SUCCESS,C587
2257,152,U463,1.0,LOG,AUTH_SUCCESS,C591
2258,152,U460,1.0,LOG,AUTH_SUCCESS,C588
2259,152,U300,1.0,LOG,AUTH_SUCCESS,C397
2260,152,U30,1.0,LOG,AUTH_SUCCESS,C150
2261,152,U30,1.0,LOG,AUTH_SUCCESS,C31
2262,152,U177,1.0,LOG,AUTH_SUCCESS,C242
2263,152,U177,1.0,LOG,AUTH_SUCCESS,C148
2264,152,U120,1.0,LOG,AUTH_SUCCESS,C164
2265,152,U120,1.0,LOG,AUTH_SUCCESS,C239
2266,152,U458,1.0,LOG,AUTH_SUCCESS,C586
2267,152,U461,1.0,LOG,AUTH_SUCCESS,C589
2268,152,U153,1.0,LOG,AUTH_SUCCESS,C207
2269,152,U153,1.0,LOG,AUTH_SUCCESS,C239
2270,152,U237,1.0,LOG,AUTH_SUCCESS,C322
2271,152,U13,1.0,LOG,AUTH_SUCCESS,C32
2272,152,U13,1.0,LOG,AUTH_SUCCESS,C42
2273,152,U60,1.0,LOG,AUTH_SUCCESS,C65
2274,152,U95,1.0,LOG,AUTH_SUCCESS,C154
2275,152,U156,1.0,LOG,AUTH_SUCCESS,C161
2276,152,U97,1.0,LOG,AUTH_SUCCESS,C161
2277,152,U179,1.0,LOG,AUTH_SUCCESS,C175
2278,153,U462,1.0,LOG,AUTH_SUCCESS,C590
2279,153,U464,1.0,LOG,AUTH_SUCCESS,C592
2280,153,U465,1.0,LOG,AUTH_SUCCESS,C593
2281,153,U304,1.0,LOG,AUTH_SUCCESS,C402
2282,153,U461,1.0,LOG,AUTH_SUCCESS,C589
2283,153,U29,1.0,LOG,AUTH_SUCCESS,C30
2284,153,U466,1.0,LOG,AUTH_SUCCESS,C594
2285,153,U183,1.0,LOG,AUTH_SUCCESS,C250
2286,153,U13,1.0,LOG,AUTH_SUCCESS,C282
2287,153,U128,1.0,LOG,AUTH_SUCCESS,C167
2288,153,U128,1.0,LOG,AUTH_SUCCESS,C176
2289,154,U467,1.0,LOG,AUTH_SUCCESS,C595
2290,154,U462,1.0,LOG,AUTH_SUCCESS,C590
2291,154,U468,1.0,LOG,AUTH_SUCCESS,C596
2292,154,U47,1.0,LOG,AUTH_SUCCESS,C50
2293,154,U464,1.0,LOG,AUTH_SUCCESS,C592
2294,154,U186,1.0,LOG,AUTH_SUCCESS,C254
2295,154,U186,1.0,LOG,AUTH_SUCCESS,C148
2296,154,U465,1.0,LOG,AUTH_SUCCESS,C593
2297,154,U304,1.0,LOG,AUTH_SUCCESS,C402
2298,154,U469,1.0,LOG,AUTH_SUCCESS,C597
2299,154,U470,1.0,LOG,AUTH_SUCCESS,C301
2300,154,U461,1.0,LOG,AUTH_SUCCESS,C589
2301,154,U182,1.0,LOG,AUTH_SUCCESS,C248
2302,154,U182,1.0,LOG,AUTH_SUCCESS,C249
2303,154,U466,1.0,LOG,AUTH_SUCCESS,C594
2304,154,U77,1.0,LOG,AUTH_SUCCESS,C78
2305,154,U183,1.0,LOG,AUTH_SUCCESS,C250
2306,154,U188,1.0,LOG,AUTH_SUCCESS,C148
2307,154,U188,1.0,LOG,AUTH_SUCCESS,C256
2308,154,U60,1.0,LOG,AUTH_SUCCESS,C173
2309,154,U12,1.0,LOG,AUTH_SUCCESS,C598
2310,154,U156,1.0,LOG,AUTH_SUCCESS,C115
2311,154,U97,1.0,LOG,AUTH_SUCCESS,C161
2312,155,U468,1.0,LOG,AUTH_SUCCESS,C596
2313,155,U47,1.0,LOG,AUTH_SUCCESS,C50
2314,155,U231,1.0,LOG,AUTH_SUCCESS,C316
2315,155,U231,1.0,LOG,AUTH_SUCCESS,C459
2316,155,U275,1.0,LOG,AUTH_SUCCESS,C599
2317,155,U275,1.0,LOG,AUTH_SUCCESS,C368
2318,155,U310,1.0,LOG,AUTH_SUCCESS,C412
2319,155,U471,1.0,LOG,AUTH_SUCCESS,C600
2320,155,U469,1.0,LOG,AUTH_SUCCESS,C597
2321,155,U193,1.0,LOG,AUTH_SUCCESS,C260
2322,155,U124,1.0,LOG,AUTH_SUCCESS,C192
2323,155,U470,1.0,LOG,AUTH_SUCCESS,C301
2324,155,U29,1.0,LOG,AUTH_SUCCESS,C30
2325,155,U466,1.0,LOG,AUTH_SUCCESS,C594
2326,155,U95,1.0,LOG,AUTH_SUCCESS,C154
2327,156,U467,1.0,LOG,AUTH_SUCCESS,C595
2328,156,U472,1.0,LOG,AUTH_SUCCESS,C601
2329,156,U471,1.0,LOG,AUTH_SUCCESS,C600
2330,156,U124,1.0,LOG,AUTH_SUCCESS,C192
2331,156,U124,1.0,LOG,AUTH_SUCCESS,C168
2332,156,U194,1.0,LOG,AUTH_SUCCESS,C268
2333,156,U194,1.0,LOG,AUTH_SUCCESS,C262
2334,156,U194,1.0,LOG,AUTH_SUCCESS,C263
2335,156,U197,1.0,LOG,AUTH_SUCCESS,C269
2336,156,U398,1.0,LOG,AUTH_SUCCESS,C518
2337,156,U48,1.0,LOG,AUTH_SUCCESS,C292
2338,156,U12,1.0,LOG,AUTH_SUCCESS,C456
2339,156,U12,1.0,LOG,AUTH_SUCCESS,C602
2340,156,U97,1.0,LOG,AUTH_SUCCESS,C161
2341,157,U467,1.0,LOG,AUTH_SUCCESS,C595
2342,157,U332,1.0,LOG,AUTH_SUCCESS,C444
2343,157,U332,1.0,LOG,AUTH_SUCCESS,C151
2344,157,U52,1.0,LOG,AUTH_SUCCESS,C57
2345,157,U53,1.0,LOG,AUTH_SUCCESS,C58
2346,157,U473,1.0,LOG,AUTH_SUCCESS,C310
2347,157,U100,1.0,LOG,AUTH_SUCCESS,C121
2348,157,U100,1.0,LOG,AUTH_SUCCESS,C151
2349,157,U471,1.0,LOG,AUTH_SUCCESS,C600
2350,157,U197,1.0,LOG,AUTH_SUCCESS,C269
2351,157,U197,1.0,LOG,AUTH_SUCCESS,C280
2352,157,U29,1.0,LOG,AUTH_SUCCESS,C30
2353,157,U474,1.0,LOG,AUTH_SUCCESS,C603
2354,157,U77,1.0,LOG,AUTH_SUCCESS,C234
2355,157,U77,1.0,LOG,AUTH_SUCCESS,C78
2356,157,U188,1.0,LOG,AUTH_SUCCESS,C239
2357,157,U188,1.0,LOG,AUTH_SUCCESS,C256
2358,157,U105,1.0,LOG,AUTH_SUCCESS,C160
2359,158,U472,1.0,LOG,AUTH_SUCCESS,C601
2360,158,U52,1.0,LOG,AUTH_SUCCESS,C57
2361,158,U475,1.0,LOG,AUTH_SUCCESS,C604
2362,158,U202,1.0,LOG,AUTH_SUCCESS,C148
2363,158,U202,1.0,LOG,AUTH_SUCCESS,C275
2364,158,U12,1.0,LOG,AUTH_SUCCESS,C265
2365,158,U159,1.0,LOG,AUTH_SUCCESS,C160
2366,158,U128,1.0,LOG,AUTH_SUCCESS,C167
2367,158,U128,1.0,LOG,AUTH_SUCCESS,C176
2368,159,U476,1.0,LOG,AUTH_SUCCESS,C605
2369,159,U4,1.0,LOG,AUTH_SUCCESS,C5
2370,159,U477,1.0,LOG,AUTH_SUCCESS,C606
2371,159,U216,1.0,LOG,AUTH_SUCCESS,C219
2372,159,U216,1.0,LOG,AUTH_SUCCESS,C291
2373,159,U127,1.0,LOG,AUTH_SUCCESS,C155
2374,159,U60,1.0,LOG,AUTH_SUCCESS,C173
2375,159,U159,1.0,LOG,AUTH_SUCCESS,C160
2376,160,U478,1.0,LOG,AUTH_SUCCESS,C607
2377,160,U479,1.0,LOG,AUTH_SUCCESS,C608
2378,160,U457,1.0,LOG,AUTH_SUCCESS,C585
2379,160,U457,1.0,LOG,AUTH_SUCCESS,C394
2380,160,U4,1.0,LOG,AUTH_SUCCESS,C150
2381,160,U4,1.0,LOG,AUTH_SUCCESS,C5
2382,160,U214,1.0,LOG,AUTH_SUCCESS,C289
2383,160,U214,1.0,LOG,AUTH_SUCCESS,C148
2384,160,U480,1.0,LOG,AUTH_SUCCESS,C609
2385,160,U127,1.0,LOG,AUTH_SUCCESS,C155
2386,160,U12,1.0,LOG,AUTH_SUCCESS,C342
2387,160,U97,1.0,LOG,AUTH_SUCCESS,C161
2388,161,U481,1.0,LOG,AUTH_SUCCESS,C610
2389,161,U211,1.0,LOG,AUTH_SUCCESS,C248
2390,161,U211,1.0,LOG,AUTH_SUCCESS,C286
2391,161,U476,1.0,LOG,AUTH_SUCCESS,C605
2392,161,U212,1.0,LOG,AUTH_SUCCESS,C295
2393,161,U212,1.0,LOG,AUTH_SUCCESS,C280
2394,161,U212,1.0,LOG,AUTH_SUCCESS,C287
2395,161,U478,1.0,LOG,AUTH_SUCCESS,C607
2396,161,U482,1.0,LOG,AUTH_SUCCESS,C611
2397,161,U483,1.0,LOG,AUTH_SUCCESS,C612
2398,161,U4,1.0,LOG,AUTH_SUCCESS,C5
2399,161,U218,1.0,LOG,AUTH_SUCCESS,C219
2400,161,U218,1.0,LOG,AUTH_SUCCESS,C296
2401,161,U480,1.0,LOG,AUTH_SUCCESS,C609
2402,161,U29,1.0,LOG,AUTH_SUCCESS,C300
2403,161,U29,1.0,LOG,AUTH_SUCCESS,C30
2404,161,U116,1.0,LOG,AUTH_SUCCESS,C155
2405,161,U159,1.0,LOG,AUTH_SUCCESS,C160
2406,162,U472,1.0,LOG,AUTH_SUCCESS,C601
2407,162,U472,1.0,LOG,AUTH_SUCCESS,C151
2408,162,U472,1.0,LOG,AUTH_SUCCESS,C200
2409,162,U223,1.0,LOG,AUTH_SUCCESS,C148
2410,162,U223,1.0,LOG,AUTH_SUCCESS,C302
2411,162,U484,1.0,LOG,AUTH_SUCCESS,C613
2412,162,U481,1.0,LOG,AUTH_SUCCESS,C610
2413,162,U485,1.0,LOG,AUTH_SUCCESS,C614
2414,162,U486,1.0,LOG,AUTH_SUCCESS,C615
2415,162,U486,1.0,LOG,AUTH_SUCCESS,C151
2416,162,U487,1.0,LOG,AUTH_SUCCESS,C616
2417,162,U482,1.0,LOG,AUTH_SUCCESS,C611
2418,162,U488,1.0,LOG,AUTH_SUCCESS,C82
2419,162,U100,1.0,LOG,AUTH_SUCCESS,C121
2420,162,U100,1.0,LOG,AUTH_SUCCESS,C200
2421,162,U225,1.0,LOG,AUTH_SUCCESS,C304
2422,162,U225,1.0,LOG,AUTH_SUCCESS,C305
2423,162,U489,1.0,LOG,AUTH_SUCCESS,C617
2424,162,U483,1.0,LOG,AUTH_SUCCESS,C612
2425,162,U227,1.0,LOG,AUTH_SUCCESS,C308
2426,162,U227,1.0,LOG,AUTH_SUCCESS,C148
2427,162,U9,1.0,LOG,AUTH_SUCCESS,C10
2428,162,U156,1.0,LOG,AUTH_SUCCESS,C161
2429,162,U97,1.0,LOG,AUTH_SUCCESS,C161
2430,163,U484,1.0,LOG,AUTH_SUCCESS,C613
2431,163,U485,1.0,LOG,AUTH_SUCCESS,C614
2432,163,U487,1.0,LOG,AUTH_SUCCESS,C616
2433,163,U482,1.0,LOG,AUTH_SUCCESS,C611
2434,163,U489,1.0,LOG,AUTH_SUCCESS,C617
2435,163,U9,1.0,LOG,AUTH_SUCCESS,C10
2436,163,U12,1.0,LOG,AUTH_SUCCESS,C618
2437,163,U12,1.0,LOG,AUTH_SUCCESS,C13
2438,163,U12,1.0,LOG,AUTH_SUCCESS,C457
2439,163,U12,1.0,LOG,AUTH_SUCCESS,C54
2440,163,U184,1.0,LOG,AUTH_SUCCESS,C154
2441,163,U159,1.0,LOG,AUTH_SUCCESS,C160
2442,164,U6,1.0,LOG,AUTH_SUCCESS,C7
2443,164,U6,1.0,LOG,AUTH_SUCCESS,C148
2444,164,U490,1.0,LOG,AUTH_SUCCESS,C619
2445,164,U491,1.0,LOG,AUTH_SUCCESS,C620
2446,164,U492,1.0,LOG,AUTH_SUCCESS,C621
2447,164,U493,1.0,LOG,AUTH_SUCCESS,C622
2448,164,U494,1.0,LOG,AUTH_SUCCESS,C623
2449,164,U60,1.0,LOG,AUTH_SUCCESS,C108
2450,164,U60,1.0,LOG,AUTH_SUCCESS,C173
2451,164,U12,1.0,LOG,AUTH_SUCCESS,C108
2452,164,U12,1.0,LOG,AUTH_SUCCESS,C324
2453,164,U12,1.0,LOG,AUTH_SUCCESS,C54
2454,164,U97,1.0,LOG,AUTH_SUCCESS,C161
2455,164,U66,1.0,LOG,AUTH_SUCCESS,C1
2456,164,U67,1.0,LOG,AUTH_SUCCESS,C49
2457,165,U235,1.0,LOG,AUTH_SUCCESS,C219
2458,165,U235,1.0,LOG,AUTH_SUCCESS,C320
2459,165,U495,1.0,LOG,AUTH_SUCCESS,C624
2460,165,U68,1.0,LOG,AUTH_SUCCESS,C71
2461,165,U6,1.0,LOG,AUTH_SUCCESS,C7
2462,165,U490,1.0,LOG,AUTH_SUCCESS,C619
2463,165,U14,1.0,LOG,AUTH_SUCCESS,C219
2464,165,U14,1.0,LOG,AUTH_SUCCESS,C15
2465,165,U493,1.0,LOG,AUTH_SUCCESS,C622
2466,165,U494,1.0,LOG,AUTH_SUCCESS,C623
2467,165,U496,1.0,LOG,AUTH_SUCCESS,C625
2468,165,U71,1.0,LOG,AUTH_SUCCESS,C74
2469,165,U127,1.0,LOG,AUTH_SUCCESS,C155
2470,165,U184,1.0,LOG,AUTH_SUCCESS,C154
2471,165,U66,1.0,LOG,AUTH_SUCCESS,C1
2472,165,U67,1.0,LOG,AUTH_SUCCESS,C154
2473,165,U67,1.0,LOG,AUTH_SUCCESS,C49
2474,166,U495,1.0,LOG,AUTH_SUCCESS,C624
2475,166,U68,1.0,LOG,AUTH_SUCCESS,C71
2476,166,U497,1.0,LOG,AUTH_SUCCESS,C626
2477,166,U6,1.0,LOG,AUTH_SUCCESS,C7
2478,166,U6,1.0,LOG,AUTH_SUCCESS,C148
2479,166,U490,1.0,LOG,AUTH_SUCCESS,C619
2480,166,U493,1.0,LOG,AUTH_SUCCESS,C622
2481,166,U77,1.0,LOG,AUTH_SUCCESS,C78
2482,166,U496,1.0,LOG,AUTH_SUCCESS,C625
2483,166,U498,1.0,LOG,AUTH_SUCCESS,C627
2484,166,U71,1.0,LOG,AUTH_SUCCESS,C74
2485,166,U97,1.0,LOG,AUTH_SUCCESS,C161
2486,166,U179,1.0,LOG,AUTH_SUCCESS,C175
2487,166,U66,1.0,LOG,AUTH_SUCCESS,C1
2488,167,U57,1.0,LOG,AUTH_SUCCESS,C62
2489,167,U131,1.0,LOG,AUTH_SUCCESS,C180
2490,167,U481,1.0,LOG,AUTH_SUCCESS,C610
2491,167,U481,1.0,LOG,AUTH_SUCCESS,C151
2492,167,U476,1.0,LOG,AUTH_SUCCESS,C605
2493,167,U53,1.0,LOG,AUTH_SUCCESS,C58
2494,167,U499,1.0,LOG,AUTH_SUCCESS,C628
2495,167,U497,1.0,LOG,AUTH_SUCCESS,C626
2496,167,U6,1.0,LOG,AUTH_SUCCESS,C7
2497,167,U483,1.0,LOG,AUTH_SUCCESS,C151
2498,167,U483,1.0,LOG,AUTH_SUCCESS,C612
2499,167,U500,1.0,LOG,AUTH_SUCCESS,C629
2500,167,U498,1.0,LOG,AUTH_SUCCESS,C627
2501,167,U244,1.0,LOG,AUTH_SUCCESS,C219
2502,167,U244,1.0,LOG,AUTH_SUCCESS,C330
2503,167,U48,1.0,LOG,AUTH_SUCCESS,C630
2504,167,U13,1.0,LOG,AUTH_SUCCESS,C172
2505,167,U12,1.0,LOG,AUTH_SUCCESS,C631
2506,167,U12,1.0,LOG,AUTH_SUCCESS,C427
2507,167,U12,1.0,LOG,AUTH_SUCCESS,C465
2508,167,U12,1.0,LOG,AUTH_SUCCESS,C632
2509,167,U204,1.0,LOG,AUTH_SUCCESS,C154
2510,167,U184,1.0,LOG,AUTH_SUCCESS,C154
2511,167,U128,1.0,LOG,AUTH_SUCCESS,C167
2512,167,U128,1.0,LOG,AUTH_SUCCESS,C176
2513,168,U501,1.0,LOG,AUTH_SUCCESS,C633
2514,168,U57,1.0,LOG,AUTH_SUCCESS,C62
2515,168,U131,1.0,LOG,AUTH_SUCCESS,C180
2516,168,U476,1.0,LOG,AUTH_SUCCESS,C605
2517,168,U502,1.0,LOG,AUTH_SUCCESS,C634
2518,168,U48,1.0,LOG,AUTH_SUCCESS,C630
2519,168,U93,1.0,LOG,AUTH_SUCCESS,C53
2520,168,U93,1.0,LOG,AUTH_SUCCESS,C107
2521,168,U12,1.0,LOG,AUTH_SUCCESS,C598
2522,168,U12,1.0,LOG,AUTH_SUCCESS,C221
2523,168,U12,1.0,LOG,AUTH_SUCCESS,C312
2524,168,U12,1.0,LOG,AUTH_SUCCESS,C635
2525,168,U97,1.0,LOG,AUTH_SUCCESS,C161
2526,168,U179,1.0,LOG,AUTH_SUCCESS,C175
2527,168,U112,1.0,LOG,AUTH_SUCCESS,C301
2528,168,U66,1.0,LOG,AUTH_SUCCESS,C118
2529,169,U501,1.0,LOG,AUTH_SUCCESS,C633
2530,169,U131,1.0,LOG,AUTH_SUCCESS,C180
2531,169,U476,1.0,LOG,AUTH_SUCCESS,C605
2532,169,U64,1.0,LOG,AUTH_SUCCESS,C69
2533,169,U503,1.0,LOG,AUTH_SUCCESS,C636
2534,169,U502,1.0,LOG,AUTH_SUCCESS,C634
2535,169,U70,1.0,LOG,AUTH_SUCCESS,C122
2536,169,U77,1.0,LOG,AUTH_SUCCESS,C234
2537,169,U77,1.0,LOG,AUTH_SUCCESS,C78
2538,169,U101,1.0,LOG,AUTH_SUCCESS,C123
2539,169,U48,1.0,LOG,AUTH_SUCCESS,C630
2540,169,U48,1.0,LOG,AUTH_SUCCESS,C95
2541,169,U60,1.0,LOG,AUTH_SUCCESS,C173
2542,169,U12,1.0,LOG,AUTH_SUCCESS,C401
2543,169,U12,1.0,LOG,AUTH_SUCCESS,C618
2544,169,U12,1.0,LOG,AUTH_SUCCESS,C13
2545,169,U112,1.0,LOG,AUTH_SUCCESS,C301
2546,170,U501,1.0,LOG,AUTH_SUCCESS,C633
2547,170,U106,1.0,LOG,AUTH_SUCCESS,C136
2548,170,U131,1.0,LOG,AUTH_SUCCESS,C180
2549,170,U481,1.0,LOG,AUTH_SUCCESS,C134
2550,170,U481,1.0,LOG,AUTH_SUCCESS,C610
2551,170,U120,1.0,LOG,AUTH_SUCCESS,C164
2552,170,U120,1.0,LOG,AUTH_SUCCESS,C148
2553,170,U64,1.0,LOG,AUTH_SUCCESS,C150
2554,170,U64,1.0,LOG,AUTH_SUCCESS,C69
2555,170,U504,1.0,LOG,AUTH_SUCCESS,C637
2556,170,U483,1.0,LOG,AUTH_SUCCESS,C134
2557,170,U483,1.0,LOG,AUTH_SUCCESS,C612
2558,170,U503,1.0,LOG,AUTH_SUCCESS,C636
2559,170,U70,1.0,LOG,AUTH_SUCCESS,C122
2560,170,U101,1.0,LOG,AUTH_SUCCESS,C123
2561,170,U48,1.0,LOG,AUTH_SUCCESS,C630
2562,170,U159,1.0,LOG,AUTH_SUCCESS,C160
2563,170,U97,1.0,LOG,AUTH_SUCCESS,C161
2564,170,U179,1.0,LOG,AUTH_SUCCESS,C175
2565,171,U231,1.0,LOG,AUTH_SUCCESS,C316
2566,171,U231,1.0,LOG,AUTH_SUCCESS,C459
2567,171,U64,1.0,LOG,AUTH_SUCCESS,C69
2568,171,U505,1.0,LOG,AUTH_SUCCESS,C638
2569,171,U506,1.0,LOG,AUTH_SUCCESS,C639
2570,171,U504,1.0,LOG,AUTH_SUCCESS,C637
2571,171,U128,1.0,LOG,AUTH_SUCCESS,C167
2572,171,U128,1.0,LOG,AUTH_SUCCESS,C176
2573,172,U113,1.0,LOG,AUTH_SUCCESS,C147
2574,172,U113,1.0,LOG,AUTH_SUCCESS,C148
2575,172,U355,1.0,LOG,AUTH_SUCCESS,C473
2576,172,U355,1.0,LOG,AUTH_SUCCESS,C200
2577,172,U252,1.0,LOG,AUTH_SUCCESS,C339
2578,172,U252,1.0,LOG,AUTH_SUCCESS,C225
2579,172,U64,1.0,LOG,AUTH_SUCCESS,C150
2580,172,U64,1.0,LOG,AUTH_SUCCESS,C69
2581,172,U507,1.0,LOG,AUTH_SUCCESS,C640
2582,172,U356,1.0,LOG,AUTH_SUCCESS,C474
2583,172,U508,1.0,LOG,AUTH_SUCCESS,C641
2584,172,U505,1.0,LOG,AUTH_SUCCESS,C638
2585,172,U506,1.0,LOG,AUTH_SUCCESS,C639
2586,172,U21,1.0,LOG,AUTH_SUCCESS,C22
2587,172,U483,1.0,LOG,AUTH_SUCCESS,C200
2588,172,U483,1.0,LOG,AUTH_SUCCESS,C612
2589,172,U503,1.0,LOG,AUTH_SUCCESS,C636
2590,172,U114,1.0,LOG,AUTH_SUCCESS,C149
2591,172,U114,1.0,LOG,AUTH_SUCCESS,C148
2592,172,U115,1.0,LOG,AUTH_SUCCESS,C148
2593,172,U115,1.0,LOG,AUTH_SUCCESS,C152
2594,172,U509,1.0,LOG,AUTH_SUCCESS,C200
2595,172,U509,1.0,LOG,AUTH_SUCCESS,C642
2596,172,U13,1.0,LOG,AUTH_SUCCESS,C32
2597,172,U97,1.0,LOG,AUTH_SUCCESS,C161
2598,172,U179,1.0,LOG,AUTH_SUCCESS,C175
2599,172,U128,1.0,LOG,AUTH_SUCCESS,C167
2600,172,U128,1.0,LOG,AUTH_SUCCESS,C176
2601,173,U507,1.0,LOG,AUTH_SUCCESS,C640
2602,173,U356,1.0,LOG,AUTH_SUCCESS,C474
2603,173,U505,1.0,LOG,AUTH_SUCCESS,C638
2604,173,U506,1.0,LOG,AUTH_SUCCESS,C639
2605,173,U21,1.0,LOG,AUTH_SUCCESS,C22
2606,173,U408,1.0,LOG,AUTH_SUCCESS,C530
2607,173,U13,1.0,LOG,AUTH_SUCCESS,C309
2608,173,U93,1.0,LOG,AUTH_SUCCESS,C251
2609,173,U93,1.0,LOG,AUTH_SUCCESS,C107
2610,173,U12,1.0,LOG,AUTH_SUCCESS,C365
2611,173,U112,1.0,LOG,AUTH_SUCCESS,C310
2612,174,U144,1.0,LOG,AUTH_SUCCESS,C195
2613,174,U510,1.0,LOG,AUTH_SUCCESS,C643
2614,174,U507,1.0,LOG,AUTH_SUCCESS,C640
2615,174,U511,1.0,LOG,AUTH_SUCCESS,C644
2616,174,U356,1.0,LOG,AUTH_SUCCESS,C150
2617,174,U356,1.0,LOG,AUTH_SUCCESS,C474
2618,174,U408,1.0,LOG,AUTH_SUCCESS,C530
2619,174,U136,1.0,LOG,AUTH_SUCCESS,C185
2620,174,U13,1.0,LOG,AUTH_SUCCESS,C172
2621,174,U13,1.0,LOG,AUTH_SUCCESS,C309
2622,174,U13,1.0,LOG,AUTH_SUCCESS,C32
2623,174,U60,1.0,LOG,AUTH_SUCCESS,C173
2624,174,U12,1.0,LOG,AUTH_SUCCESS,C645
2625,174,U97,1.0,LOG,AUTH_SUCCESS,C161
2626,175,U144,1.0,LOG,AUTH_SUCCESS,C195
2627,175,U510,1.0,LOG,AUTH_SUCCESS,C643
2628,175,U511,1.0,LOG,AUTH_SUCCESS,C644
2629,175,U6,1.0,LOG,AUTH_SUCCESS,C7
2630,175,U408,1.0,LOG,AUTH_SUCCESS,C134
2631,175,U408,1.0,LOG,AUTH_SUCCESS,C530
2632,175,U140,1.0,LOG,AUTH_SUCCESS,C190
2633,175,U124,1.0,LOG,AUTH_SUCCESS,C192
2634,175,U116,1.0,LOG,AUTH_SUCCESS,C155
2635,175,U127,1.0,LOG,AUTH_SUCCESS,C155
2636,175,U95,1.0,LOG,AUTH_SUCCESS,C154
2637,176,U144,1.0,LOG,AUTH_SUCCESS,C195
2638,176,U512,1.0,LOG,AUTH_SUCCESS,C646
2639,176,U130,1.0,LOG,AUTH_SUCCESS,C179
2640,176,U130,1.0,LOG,AUTH_SUCCESS,C148
2641,176,U513,1.0,LOG,AUTH_SUCCESS,C135
2642,176,U513,1.0,LOG,AUTH_SUCCESS,C647
2643,176,U510,1.0,LOG,AUTH_SUCCESS,C643
2644,176,U132,1.0,LOG,AUTH_SUCCESS,C181
2645,176,U132,1.0,LOG,AUTH_SUCCESS,C148
2646,176,U514,1.0,LOG,AUTH_SUCCESS,C648
2647,176,U6,1.0,LOG,AUTH_SUCCESS,C7
2648,176,U515,1.0,LOG,AUTH_SUCCESS,C649
2649,176,U140,1.0,LOG,AUTH_SUCCESS,C190
2650,176,U124,1.0,LOG,AUTH_SUCCESS,C192
2651,176,U124,1.0,LOG,AUTH_SUCCESS,C168
2652,176,U152,1.0,LOG,AUTH_SUCCESS,C206
2653,176,U154,1.0,LOG,AUTH_SUCCESS,C208
2654,176,U154,1.0,LOG,AUTH_SUCCESS,C148
2655,176,U516,1.0,LOG,AUTH_SUCCESS,C150
2656,176,U516,1.0,LOG,AUTH_SUCCESS,C650
2657,176,U127,1.0,LOG,AUTH_SUCCESS,C155
2658,176,U517,1.0,LOG,AUTH_SUCCESS,C651
2659,176,U97,1.0,LOG,AUTH_SUCCESS,C161
2660,176,U128,1.0,LOG,AUTH_SUCCESS,C167
2661,176,U128,1.0,LOG,AUTH_SUCCESS,C176
2662,177,U518,1.0,LOG,AUTH_SUCCESS,C652
2663,177,U513,1.0,LOG,AUTH_SUCCESS,C151
2664,177,U513,1.0,LOG,AUTH_SUCCESS,C647
2665,177,U147,1.0,LOG,AUTH_SUCCESS,C198
2666,177,U63,1.0,LOG,AUTH_SUCCESS,C68
2667,177,U507,1.0,LOG,AUTH_SUCCESS,C640
2668,177,U507,1.0,LOG,AUTH_SUCCESS,C151
2669,177,U507,1.0,LOG,AUTH_SUCCESS,C200
2670,177,U6,1.0,LOG,AUTH_SUCCESS,C7
2671,177,U152,1.0,LOG,AUTH_SUCCESS,C206
2672,177,U519,1.0,LOG,AUTH_SUCCESS,C330
2673,177,U336,1.0,LOG,AUTH_SUCCESS,C448
2674,177,U336,1.0,LOG,AUTH_SUCCESS,C200
2675,177,U116,1.0,LOG,AUTH_SUCCESS,C155
2676,177,U12,1.0,LOG,AUTH_SUCCESS,C456
2677,177,U95,1.0,LOG,AUTH_SUCCESS,C154
2678,177,U105,1.0,LOG,AUTH_SUCCESS,C160
2679,177,U128,1.0,LOG,AUTH_SUCCESS,C167
2680,177,U128,1.0,LOG,AUTH_SUCCESS,C176
2681,177,U112,1.0,LOG,AUTH_SUCCESS,C476
2682,177,U112,1.0,LOG,AUTH_SUCCESS,C86
2683,178,U513,1.0,LOG,AUTH_SUCCESS,C151
2684,178,U513,1.0,LOG,AUTH_SUCCESS,C135
2685,178,U513,1.0,LOG,AUTH_SUCCESS,C647
2686,178,U520,1.0,LOG,AUTH_SUCCESS,C653
2687,178,U521,1.0,LOG,AUTH_SUCCESS,C654
2688,178,U522,1.0,LOG,AUTH_SUCCESS,C655
2689,178,U152,1.0,LOG,AUTH_SUCCESS,C206
2690,178,U153,1.0,LOG,AUTH_SUCCESS,C207
2691,178,U153,1.0,LOG,AUTH_SUCCESS,C148
2692,178,U519,1.0,LOG,AUTH_SUCCESS,C330
2693,178,U77,1.0,LOG,AUTH_SUCCESS,C78
2694,178,U12,1.0,LOG,AUTH_SUCCESS,C107
2695,178,U12,1.0,LOG,AUTH_SUCCESS,C173
2696,178,U12,1.0,LOG,AUTH_SUCCESS,C13
2697,178,U159,1.0,LOG,AUTH_SUCCESS,C160
2698,178,U97,1.0,LOG,AUTH_SUCCESS,C161
2699,179,U520,1.0,LOG,AUTH_SUCCESS,C653
2700,179,U523,1.0,LOG,AUTH_SUCCESS,C656
2701,179,U521,1.0,LOG,AUTH_SUCCESS,C219
2702,179,U521,1.0,LOG,AUTH_SUCCESS,C654
2703,179,U524,1.0,LOG,AUTH_SUCCESS,C657
2704,179,U63,1.0,LOG,AUTH_SUCCESS,C234
2705,179,U63,1.0,LOG,AUTH_SUCCESS,C68
2706,179,U525,1.0,LOG,AUTH_SUCCESS,C658
2707,179,U125,1.0,LOG,AUTH_SUCCESS,C659
2708,179,U163,1.0,LOG,AUTH_SUCCESS,C219
2709,179,U163,1.0,LOG,AUTH_SUCCESS,C220
2710,179,U519,1.0,LOG,AUTH_SUCCESS,C330
2711,179,U116,1.0,LOG,AUTH_SUCCESS,C155
2712,179,U127,1.0,LOG,AUTH_SUCCESS,C155
2713,179,U60,1.0,LOG,AUTH_SUCCESS,C173
2714,179,U12,1.0,LOG,AUTH_SUCCESS,C173
2715,179,U159,1.0,LOG,AUTH_SUCCESS,C160
2716,179,U112,1.0,LOG,AUTH_SUCCESS,C476
2717,180,U165,1.0,LOG,AUTH_SUCCESS,C223
2718,180,U526,1.0,LOG,AUTH_SUCCESS,C660
2719,180,U16,1.0,LOG,AUTH_SUCCESS,C148
2720,180,U16,1.0,LOG,AUTH_SUCCESS,C17
2721,180,U148,1.0,LOG,AUTH_SUCCESS,C134
2722,180,U148,1.0,LOG,AUTH_SUCCESS,C199
2723,180,U63,1.0,LOG,AUTH_SUCCESS,C68
2724,180,U6,1.0,LOG,AUTH_SUCCESS,C134
2725,180,U6,1.0,LOG,AUTH_SUCCESS,C7
2726,180,U527,1.0,LOG,AUTH_SUCCESS,C661
2727,180,U39,1.0,LOG,AUTH_SUCCESS,C41
2728,180,U111,1.0,LOG,AUTH_SUCCESS,C143
2729,180,U111,1.0,LOG,AUTH_SUCCESS,C150
2730,180,U167,1.0,LOG,AUTH_SUCCESS,C225
2731,180,U167,1.0,LOG,AUTH_SUCCESS,C226
2732,180,U525,1.0,LOG,AUTH_SUCCESS,C658
2733,180,U525,1.0,LOG,AUTH_SUCCESS,C150
2734,180,U125,1.0,LOG,AUTH_SUCCESS,C134
2735,180,U125,1.0,LOG,AUTH_SUCCESS,C659
2736,180,U12,1.0,LOG,AUTH_SUCCESS,C465
2737,180,U97,1.0,LOG,AUTH_SUCCESS,C161
2738,180,U112,1.0,LOG,AUTH_SUCCESS,C476
2739,181,U170,1.0,LOG,AUTH_SUCCESS,C229
2740,181,U528,1.0,LOG,AUTH_SUCCESS,C662
2741,181,U523,1.0,LOG,AUTH_SUCCESS,C656
2742,181,U16,1.0,LOG,AUTH_SUCCESS,C17
2743,181,U529,1.0,LOG,AUTH_SUCCESS,C663
2744,181,U527,1.0,LOG,AUTH_SUCCESS,C661
2745,181,U39,1.0,LOG,AUTH_SUCCESS,C41
2746,181,U111,1.0,LOG,AUTH_SUCCESS,C143
2747,181,U125,1.0,LOG,AUTH_SUCCESS,C659
2748,181,U530,1.0,LOG,AUTH_SUCCESS,C664
2749,181,U77,1.0,LOG,AUTH_SUCCESS,C234
2750,181,U77,1.0,LOG,AUTH_SUCCESS,C78
2751,181,U12,1.0,LOG,AUTH_SUCCESS,C427
2752,181,U159,1.0,LOG,AUTH_SUCCESS,C160
2753,181,U128,1.0,LOG,AUTH_SUCCESS,C167
2754,181,U128,1.0,LOG,AUTH_SUCCESS,C176
2755,181,U112,1.0,LOG,AUTH_SUCCESS,C476
2756,182,U531,1.0,LOG,AUTH_SUCCESS,C665
2757,182,U531,1.0,LOG,AUTH_SUCCESS,C151
2758,182,U130,1.0,LOG,AUTH_SUCCESS,C179
2759,182,U130,1.0,LOG,AUTH_SUCCESS,C239
2760,182,U16,1.0,LOG,AUTH_SUCCESS,C148
2761,182,U16,1.0,LOG,AUTH_SUCCESS,C17
2762,182,U177,1.0,LOG,AUTH_SUCCESS,C242
2763,182,U177,1.0,LOG,AUTH_SUCCESS,C148
2764,182,U120,1.0,LOG,AUTH_SUCCESS,C164
2765,182,U120,1.0,LOG,AUTH_SUCCESS,C239
2766,182,U532,1.0,LOG,AUTH_SUCCESS,C666
2767,182,U111,1.0,LOG,AUTH_SUCCESS,C143
2768,182,U111,1.0,LOG,AUTH_SUCCESS,C150
2769,182,U89,1.0,LOG,AUTH_SUCCESS,C98
2770,182,U89,1.0,LOG,AUTH_SUCCESS,C151
2771,182,U202,1.0,LOG,AUTH_SUCCESS,C239
2772,182,U202,1.0,LOG,AUTH_SUCCESS,C275
2773,182,U125,1.0,LOG,AUTH_SUCCESS,C659
2774,182,U125,1.0,LOG,AUTH_SUCCESS,C151
2775,182,U153,1.0,LOG,AUTH_SUCCESS,C207
2776,182,U153,1.0,LOG,AUTH_SUCCESS,C239
2777,182,U97,1.0,LOG,AUTH_SUCCESS,C161
2778,182,U128,1.0,LOG,AUTH_SUCCESS,C167
2779,182,U128,1.0,LOG,AUTH_SUCCESS,C176
2780,183,U531,1.0,LOG,AUTH_SUCCESS,C665
2781,183,U533,1.0,LOG,AUTH_SUCCESS,C667
2782,183,U16,1.0,LOG,AUTH_SUCCESS,C17
2783,183,U63,1.0,LOG,AUTH_SUCCESS,C234
2784,183,U63,1.0,LOG,AUTH_SUCCESS,C68
2785,183,U534,1.0,LOG,AUTH_SUCCESS,C668
2786,183,U396,1.0,LOG,AUTH_SUCCESS,C516
2787,183,U135,1.0,LOG,AUTH_SUCCESS,C184
2788,183,U125,1.0,LOG,AUTH_SUCCESS,C234
2789,183,U125,1.0,LOG,AUTH_SUCCESS,C659
2790,183,U182,1.0,LOG,AUTH_SUCCESS,C248
2791,183,U182,1.0,LOG,AUTH_SUCCESS,C249
2792,183,U373,1.0,LOG,AUTH_SUCCESS,C154
2793,183,U184,1.0,LOG,AUTH_SUCCESS,C154
2794,183,U105,1.0,LOG,AUTH_SUCCESS,C160
2795,183,U159,1.0,LOG,AUTH_SUCCESS,C160
2796,184,U180,1.0,LOG,AUTH_SUCCESS,C246
2797,184,U533,1.0,LOG,AUTH_SUCCESS,C667
2798,184,U186,1.0,LOG,AUTH_SUCCESS,C254
2799,184,U186,1.0,LOG,AUTH_SUCCESS,C148
2800,184,U191,1.0,LOG,AUTH_SUCCESS,C258
2801,184,U534,1.0,LOG,AUTH_SUCCESS,C668
2802,184,U535,1.0,LOG,AUTH_SUCCESS,C669
2803,184,U536,1.0,LOG,AUTH_SUCCESS,C670
2804,184,U536,1.0,LOG,AUTH_SUCCESS,C671
2805,184,U537,1.0,LOG,AUTH_SUCCESS,C672
2806,184,U532,1.0,LOG,AUTH_SUCCESS,C666
2807,184,U135,1.0,LOG,AUTH_SUCCESS,C184
2808,184,U182,1.0,LOG,AUTH_SUCCESS,C248
2809,184,U182,1.0,LOG,AUTH_SUCCESS,C249
2810,184,U183,1.0,LOG,AUTH_SUCCESS,C250
2811,184,U188,1.0,LOG,AUTH_SUCCESS,C148
2812,184,U188,1.0,LOG,AUTH_SUCCESS,C256
2813,184,U538,1.0,LOG,AUTH_SUCCESS,C673
2814,184,U60,1.0,LOG,AUTH_SUCCESS,C108
2815,184,U60,1.0,LOG,AUTH_SUCCESS,C213
2816,184,U60,1.0,LOG,AUTH_SUCCESS,C173
2817,184,U60,1.0,LOG,AUTH_SUCCESS,C157
2818,184,U12,1.0,LOG,AUTH_SUCCESS,C582
2819,184,U12,1.0,LOG,AUTH_SUCCESS,C457
2820,184,U12,1.0,LOG,AUTH_SUCCESS,C54
2821,184,U97,1.0,LOG,AUTH_SUCCESS,C161
2822,184,U67,1.0,LOG,AUTH_SUCCESS,C49
2823,185,U180,1.0,LOG,AUTH_SUCCESS,C246
2824,185,U539,1.0,LOG,AUTH_SUCCESS,C674
2825,185,U540,1.0,LOG,AUTH_SUCCESS,C675
2826,185,U191,1.0,LOG,AUTH_SUCCESS,C258
2827,185,U535,1.0,LOG,AUTH_SUCCESS,C669
2828,185,U193,1.0,LOG,AUTH_SUCCESS,C260
2829,185,U541,1.0,LOG,AUTH_SUCCESS,C301
2830,185,U541,1.0,LOG,AUTH_SUCCESS,C83
2831,185,U541,1.0,LOG,AUTH_SUCCESS,C146
2832,185,U530,1.0,LOG,AUTH_SUCCESS,C664
2833,185,U29,1.0,LOG,AUTH_SUCCESS,C30
2834,185,U538,1.0,LOG,AUTH_SUCCESS,C673
2835,185,U12,1.0,LOG,AUTH_SUCCESS,C236
2836,185,U12,1.0,LOG,AUTH_SUCCESS,C108
2837,185,U12,1.0,LOG,AUTH_SUCCESS,C415
2838,185,U12,1.0,LOG,AUTH_SUCCESS,C13
2839,185,U12,1.0,LOG,AUTH_SUCCESS,C54
2840,185,U184,1.0,LOG,AUTH_SUCCESS,C154
2841,185,U112,1.0,LOG,AUTH_SUCCESS,C177
2842,185,U67,1.0,LOG,AUTH_SUCCESS,C154
2843,185,U67,1.0,LOG,AUTH_SUCCESS,C49
2844,186,U372,1.0,LOG,AUTH_SUCCESS,C495
2845,186,U194,1.0,LOG,AUTH_SUCCESS,C268
2846,186,U194,1.0,LOG,AUTH_SUCCESS,C262
2847,186,U194,1.0,LOG,AUTH_SUCCESS,C263
2848,186,U541,1.0,LOG,AUTH_SUCCESS,C301
2849,186,U530,1.0,LOG,AUTH_SUCCESS,C664
2850,186,U530,1.0,LOG,AUTH_SUCCESS,C676
2851,186,U29,1.0,LOG,AUTH_SUCCESS,C300
2852,186,U29,1.0,LOG,AUTH_SUCCESS,C30
2853,186,U542,1.0,LOG,AUTH_SUCCESS,C82
2854,186,U517,1.0,LOG,AUTH_SUCCESS,C155
2855,186,U12,1.0,LOG,AUTH_SUCCESS,C632
2856,186,U184,1.0,LOG,AUTH_SUCCESS,C154
2857,186,U97,1.0,LOG,AUTH_SUCCESS,C161
2858,186,U179,1.0,LOG,AUTH_SUCCESS,C175
2859,187,U531,1.0,LOG,AUTH_SUCCESS,C665
2860,187,U531,1.0,LOG,AUTH_SUCCESS,C200
2861,187,U175,1.0,LOG,AUTH_SUCCESS,C240
2862,187,U175,1.0,LOG,AUTH_SUCCESS,C200
2863,187,U540,1.0,LOG,AUTH_SUCCESS,C675
2864,187,U372,1.0,LOG,AUTH_SUCCESS,C495
2865,187,U372,1.0,LOG,AUTH_SUCCESS,C200
2866,187,U543,1.0,LOG,AUTH_SUCCESS,C677
2867,187,U544,1.0,LOG,AUTH_SUCCESS,C638
2868,187,U544,1.0,LOG,AUTH_SUCCESS,C200
2869,187,U89,1.0,LOG,AUTH_SUCCESS,C98
2870,187,U89,1.0,LOG,AUTH_SUCCESS,C200
2871,187,U545,1.0,LOG,AUTH_SUCCESS,C678
2872,187,U197,1.0,LOG,AUTH_SUCCESS,C269
2873,187,U197,1.0,LOG,AUTH_SUCCESS,C280
2874,187,U59,1.0,LOG,AUTH_SUCCESS,C200
2875,187,U59,1.0,LOG,AUTH_SUCCESS,C64
2876,187,U29,1.0,LOG,AUTH_SUCCESS,C30
2877,187,U188,1.0,LOG,AUTH_SUCCESS,C239
2878,187,U188,1.0,LOG,AUTH_SUCCESS,C256
2879,187,U546,1.0,LOG,AUTH_SUCCESS,C679
2880,187,U116,1.0,LOG,AUTH_SUCCESS,C155
2881,187,U204,1.0,LOG,AUTH_SUCCESS,C154
2882,187,U128,1.0,LOG,AUTH_SUCCESS,C167
2883,187,U128,1.0,LOG,AUTH_SUCCESS,C176
2884,188,U372,1.0,LOG,AUTH_SUCCESS,C495
2885,188,U205,1.0,LOG,AUTH_SUCCESS,C277
2886,188,U543,1.0,LOG,AUTH_SUCCESS,C677
2887,188,U207,1.0,LOG,AUTH_SUCCESS,C279
2888,188,U547,1.0,LOG,AUTH_SUCCESS,C680
2889,188,U202,1.0,LOG,AUTH_SUCCESS,C148
2890,188,U202,1.0,LOG,AUTH_SUCCESS,C275
2891,188,U548,1.0,LOG,AUTH_SUCCESS,C681
2892,188,U13,1.0,LOG,AUTH_SUCCESS,C172
2893,188,U12,1.0,LOG,AUTH_SUCCESS,C13
2894,188,U97,1.0,LOG,AUTH_SUCCESS,C161
2895,188,U179,1.0,LOG,AUTH_SUCCESS,C175
2896,189,U549,1.0,LOG,AUTH_SUCCESS,C682
2897,189,U550,1.0,LOG,AUTH_SUCCESS,C683
2898,189,U551,1.0,LOG,AUTH_SUCCESS,C684
2899,189,U216,1.0,LOG,AUTH_SUCCESS,C219
2900,189,U216,1.0,LOG,AUTH_SUCCESS,C291
2901,189,U548,1.0,LOG,AUTH_SUCCESS,C681
2902,189,U29,1.0,LOG,AUTH_SUCCESS,C30
2903,189,U60,1.0,LOG,AUTH_SUCCESS,C173
2904,189,U12,1.0,LOG,AUTH_SUCCESS,C685
2905,189,U12,1.0,LOG,AUTH_SUCCESS,C602
2906,189,U12,1.0,LOG,AUTH_SUCCESS,C13
2907,190,U552,1.0,LOG,AUTH_SUCCESS,C686
2908,190,U549,1.0,LOG,AUTH_SUCCESS,C682
2909,190,U211,1.0,LOG,AUTH_SUCCESS,C248
2910,190,U211,1.0,LOG,AUTH_SUCCESS,C286
2911,190,U231,1.0,LOG,AUTH_SUCCESS,C316
2912,190,U231,1.0,LOG,AUTH_SUCCESS,C317
2913,190,U550,1.0,LOG,AUTH_SUCCESS,C683
2914,190,U553,1.0,LOG,AUTH_SUCCESS,C687
2915,190,U537,1.0,LOG,AUTH_SUCCESS,C134
2916,190,U537,1.0,LOG,AUTH_SUCCESS,C672
2917,190,U554,1.0,LOG,AUTH_SUCCESS,C688
2918,190,U548,1.0,LOG,AUTH_SUCCESS,C134
2919,190,U548,1.0,LOG,AUTH_SUCCESS,C681
2920,190,U77,1.0,LOG,AUTH_SUCCESS,C78
2921,190,U12,1.0,LOG,AUTH_SUCCESS,C108
2922,190,U12,1.0,LOG,AUTH_SUCCESS,C335
2923,190,U12,1.0,LOG,AUTH_SUCCESS,C13
2924,190,U159,1.0,LOG,AUTH_SUCCESS,C160
2925,190,U97,1.0,LOG,AUTH_SUCCESS,C161
2926,190,U179,1.0,LOG,AUTH_SUCCESS,C175
2927,191,U552,1.0,LOG,AUTH_SUCCESS,C686
2928,191,U549,1.0,LOG,AUTH_SUCCESS,C682
2929,191,U131,1.0,LOG,AUTH_SUCCESS,C180
2930,191,U131,1.0,LOG,AUTH_SUCCESS,C151
2931,191,U212,1.0,LOG,AUTH_SUCCESS,C295
2932,191,U212,1.0,LOG,AUTH_SUCCESS,C280
2933,191,U212,1.0,LOG,AUTH_SUCCESS,C287
2934,191,U555,1.0,LOG,AUTH_SUCCESS,C689
2935,191,U556,1.0,LOG,AUTH_SUCCESS,C690
2936,191,U557,1.0,LOG,AUTH_SUCCESS,C691
2937,191,U550,1.0,LOG,AUTH_SUCCESS,C683
2938,191,U558,1.0,LOG,AUTH_SUCCESS,C692
2939,191,U551,1.0,LOG,AUTH_SUCCESS,C684
2940,191,U207,1.0,LOG,AUTH_SUCCESS,C234
2941,191,U207,1.0,LOG,AUTH_SUCCESS,C279
2942,191,U218,1.0,LOG,AUTH_SUCCESS,C219
2943,191,U218,1.0,LOG,AUTH_SUCCESS,C296
2944,191,U477,1.0,LOG,AUTH_SUCCESS,C606
2945,191,U554,1.0,LOG,AUTH_SUCCESS,C688
2946,191,U29,1.0,LOG,AUTH_SUCCESS,C300
2947,191,U29,1.0,LOG,AUTH_SUCCESS,C30
2948,191,U559,1.0,LOG,AUTH_SUCCESS,C693
2949,191,U12,1.0,LOG,AUTH_SUCCESS,C112
2950,191,U12,1.0,LOG,AUTH_SUCCESS,C694
2951,191,U12,1.0,LOG,AUTH_SUCCESS,C13
2952,191,U12,1.0,LOG,AUTH_SUCCESS,C54
2953,191,U128,1.0,LOG,AUTH_SUCCESS,C167
2954,191,U128,1.0,LOG,AUTH_SUCCESS,C176
2955,192,U560,1.0,LOG,AUTH_SUCCESS,C97
2956,192,U561,1.0,LOG,AUTH_SUCCESS,C151
2957,192,U561,1.0,LOG,AUTH_SUCCESS,C695
2958,192,U562,1.0,LOG,AUTH_SUCCESS,C82
2959,192,U562,1.0,LOG,AUTH_SUCCESS,C146
2960,192,U131,1.0,LOG,AUTH_SUCCESS,C180
2961,192,U131,1.0,LOG,AUTH_SUCCESS,C151
2962,192,U563,1.0,LOG,AUTH_SUCCESS,C696
2963,192,U563,1.0,LOG,AUTH_SUCCESS,C151
2964,192,U264,1.0,LOG,AUTH_SUCCESS,C354
2965,192,U200,1.0,LOG,AUTH_SUCCESS,C273
2966,192,U556,1.0,LOG,AUTH_SUCCESS,C690
2967,192,U557,1.0,LOG,AUTH_SUCCESS,C691
2968,192,U564,1.0,LOG,AUTH_SUCCESS,C697
2969,192,U565,1.0,LOG,AUTH_SUCCESS,C698
2970,192,U225,1.0,LOG,AUTH_SUCCESS,C304
2971,192,U225,1.0,LOG,AUTH_SUCCESS,C305
2972,192,U201,1.0,LOG,AUTH_SUCCESS,C200
2973,192,U201,1.0,LOG,AUTH_SUCCESS,C274
2974,192,U214,1.0,LOG,AUTH_SUCCESS,C289
2975,192,U214,1.0,LOG,AUTH_SUCCESS,C148
2976,192,U554,1.0,LOG,AUTH_SUCCESS,C688
2977,192,U173,1.0,LOG,AUTH_SUCCESS,C233
2978,192,U548,1.0,LOG,AUTH_SUCCESS,C134
2979,192,U548,1.0,LOG,AUTH_SUCCESS,C681
2980,192,U227,1.0,LOG,AUTH_SUCCESS,C308
2981,192,U227,1.0,LOG,AUTH_SUCCESS,C148
2982,192,U9,1.0,LOG,AUTH_SUCCESS,C10
2983,192,U97,1.0,LOG,AUTH_SUCCESS,C161
2984,192,U179,1.0,LOG,AUTH_SUCCESS,C175
2985,192,U128,1.0,LOG,AUTH_SUCCESS,C167
2986,192,U128,1.0,LOG,AUTH_SUCCESS,C176
2987,193,U560,1.0,LOG,AUTH_SUCCESS,C97
2988,193,U552,1.0,LOG,AUTH_SUCCESS,C134
2989,193,U552,1.0,LOG,AUTH_SUCCESS,C686
2990,193,U562,1.0,LOG,AUTH_SUCCESS,C145
2991,193,U563,1.0,LOG,AUTH_SUCCESS,C696
2992,193,U200,1.0,LOG,AUTH_SUCCESS,C273
2993,193,U564,1.0,LOG,AUTH_SUCCESS,C697
2994,193,U558,1.0,LOG,AUTH_SUCCESS,C692
2995,193,U565,1.0,LOG,AUTH_SUCCESS,C698
2996,193,U566,1.0,LOG,AUTH_SUCCESS,C699
2997,193,U39,1.0,LOG,AUTH_SUCCESS,C41
2998,193,U173,1.0,LOG,AUTH_SUCCESS,C233
2999,193,U9,1.0,LOG,AUTH_SUCCESS,C10
3000,193,U77,1.0,LOG,AUTH_SUCCESS,C234
3001,193,U77,1.0,LOG,AUTH_SUCCESS,C78
3002,193,U12,1.0,LOG,AUTH_SUCCESS,C13
3003,194,U223,1.0,LOG,AUTH_SUCCESS,C148
3004,194,U223,1.0,LOG,AUTH_SUCCESS,C302
3005,194,U230,1.0,LOG,AUTH_SUCCESS,C315
3006,194,U200,1.0,LOG,AUTH_SUCCESS,C273
3007,194,U564,1.0,LOG,AUTH_SUCCESS,C697
3008,194,U566,1.0,LOG,AUTH_SUCCESS,C699
3009,194,U567,1.0,LOG,AUTH_SUCCESS,C700
3010,194,U39,1.0,LOG,AUTH_SUCCESS,C41
3011,194,U39,1.0,LOG,AUTH_SUCCESS,C151
3012,194,U13,1.0,LOG,AUTH_SUCCESS,C172
3013,194,U13,1.0,LOG,AUTH_SUCCESS,C14
3014,194,U60,1.0,LOG,AUTH_SUCCESS,C173
3015,194,U12,1.0,LOG,AUTH_SUCCESS,C335
3016,194,U12,1.0,LOG,AUTH_SUCCESS,C13
3017,194,U97,1.0,LOG,AUTH_SUCCESS,C116
3018,194,U97,1.0,LOG,AUTH_SUCCESS,C161
3019,195,U235,1.0,LOG,AUTH_SUCCESS,C219
3020,195,U235,1.0,LOG,AUTH_SUCCESS,C320
3021,195,U230,1.0,LOG,AUTH_SUCCESS,C315
3022,195,U568,1.0,LOG,AUTH_SUCCESS,C701
3023,195,U569,1.0,LOG,AUTH_SUCCESS,C702
3024,195,U14,1.0,LOG,AUTH_SUCCESS,C219
3025,195,U14,1.0,LOG,AUTH_SUCCESS,C15
3026,195,U124,1.0,LOG,AUTH_SUCCESS,C192
3027,195,U116,1.0,LOG,AUTH_SUCCESS,C155
3028,195,U127,1.0,LOG,AUTH_SUCCESS,C155
3029,195,U13,1.0,LOG,AUTH_SUCCESS,C172
3030,195,U13,1.0,LOG,AUTH_SUCCESS,C14
3031,195,U12,1.0,LOG,AUTH_SUCCESS,C251
3032,195,U95,1.0,LOG,AUTH_SUCCESS,C154
3033,195,U97,1.0,LOG,AUTH_SUCCESS,C116
3034,196,U560,1.0,LOG,AUTH_SUCCESS,C97
3035,196,U570,1.0,LOG,AUTH_SUCCESS,C703
3036,196,U570,1.0,LOG,AUTH_SUCCESS,C150
3037,196,U571,1.0,LOG,AUTH_SUCCESS,C704
3038,196,U568,1.0,LOG,AUTH_SUCCESS,C701
3039,196,U381,1.0,LOG,AUTH_SUCCESS,C502
3040,196,U569,1.0,LOG,AUTH_SUCCESS,C702
3041,196,U572,1.0,LOG,AUTH_SUCCESS,C705
3042,196,U536,1.0,LOG,AUTH_SUCCESS,C670
3043,196,U536,1.0,LOG,AUTH_SUCCESS,C671
3044,196,U6,1.0,LOG,AUTH_SUCCESS,C7
3045,196,U6,1.0,LOG,AUTH_SUCCESS,C148
3046,196,U573,1.0,LOG,AUTH_SUCCESS,C706
3047,196,U124,1.0,LOG,AUTH_SUCCESS,C192
3048,196,U124,1.0,LOG,AUTH_SUCCESS,C168
3049,196,U574,1.0,LOG,AUTH_SUCCESS,C707
3050,196,U575,1.0,LOG,AUTH_SUCCESS,C708
3051,196,U97,1.0,LOG,AUTH_SUCCESS,C161
3052,196,U128,1.0,LOG,AUTH_SUCCESS,C167
3053,196,U128,1.0,LOG,AUTH_SUCCESS,C176
3054,197,U576,1.0,LOG,AUTH_SUCCESS,C709
3055,197,U577,1.0,LOG,AUTH_SUCCESS,C710
3056,197,U571,1.0,LOG,AUTH_SUCCESS,C704
3057,197,U578,1.0,LOG,AUTH_SUCCESS,C711
3058,197,U579,1.0,LOG,AUTH_SUCCESS,C712
3059,197,U6,1.0,LOG,AUTH_SUCCESS,C7
3060,197,U39,1.0,LOG,AUTH_SUCCESS,C41
3061,197,U39,1.0,LOG,AUTH_SUCCESS,C151
3062,197,U226,1.0,LOG,AUTH_SUCCESS,C151
3063,197,U226,1.0,LOG,AUTH_SUCCESS,C306
3064,197,U202,1.0,LOG,AUTH_SUCCESS,C239
3065,197,U202,1.0,LOG,AUTH_SUCCESS,C275
3066,197,U9,1.0,LOG,AUTH_SUCCESS,C10
3067,197,U9,1.0,LOG,AUTH_SUCCESS,C151
3068,197,U575,1.0,LOG,AUTH_SUCCESS,C708
3069,197,U107,1.0,LOG,AUTH_SUCCESS,C138
3070,197,U107,1.0,LOG,AUTH_SUCCESS,C150
3071,197,U244,1.0,LOG,AUTH_SUCCESS,C219
3072,197,U244,1.0,LOG,AUTH_SUCCESS,C330
3073,197,U12,1.0,LOG,AUTH_SUCCESS,C210
3074,197,U105,1.0,LOG,AUTH_SUCCESS,C160
3075,197,U128,1.0,LOG,AUTH_SUCCESS,C167
3076,197,U128,1.0,LOG,AUTH_SUCCESS,C176
3077,198,U580,1.0,LOG,AUTH_SUCCESS,C713
3078,198,U381,1.0,LOG,AUTH_SUCCESS,C502
3079,198,U578,1.0,LOG,AUTH_SUCCESS,C711
3080,198,U579,1.0,LOG,AUTH_SUCCESS,C712
3081,198,U581,1.0,LOG,AUTH_SUCCESS,C714
3082,198,U582,1.0,LOG,AUTH_SUCCESS,C97
3083,198,U574,1.0,LOG,AUTH_SUCCESS,C707
3084,198,U575,1.0,LOG,AUTH_SUCCESS,C708
3085,198,U238,1.0,LOG,AUTH_SUCCESS,C323
3086,198,U159,1.0,LOG,AUTH_SUCCESS,C160
3087,198,U97,1.0,LOG,AUTH_SUCCESS,C161
3088,199,U580,1.0,LOG,AUTH_SUCCESS,C713
3089,199,U560,1.0,LOG,AUTH_SUCCESS,C97
3090,199,U583,1.0,LOG,AUTH_SUCCESS,C715
3091,199,U584,1.0,LOG,AUTH_SUCCESS,C716
3092,199,U577,1.0,LOG,AUTH_SUCCESS,C710
3093,199,U578,1.0,LOG,AUTH_SUCCESS,C711
3094,199,U585,1.0,LOG,AUTH_SUCCESS,C717
3095,199,U579,1.0,LOG,AUTH_SUCCESS,C712
3096,199,U581,1.0,LOG,AUTH_SUCCESS,C714
3097,199,U19,1.0,LOG,AUTH_SUCCESS,C20
3098,199,U582,1.0,LOG,AUTH_SUCCESS,C97
3099,199,U586,1.0,LOG,AUTH_SUCCESS,C718
3100,199,U575,1.0,LOG,AUTH_SUCCESS,C708
3101,199,U107,1.0,LOG,AUTH_SUCCESS,C138
3102,199,U107,1.0,LOG,AUTH_SUCCESS,C150
3103,199,U60,1.0,LOG,AUTH_SUCCESS,C173
3104,199,U12,1.0,LOG,AUTH_SUCCESS,C524
3105,199,U159,1.0,LOG,AUTH_SUCCESS,C160
3106,200,U560,1.0,LOG,AUTH_SUCCESS,C97
3107,200,U539,1.0,LOG,AUTH_SUCCESS,C674
3108,200,U2,1.0,LOG,AUTH_SUCCESS,C3
3109,200,U584,1.0,LOG,AUTH_SUCCESS,C150
3110,200,U584,1.0,LOG,AUTH_SUCCESS,C716
3111,200,U587,1.0,LOG,AUTH_SUCCESS,C719
3112,200,U579,1.0,LOG,AUTH_SUCCESS,C712
3113,200,U120,1.0,LOG,AUTH_SUCCESS,C164
3114,200,U120,1.0,LOG,AUTH_SUCCESS,C148
3115,200,U19,1.0,LOG,AUTH_SUCCESS,C20
3116,200,U582,1.0,LOG,AUTH_SUCCESS,C97
3117,200,U586,1.0,LOG,AUTH_SUCCESS,C718
3118,200,U373,1.0,LOG,AUTH_SUCCESS,C154
3119,200,U94,1.0,LOG,AUTH_SUCCESS,C211
3120,200,U94,1.0,LOG,AUTH_SUCCESS,C110
3121,200,U12,1.0,LOG,AUTH_SUCCESS,C251
3122,200,U97,1.0,LOG,AUTH_SUCCESS,C161
3123,201,U560,1.0,LOG,AUTH_SUCCESS,C97
3124,201,U560,1.0,LOG,AUTH_SUCCESS,C720
3125,201,U588,1.0,LOG,AUTH_SUCCESS,C721
3126,201,U539,1.0,LOG,AUTH_SUCCESS,C674
3127,201,U2,1.0,LOG,AUTH_SUCCESS,C150
3128,201,U2,1.0,LOG,AUTH_SUCCESS,C3
3129,201,U587,1.0,LOG,AUTH_SUCCESS,C719
3130,201,U19,1.0,LOG,AUTH_SUCCESS,C20
3131,201,U589,1.0,LOG,AUTH_SUCCESS,C83
3132,201,U39,1.0,LOG,AUTH_SUCCESS,C41
3133,201,U582,1.0,LOG,AUTH_SUCCESS,C97
3134,201,U202,1.0,LOG,AUTH_SUCCESS,C275
3135,201,U590,1.0,LOG,AUTH_SUCCESS,C70
3136,201,U591,1.0,LOG,AUTH_SUCCESS,C722
3137,201,U592,1.0,LOG,AUTH_SUCCESS,C200
3138,201,U592,1.0,LOG,AUTH_SUCCESS,C723
3139,201,U259,1.0,LOG,AUTH_SUCCESS,C348
3140,201,U159,1.0,LOG,AUTH_SUCCESS,C160
3141,201,U128,1.0,LOG,AUTH_SUCCESS,C167
3142,201,U128,1.0,LOG,AUTH_SUCCESS,C176
3143,202,U560,1.0,LOG,AUTH_SUCCESS,C97
3144,202,U560,1.0,LOG,AUTH_SUCCESS,C720
3145,202,U552,1.0,LOG,AUTH_SUCCESS,C134
3146,202,U552,1.0,LOG,AUTH_SUCCESS,C686
3147,202,U113,1.0,LOG,AUTH_SUCCESS,C147
3148,202,U113,1.0,LOG,AUTH_SUCCESS,C148
3149,202,U588,1.0,LOG,AUTH_SUCCESS,C721
3150,202,U593,1.0,LOG,AUTH_SUCCESS,C724
3151,202,U594,1.0,LOG,AUTH_SUCCESS,C177
3152,202,U594,1.0,LOG,AUTH_SUCCESS,C301
3153,202,U594,1.0,LOG,AUTH_SUCCESS,C83
3154,202,U415,1.0,LOG,AUTH_SUCCESS,C538
3155,202,U595,1.0,LOG,AUTH_SUCCESS,C725
3156,202,U252,1.0,LOG,AUTH_SUCCESS,C339
3157,202,U252,1.0,LOG,AUTH_SUCCESS,C225
3158,202,U283,1.0,LOG,AUTH_SUCCESS,C377
3159,202,U18,1.0,LOG,AUTH_SUCCESS,C200
3160,202,U18,1.0,LOG,AUTH_SUCCESS,C19
3161,202,U68,1.0,LOG,AUTH_SUCCESS,C71
3162,202,U3,1.0,LOG,AUTH_SUCCESS,C4
3163,202,U3,1.0,LOG,AUTH_SUCCESS,C151
3164,202,U206,1.0,LOG,AUTH_SUCCESS,C134
3165,202,U206,1.0,LOG,AUTH_SUCCESS,C278
3166,202,U596,1.0,LOG,AUTH_SUCCESS,C200
3167,202,U596,1.0,LOG,AUTH_SUCCESS,C726
3168,202,U21,1.0,LOG,AUTH_SUCCESS,C22
3169,202,U39,1.0,LOG,AUTH_SUCCESS,C41
3170,202,U114,1.0,LOG,AUTH_SUCCESS,C149
3171,202,U114,1.0,LOG,AUTH_SUCCESS,C148
3172,202,U582,1.0,LOG,AUTH_SUCCESS,C97
3173,202,U202,1.0,LOG,AUTH_SUCCESS,C275
3174,202,U590,1.0,LOG,AUTH_SUCCESS,C70
3175,202,U548,1.0,LOG,AUTH_SUCCESS,C134
3176,202,U548,1.0,LOG,AUTH_SUCCESS,C681
3177,202,U115,1.0,LOG,AUTH_SUCCESS,C148
3178,202,U115,1.0,LOG,AUTH_SUCCESS,C152
3179,202,U592,1.0,LOG,AUTH_SUCCESS,C200
3180,202,U592,1.0,LOG,AUTH_SUCCESS,C723
3181,202,U77,1.0,LOG,AUTH_SUCCESS,C78
3182,202,U259,1.0,LOG,AUTH_SUCCESS,C348
3183,202,U245,1.0,LOG,AUTH_SUCCESS,C331
3184,202,U597,1.0,LOG,AUTH_SUCCESS,C727
3185,202,U13,1.0,LOG,AUTH_SUCCESS,C14
3186,202,U97,1.0,LOG,AUTH_SUCCESS,C161
3187,202,U128,1.0,LOG,AUTH_SUCCESS,C167
3188,202,U128,1.0,LOG,AUTH_SUCCESS,C176
3189,203,U560,1.0,LOG,AUTH_SUCCESS,C97
3190,203,U593,1.0,LOG,AUTH_SUCCESS,C724
3191,203,U594,1.0,LOG,AUTH_SUCCESS,C301
3192,203,U415,1.0,LOG,AUTH_SUCCESS,C538
3193,203,U598,1.0,LOG,AUTH_SUCCESS,C728
3194,203,U595,1.0,LOG,AUTH_SUCCESS,C725
3195,203,U283,1.0,LOG,AUTH_SUCCESS,C377
3196,203,U68,1.0,LOG,AUTH_SUCCESS,C71
3197,203,U599,1.0,LOG,AUTH_SUCCESS,C729
3198,203,U21,1.0,LOG,AUTH_SUCCESS,C22
3199,203,U600,1.0,LOG,AUTH_SUCCESS,C730
3200,203,U39,1.0,LOG,AUTH_SUCCESS,C41
3201,203,U258,1.0,LOG,AUTH_SUCCESS,C347
3202,203,U258,1.0,LOG,AUTH_SUCCESS,C120
3203,203,U245,1.0,LOG,AUTH_SUCCESS,C331
3204,203,U245,1.0,LOG,AUTH_SUCCESS,C150
3205,203,U13,1.0,LOG,AUTH_SUCCESS,C14
3206,203,U184,1.0,LOG,AUTH_SUCCESS,C154
3207,203,U159,1.0,LOG,AUTH_SUCCESS,C160
3208,204,U601,1.0,LOG,AUTH_SUCCESS,C731
3209,204,U598,1.0,LOG,AUTH_SUCCESS,C728
3210,204,U595,1.0,LOG,AUTH_SUCCESS,C725
3211,204,U162,1.0,LOG,AUTH_SUCCESS,C218
3212,204,U599,1.0,LOG,AUTH_SUCCESS,C729
3213,204,U602,1.0,LOG,AUTH_SUCCESS,C732
3214,204,U39,1.0,LOG,AUTH_SUCCESS,C41
3215,204,U28,1.0,LOG,AUTH_SUCCESS,C29
3216,204,U603,1.0,LOG,AUTH_SUCCESS,C733
3217,204,U93,1.0,LOG,AUTH_SUCCESS,C734
3218,204,U60,1.0,LOG,AUTH_SUCCESS,C173
3219,204,U184,1.0,LOG,AUTH_SUCCESS,C154
3220,204,U97,1.0,LOG,AUTH_SUCCESS,C161
3221,204,U46,1.0,LOG,AUTH_SUCCESS,C154
3222,204,U67,1.0,LOG,AUTH_SUCCESS,C49
3223,205,U604,1.0,LOG,AUTH_SUCCESS,C735
3224,205,U600,1.0,LOG,AUTH_SUCCESS,C730
3225,205,U28,1.0,LOG,AUTH_SUCCESS,C29
3226,205,U605,1.0,LOG,AUTH_SUCCESS,C736
3227,205,U77,1.0,LOG,AUTH_SUCCESS,C234
3228,205,U77,1.0,LOG,AUTH_SUCCESS,C78
3229,205,U93,1.0,LOG,AUTH_SUCCESS,C108
3230,205,U93,1.0,LOG,AUTH_SUCCESS,C734
3231,205,U60,1.0,LOG,AUTH_SUCCESS,C108
3232,205,U12,1.0,LOG,AUTH_SUCCESS,C313
3233,205,U184,1.0,LOG,AUTH_SUCCESS,C154
3234,205,U67,1.0,LOG,AUTH_SUCCESS,C154
3235,205,U67,1.0,LOG,AUTH_SUCCESS,C49
3236,206,U601,1.0,LOG,AUTH_SUCCESS,C731
3237,206,U180,1.0,LOG,AUTH_SUCCESS,C737
3238,206,U130,1.0,LOG,AUTH_SUCCESS,C179
3239,206,U130,1.0,LOG,AUTH_SUCCESS,C148
3240,206,U160,1.0,LOG,AUTH_SUCCESS,C216
3241,206,U162,1.0,LOG,AUTH_SUCCESS,C218
3242,206,U132,1.0,LOG,AUTH_SUCCESS,C181
3243,206,U132,1.0,LOG,AUTH_SUCCESS,C148
3244,206,U582,1.0,LOG,AUTH_SUCCESS,C97
3245,206,U582,1.0,LOG,AUTH_SUCCESS,C738
3246,206,U605,1.0,LOG,AUTH_SUCCESS,C736
3247,206,U348,1.0,LOG,AUTH_SUCCESS,C464
3248,206,U154,1.0,LOG,AUTH_SUCCESS,C208
3249,206,U154,1.0,LOG,AUTH_SUCCESS,C148
3250,206,U184,1.0,LOG,AUTH_SUCCESS,C154
3251,206,U97,1.0,LOG,AUTH_SUCCESS,C161
3252,206,U179,1.0,LOG,AUTH_SUCCESS,C175
3253,206,U128,1.0,LOG,AUTH_SUCCESS,C167
3254,206,U128,1.0,LOG,AUTH_SUCCESS,C176
3255,207,U280,1.0,LOG,AUTH_SUCCESS,C374
3256,207,U280,1.0,LOG,AUTH_SUCCESS,C151
3257,207,U160,1.0,LOG,AUTH_SUCCESS,C216
3258,207,U281,1.0,LOG,AUTH_SUCCESS,C375
3259,207,U199,1.0,LOG,AUTH_SUCCESS,C272
3260,207,U199,1.0,LOG,AUTH_SUCCESS,C151
3261,207,U606,1.0,LOG,AUTH_SUCCESS,C310
3262,207,U607,1.0,LOG,AUTH_SUCCESS,C739
3263,207,U275,1.0,LOG,AUTH_SUCCESS,C367
3264,207,U275,1.0,LOG,AUTH_SUCCESS,C368
3265,207,U608,1.0,LOG,AUTH_SUCCESS,C740
3266,207,U582,1.0,LOG,AUTH_SUCCESS,C97
3267,207,U582,1.0,LOG,AUTH_SUCCESS,C738
3268,207,U348,1.0,LOG,AUTH_SUCCESS,C464
3269,207,U12,1.0,LOG,AUTH_SUCCESS,C236
3270,207,U12,1.0,LOG,AUTH_SUCCESS,C13
3271,207,U204,1.0,LOG,AUTH_SUCCESS,C154
3272,207,U128,1.0,LOG,AUTH_SUCCESS,C167
3273,207,U128,1.0,LOG,AUTH_SUCCESS,C176
3274,208,U283,1.0,LOG,AUTH_SUCCESS,C377
3275,208,U283,1.0,LOG,AUTH_SUCCESS,C378
3276,208,U609,1.0,LOG,AUTH_SUCCESS,C741
3277,208,U608,1.0,LOG,AUTH_SUCCESS,C740
3278,208,U582,1.0,LOG,AUTH_SUCCESS,C97
3279,208,U153,1.0,LOG,AUTH_SUCCESS,C207
3280,208,U153,1.0,LOG,AUTH_SUCCESS,C148
3281,208,U348,1.0,LOG,AUTH_SUCCESS,C464
3282,208,U156,1.0,LOG,AUTH_SUCCESS,C161
3283,208,U97,1.0,LOG,AUTH_SUCCESS,C161
3284,208,U179,1.0,LOG,AUTH_SUCCESS,C175
3285,209,U268,1.0,LOG,AUTH_SUCCESS,C358
3286,209,U224,1.0,LOG,AUTH_SUCCESS,C303
3287,209,U281,1.0,LOG,AUTH_SUCCESS,C234
3288,209,U281,1.0,LOG,AUTH_SUCCESS,C375
3289,209,U587,1.0,LOG,AUTH_SUCCESS,C719
3290,209,U587,1.0,LOG,AUTH_SUCCESS,C134
3291,209,U607,1.0,LOG,AUTH_SUCCESS,C739
3292,209,U609,1.0,LOG,AUTH_SUCCESS,C741
3293,209,U610,1.0,LOG,AUTH_SUCCESS,C742
3294,209,U163,1.0,LOG,AUTH_SUCCESS,C219
3295,209,U163,1.0,LOG,AUTH_SUCCESS,C220
3296,209,U13,1.0,LOG,AUTH_SUCCESS,C309
3297,209,U13,1.0,LOG,AUTH_SUCCESS,C282
3298,209,U60,1.0,LOG,AUTH_SUCCESS,C173
3299,209,U12,1.0,LOG,AUTH_SUCCESS,C108
3300,209,U12,1.0,LOG,AUTH_SUCCESS,C173
3301,209,U12,1.0,LOG,AUTH_SUCCESS,C13
3302,209,U156,1.0,LOG,AUTH_SUCCESS,C114
3303,210,U268,1.0,LOG,AUTH_SUCCESS,C150
3304,210,U268,1.0,LOG,AUTH_SUCCESS,C358
3305,210,U611,1.0,LOG,AUTH_SUCCESS,C743
3306,210,U457,1.0,LOG,AUTH_SUCCESS,C585
3307,210,U457,1.0,LOG,AUTH_SUCCESS,C394
3308,210,U609,1.0,LOG,AUTH_SUCCESS,C741
3309,210,U63,1.0,LOG,AUTH_SUCCESS,C68
3310,210,U610,1.0,LOG,AUTH_SUCCESS,C742
3311,210,U39,1.0,LOG,AUTH_SUCCESS,C41
3312,210,U612,1.0,LOG,AUTH_SUCCESS,C744
3313,210,U167,1.0,LOG,AUTH_SUCCESS,C225
3314,210,U167,1.0,LOG,AUTH_SUCCESS,C226
3315,210,U13,1.0,LOG,AUTH_SUCCESS,C309
3316,210,U13,1.0,LOG,AUTH_SUCCESS,C282
3317,210,U13,1.0,LOG,AUTH_SUCCESS,C32
3318,210,U13,1.0,LOG,AUTH_SUCCESS,C42
3319,210,U12,1.0,LOG,AUTH_SUCCESS,C13
3320,210,U12,1.0,LOG,AUTH_SUCCESS,C159
3321,210,U159,1.0,LOG,AUTH_SUCCESS,C160
3322,210,U97,1.0,LOG,AUTH_SUCCESS,C161
3323,210,U179,1.0,LOG,AUTH_SUCCESS,C175
3324,211,U431,1.0,LOG,AUTH_SUCCESS,C556
3325,211,U170,1.0,LOG,AUTH_SUCCESS,C229
3326,211,U609,1.0,LOG,AUTH_SUCCESS,C741
3327,211,U613,1.0,LOG,AUTH_SUCCESS,C745
3328,211,U610,1.0,LOG,AUTH_SUCCESS,C742
3329,211,U614,1.0,LOG,AUTH_SUCCESS,C144
3330,211,U39,1.0,LOG,AUTH_SUCCESS,C41
3331,211,U615,1.0,LOG,AUTH_SUCCESS,C746
3332,211,U616,1.0,LOG,AUTH_SUCCESS,C747
3333,211,U13,1.0,LOG,AUTH_SUCCESS,C32
3334,211,U13,1.0,LOG,AUTH_SUCCESS,C42
3335,211,U12,1.0,LOG,AUTH_SUCCESS,C293
3336,211,U12,1.0,LOG,AUTH_SUCCESS,C748
3337,211,U169,1.0,LOG,AUTH_SUCCESS,C238
3338,212,U431,1.0,LOG,AUTH_SUCCESS,C556
3339,212,U130,1.0,LOG,AUTH_SUCCESS,C179
3340,212,U130,1.0,LOG,AUTH_SUCCESS,C239
3341,212,U16,1.0,LOG,AUTH_SUCCESS,C148
3342,212,U16,1.0,LOG,AUTH_SUCCESS,C17
3343,212,U611,1.0,LOG,AUTH_SUCCESS,C743
3344,212,U177,1.0,LOG,AUTH_SUCCESS,C242
3345,212,U177,1.0,LOG,AUTH_SUCCESS,C148
3346,212,U120,1.0,LOG,AUTH_SUCCESS,C164
3347,212,U120,1.0,LOG,AUTH_SUCCESS,C239
3348,212,U291,1.0,LOG,AUTH_SUCCESS,C238
3349,212,U613,1.0,LOG,AUTH_SUCCESS,C745
3350,212,U610,1.0,LOG,AUTH_SUCCESS,C749
3351,212,U610,1.0,LOG,AUTH_SUCCESS,C742
3352,212,U614,1.0,LOG,AUTH_SUCCESS,C144
3353,212,U612,1.0,LOG,AUTH_SUCCESS,C744
3354,212,U202,1.0,LOG,AUTH_SUCCESS,C239
3355,212,U202,1.0,LOG,AUTH_SUCCESS,C275
3356,212,U617,1.0,LOG,AUTH_SUCCESS,C301
3357,212,U616,1.0,LOG,AUTH_SUCCESS,C747
3358,212,U618,1.0,LOG,AUTH_SUCCESS,C750
3359,212,U618,1.0,LOG,AUTH_SUCCESS,C150
3360,212,U603,1.0,LOG,AUTH_SUCCESS,C733
3361,212,U153,1.0,LOG,AUTH_SUCCESS,C207
3362,212,U153,1.0,LOG,AUTH_SUCCESS,C239
3363,212,U619,1.0,LOG,AUTH_SUCCESS,C751
3364,212,U127,1.0,LOG,AUTH_SUCCESS,C155
3365,212,U97,1.0,LOG,AUTH_SUCCESS,C161
3366,212,U179,1.0,LOG,AUTH_SUCCESS,C175
3367,213,U620,1.0,LOG,AUTH_SUCCESS,C752
3368,213,U304,1.0,LOG,AUTH_SUCCESS,C402
3369,213,U63,1.0,LOG,AUTH_SUCCESS,C234
3370,213,U63,1.0,LOG,AUTH_SUCCESS,C68
3371,213,U621,1.0,LOG,AUTH_SUCCESS,C753
3372,213,U182,1.0,LOG,AUTH_SUCCESS,C248
3373,213,U182,1.0,LOG,AUTH_SUCCESS,C249
3374,213,U603,1.0,LOG,AUTH_SUCCESS,C733
3375,213,U622,1.0,LOG,AUTH_SUCCESS,C754
3376,213,U619,1.0,LOG,AUTH_SUCCESS,C751
3377,213,U183,1.0,LOG,AUTH_SUCCESS,C250
3378,213,U116,1.0,LOG,AUTH_SUCCESS,C155
3379,213,U12,1.0,LOG,AUTH_SUCCESS,C645
3380,214,U623,1.0,LOG,AUTH_SUCCESS,C755
3381,214,U47,1.0,LOG,AUTH_SUCCESS,C50
3382,214,U264,1.0,LOG,AUTH_SUCCESS,C354
3383,214,U231,1.0,LOG,AUTH_SUCCESS,C316
3384,214,U231,1.0,LOG,AUTH_SUCCESS,C317
3385,214,U16,1.0,LOG,AUTH_SUCCESS,C17
3386,214,U624,1.0,LOG,AUTH_SUCCESS,C756
3387,214,U625,1.0,LOG,AUTH_SUCCESS,C757
3388,214,U186,1.0,LOG,AUTH_SUCCESS,C254
3389,214,U186,1.0,LOG,AUTH_SUCCESS,C148
3390,214,U620,1.0,LOG,AUTH_SUCCESS,C752
3391,214,U304,1.0,LOG,AUTH_SUCCESS,C402
3392,214,U609,1.0,LOG,AUTH_SUCCESS,C134
3393,214,U609,1.0,LOG,AUTH_SUCCESS,C741
3394,214,U63,1.0,LOG,AUTH_SUCCESS,C68
3395,214,U621,1.0,LOG,AUTH_SUCCESS,C753
3396,214,U610,1.0,LOG,AUTH_SUCCESS,C134
3397,214,U610,1.0,LOG,AUTH_SUCCESS,C742
3398,214,U193,1.0,LOG,AUTH_SUCCESS,C260
3399,214,U626,1.0,LOG,AUTH_SUCCESS,C758
3400,214,U603,1.0,LOG,AUTH_SUCCESS,C733
3401,214,U622,1.0,LOG,AUTH_SUCCESS,C754
3402,214,U77,1.0,LOG,AUTH_SUCCESS,C78
3403,214,U627,1.0,LOG,AUTH_SUCCESS,C759
3404,214,U183,1.0,LOG,AUTH_SUCCESS,C250
3405,214,U188,1.0,LOG,AUTH_SUCCESS,C148
3406,214,U188,1.0,LOG,AUTH_SUCCESS,C256
3407,214,U97,1.0,LOG,AUTH_SUCCESS,C161
3408,215,U623,1.0,LOG,AUTH_SUCCESS,C755
3409,215,U47,1.0,LOG,AUTH_SUCCESS,C50
3410,215,U628,1.0,LOG,AUTH_SUCCESS,C760
3411,215,U264,1.0,LOG,AUTH_SUCCESS,C354
3412,215,U16,1.0,LOG,AUTH_SUCCESS,C17
3413,215,U624,1.0,LOG,AUTH_SUCCESS,C756
3414,215,U625,1.0,LOG,AUTH_SUCCESS,C757
3415,215,U499,1.0,LOG,AUTH_SUCCESS,C628
3416,215,U310,1.0,LOG,AUTH_SUCCESS,C412
3417,215,U629,1.0,LOG,AUTH_SUCCESS,C761
3418,215,U311,1.0,LOG,AUTH_SUCCESS,C413
3419,215,U311,1.0,LOG,AUTH_SUCCESS,C414
3420,215,U193,1.0,LOG,AUTH_SUCCESS,C260
3421,215,U194,1.0,LOG,AUTH_SUCCESS,C262
3422,215,U194,1.0,LOG,AUTH_SUCCESS,C263
3423,215,U630,1.0,LOG,AUTH_SUCCESS,C762
3424,215,U631,1.0,LOG,AUTH_SUCCESS,C145
3425,215,U631,1.0,LOG,AUTH_SUCCESS,C83
3426,215,U631,1.0,LOG,AUTH_SUCCESS,C146
3427,215,U627,1.0,LOG,AUTH_SUCCESS,C759
3428,215,U12,1.0,LOG,AUTH_SUCCESS,C598
3429,215,U12,1.0,LOG,AUTH_SUCCESS,C635
3430,215,U95,1.0,LOG,AUTH_SUCCESS,C154
3431,216,U628,1.0,LOG,AUTH_SUCCESS,C760
3432,216,U264,1.0,LOG,AUTH_SUCCESS,C354
3433,216,U16,1.0,LOG,AUTH_SUCCESS,C148
3434,216,U16,1.0,LOG,AUTH_SUCCESS,C17
3435,216,U632,1.0,LOG,AUTH_SUCCESS,C763
3436,216,U633,1.0,LOG,AUTH_SUCCESS,C764
3437,216,U186,1.0,LOG,AUTH_SUCCESS,C254
3438,216,U186,1.0,LOG,AUTH_SUCCESS,C148
3439,216,U499,1.0,LOG,AUTH_SUCCESS,C628
3440,216,U307,1.0,LOG,AUTH_SUCCESS,C408
3441,216,U307,1.0,LOG,AUTH_SUCCESS,C409
3442,216,U629,1.0,LOG,AUTH_SUCCESS,C761
3443,216,U634,1.0,LOG,AUTH_SUCCESS,C151
3444,216,U634,1.0,LOG,AUTH_SUCCESS,C765
3445,216,U124,1.0,LOG,AUTH_SUCCESS,C192
3446,216,U124,1.0,LOG,AUTH_SUCCESS,C168
3447,216,U194,1.0,LOG,AUTH_SUCCESS,C268
3448,216,U194,1.0,LOG,AUTH_SUCCESS,C262
3449,216,U630,1.0,LOG,AUTH_SUCCESS,C762
3450,216,U631,1.0,LOG,AUTH_SUCCESS,C145
3451,216,U12,1.0,LOG,AUTH_SUCCESS,C638
3452,216,U12,1.0,LOG,AUTH_SUCCESS,C365
3453,216,U128,1.0,LOG,AUTH_SUCCESS,C167
3454,216,U128,1.0,LOG,AUTH_SUCCESS,C176
3455,217,U635,1.0,LOG,AUTH_SUCCESS,C200
3456,217,U635,1.0,LOG,AUTH_SUCCESS,C766
3457,217,U52,1.0,LOG,AUTH_SUCCESS,C57
3458,217,U587,1.0,LOG,AUTH_SUCCESS,C719
3459,217,U587,1.0,LOG,AUTH_SUCCESS,C200
3460,217,U429,1.0,LOG,AUTH_SUCCESS,C767
3461,217,U632,1.0,LOG,AUTH_SUCCESS,C763
3462,217,U633,1.0,LOG,AUTH_SUCCESS,C764
3463,217,U30,1.0,LOG,AUTH_SUCCESS,C31
3464,217,U636,1.0,LOG,AUTH_SUCCESS,C768
3465,217,U53,1.0,LOG,AUTH_SUCCESS,C58
3466,217,U63,1.0,LOG,AUTH_SUCCESS,C234
3467,217,U63,1.0,LOG,AUTH_SUCCESS,C68
3468,217,U499,1.0,LOG,AUTH_SUCCESS,C628
3469,217,U608,1.0,LOG,AUTH_SUCCESS,C740
3470,217,U608,1.0,LOG,AUTH_SUCCESS,C200
3471,217,U634,1.0,LOG,AUTH_SUCCESS,C151
3472,217,U634,1.0,LOG,AUTH_SUCCESS,C200
3473,217,U634,1.0,LOG,AUTH_SUCCESS,C765
3474,217,U311,1.0,LOG,AUTH_SUCCESS,C413
3475,217,U615,1.0,LOG,AUTH_SUCCESS,C200
3476,217,U615,1.0,LOG,AUTH_SUCCESS,C746
3477,217,U261,1.0,LOG,AUTH_SUCCESS,C200
3478,217,U261,1.0,LOG,AUTH_SUCCESS,C352
3479,217,U194,1.0,LOG,AUTH_SUCCESS,C262
3480,217,U194,1.0,LOG,AUTH_SUCCESS,C263
3481,217,U197,1.0,LOG,AUTH_SUCCESS,C269
3482,217,U637,1.0,LOG,AUTH_SUCCESS,C769
3483,217,U29,1.0,LOG,AUTH_SUCCESS,C30
3484,217,U77,1.0,LOG,AUTH_SUCCESS,C234
3485,217,U77,1.0,LOG,AUTH_SUCCESS,C78
3486,217,U188,1.0,LOG,AUTH_SUCCESS,C239
3487,217,U188,1.0,LOG,AUTH_SUCCESS,C256
3488,217,U105,1.0,LOG,AUTH_SUCCESS,C160
3489,217,U128,1.0,LOG,AUTH_SUCCESS,C167
3490,217,U128,1.0,LOG,AUTH_SUCCESS,C176
3491,218,U638,1.0,LOG,AUTH_SUCCESS,C770
3492,218,U52,1.0,LOG,AUTH_SUCCESS,C57
3493,218,U30,1.0,LOG,AUTH_SUCCESS,C150
3494,218,U30,1.0,LOG,AUTH_SUCCESS,C31
3495,218,U636,1.0,LOG,AUTH_SUCCESS,C768
3496,218,U53,1.0,LOG,AUTH_SUCCESS,C58
3497,218,U499,1.0,LOG,AUTH_SUCCESS,C628
3498,218,U639,1.0,LOG,AUTH_SUCCESS,C771
3499,218,U202,1.0,LOG,AUTH_SUCCESS,C148
3500,218,U202,1.0,LOG,AUTH_SUCCESS,C275
3501,218,U640,1.0,LOG,AUTH_SUCCESS,C772
3502,218,U641,1.0,LOG,AUTH_SUCCESS,C148
3503,218,U641,1.0,LOG,AUTH_SUCCESS,C773
3504,218,U197,1.0,LOG,AUTH_SUCCESS,C269
3505,218,U197,1.0,LOG,AUTH_SUCCESS,C280
3506,218,U637,1.0,LOG,AUTH_SUCCESS,C769
3507,218,U642,1.0,LOG,AUTH_SUCCESS,C774
3508,218,U13,1.0,LOG,AUTH_SUCCESS,C209
3509,218,U12,1.0,LOG,AUTH_SUCCESS,C54
3510,218,U12,1.0,LOG,AUTH_SUCCESS,C775
3511,218,U159,1.0,LOG,AUTH_SUCCESS,C160
3512,218,U97,1.0,LOG,AUTH_SUCCESS,C161
3513,219,U643,1.0,LOG,AUTH_SUCCESS,C150
3514,219,U643,1.0,LOG,AUTH_SUCCESS,C776
3515,219,U644,1.0,LOG,AUTH_SUCCESS,C777
3516,219,U645,1.0,LOG,AUTH_SUCCESS,C778
3517,219,U419,1.0,LOG,AUTH_SUCCESS,C543
3518,219,U639,1.0,LOG,AUTH_SUCCESS,C771
3519,219,U639,1.0,LOG,AUTH_SUCCESS,C150
3520,219,U646,1.0,LOG,AUTH_SUCCESS,C568
3521,219,U640,1.0,LOG,AUTH_SUCCESS,C772
3522,219,U647,1.0,LOG,AUTH_SUCCESS,C779
3523,219,U216,1.0,LOG,AUTH_SUCCESS,C219
3524,219,U216,1.0,LOG,AUTH_SUCCESS,C291
3525,219,U637,1.0,LOG,AUTH_SUCCESS,C769
3526,219,U29,1.0,LOG,AUTH_SUCCESS,C30
3527,219,U619,1.0,LOG,AUTH_SUCCESS,C134
3528,219,U619,1.0,LOG,AUTH_SUCCESS,C751
3529,219,U60,1.0,LOG,AUTH_SUCCESS,C173
3530,219,U12,1.0,LOG,AUTH_SUCCESS,C748
3531,219,U159,1.0,LOG,AUTH_SUCCESS,C160
3532,220,U645,1.0,LOG,AUTH_SUCCESS,C778
3533,220,U211,1.0,LOG,AUTH_SUCCESS,C248
3534,220,U211,1.0,LOG,AUTH_SUCCESS,C286
3535,220,U212,1.0,LOG,AUTH_SUCCESS,C287
3536,220,U464,1.0,LOG,AUTH_SUCCESS,C592
3537,220,U648,1.0,LOG,AUTH_SUCCESS,C780
3538,220,U419,1.0,LOG,AUTH_SUCCESS,C543
3539,220,U649,1.0,LOG,AUTH_SUCCESS,C781
3540,220,U499,1.0,LOG,AUTH_SUCCESS,C628
3541,220,U639,1.0,LOG,AUTH_SUCCESS,C771
3542,220,U646,1.0,LOG,AUTH_SUCCESS,C568
3543,220,U647,1.0,LOG,AUTH_SUCCESS,C150
3544,220,U647,1.0,LOG,AUTH_SUCCESS,C779
3545,220,U329,1.0,LOG,AUTH_SUCCESS,C440
3546,220,U71,1.0,LOG,AUTH_SUCCESS,C475
3547,220,U12,1.0,LOG,AUTH_SUCCESS,C54
3548,220,U12,1.0,LOG,AUTH_SUCCESS,C775
3549,221,U650,1.0,LOG,AUTH_SUCCESS,C782
3550,221,U212,1.0,LOG,AUTH_SUCCESS,C295
3551,221,U212,1.0,LOG,AUTH_SUCCESS,C280
3552,221,U212,1.0,LOG,AUTH_SUCCESS,C287
3553,221,U464,1.0,LOG,AUTH_SUCCESS,C592
3554,221,U464,1.0,LOG,AUTH_SUCCESS,C150
3555,221,U651,1.0,LOG,AUTH_SUCCESS,C783
3556,221,U651,1.0,LOG,AUTH_SUCCESS,C784
3557,221,U651,1.0,LOG,AUTH_SUCCESS,C785
3558,221,U648,1.0,LOG,AUTH_SUCCESS,C780
3559,221,U649,1.0,LOG,AUTH_SUCCESS,C781
3560,221,U4,1.0,LOG,AUTH_SUCCESS,C5
3561,221,U218,1.0,LOG,AUTH_SUCCESS,C219
3562,221,U218,1.0,LOG,AUTH_SUCCESS,C296
3563,221,U647,1.0,LOG,AUTH_SUCCESS,C779
3564,221,U29,1.0,LOG,AUTH_SUCCESS,C30
3565,221,U104,1.0,LOG,AUTH_SUCCESS,C126
3566,221,U104,1.0,LOG,AUTH_SUCCESS,C127
3567,221,U12,1.0,LOG,AUTH_SUCCESS,C786
3568,221,U159,1.0,LOG,AUTH_SUCCESS,C160
3569,221,U128,1.0,LOG,AUTH_SUCCESS,C167
3570,221,U128,1.0,LOG,AUTH_SUCCESS,C176
3571,222,U650,1.0,LOG,AUTH_SUCCESS,C782
3572,222,U472,1.0,LOG,AUTH_SUCCESS,C601
3573,222,U472,1.0,LOG,AUTH_SUCCESS,C151
3574,222,U439,1.0,LOG,AUTH_SUCCESS,C565
3575,222,U652,1.0,LOG,AUTH_SUCCESS,C787
3576,222,U651,1.0,LOG,AUTH_SUCCESS,C788
3577,222,U651,1.0,LOG,AUTH_SUCCESS,C568
3578,222,U651,1.0,LOG,AUTH_SUCCESS,C783
3579,222,U651,1.0,LOG,AUTH_SUCCESS,C784
3580,222,U651,1.0,LOG,AUTH_SUCCESS,C785
3581,222,U653,1.0,LOG,AUTH_SUCCESS,C135
3582,222,U653,1.0,LOG,AUTH_SUCCESS,C789
3583,222,U648,1.0,LOG,AUTH_SUCCESS,C780
3584,222,U654,1.0,LOG,AUTH_SUCCESS,C790
3585,222,U307,1.0,LOG,AUTH_SUCCESS,C437
3586,222,U307,1.0,LOG,AUTH_SUCCESS,C408
3587,222,U225,1.0,LOG,AUTH_SUCCESS,C304
3588,222,U225,1.0,LOG,AUTH_SUCCESS,C305
3589,222,U4,1.0,LOG,AUTH_SUCCESS,C150
3590,222,U4,1.0,LOG,AUTH_SUCCESS,C5
3591,222,U214,1.0,LOG,AUTH_SUCCESS,C289
3592,222,U214,1.0,LOG,AUTH_SUCCESS,C148
3593,222,U655,1.0,LOG,AUTH_SUCCESS,C150
3594,222,U655,1.0,LOG,AUTH_SUCCESS,C791
3595,222,U227,1.0,LOG,AUTH_SUCCESS,C308
3596,222,U227,1.0,LOG,AUTH_SUCCESS,C148
3597,222,U9,1.0,LOG,AUTH_SUCCESS,C10
3598,222,U13,1.0,LOG,AUTH_SUCCESS,C42
3599,222,U94,1.0,LOG,AUTH_SUCCESS,C186
3600,222,U94,1.0,LOG,AUTH_SUCCESS,C110
3601,222,U128,1.0,LOG,AUTH_SUCCESS,C167
3602,222,U128,1.0,LOG,AUTH_SUCCESS,C176
3603,223,U650,1.0,LOG,AUTH_SUCCESS,C782
3604,223,U656,1.0,LOG,AUTH_SUCCESS,C792
3605,223,U648,1.0,LOG,AUTH_SUCCESS,C780
3606,223,U654,1.0,LOG,AUTH_SUCCESS,C790
3607,223,U4,1.0,LOG,AUTH_SUCCESS,C5
3608,223,U657,1.0,LOG,AUTH_SUCCESS,C150
3609,223,U657,1.0,LOG,AUTH_SUCCESS,C793
3610,223,U9,1.0,LOG,AUTH_SUCCESS,C10
3611,223,U13,1.0,LOG,AUTH_SUCCESS,C42
3612,223,U104,1.0,LOG,AUTH_SUCCESS,C126
3613,223,U104,1.0,LOG,AUTH_SUCCESS,C127
3614,223,U184,1.0,LOG,AUTH_SUCCESS,C154
3615,223,U159,1.0,LOG,AUTH_SUCCESS,C160
3616,223,U128,1.0,LOG,AUTH_SUCCESS,C209
3617,223,U128,1.0,LOG,AUTH_SUCCESS,C176
3618,224,U439,1.0,LOG,AUTH_SUCCESS,C565
3619,224,U645,1.0,LOG,AUTH_SUCCESS,C134
3620,224,U645,1.0,LOG,AUTH_SUCCESS,C778
3621,224,U656,1.0,LOG,AUTH_SUCCESS,C792
3622,224,U651,1.0,LOG,AUTH_SUCCESS,C568
3623,224,U658,1.0,LOG,AUTH_SUCCESS,C794
3624,224,U659,1.0,LOG,AUTH_SUCCESS,C795
3625,224,U60,1.0,LOG,AUTH_SUCCESS,C108
3626,224,U60,1.0,LOG,AUTH_SUCCESS,C173
3627,224,U12,1.0,LOG,AUTH_SUCCESS,C748
3628,224,U184,1.0,LOG,AUTH_SUCCESS,C154
3629,224,U156,1.0,LOG,AUTH_SUCCESS,C114
3630,224,U156,1.0,LOG,AUTH_SUCCESS,C161
3631,224,U128,1.0,LOG,AUTH_SUCCESS,C108
3632,224,U128,1.0,LOG,AUTH_SUCCESS,C173
3633,224,U128,1.0,LOG,AUTH_SUCCESS,C176
3634,224,U66,1.0,LOG,AUTH_SUCCESS,C1
3635,224,U67,1.0,LOG,AUTH_SUCCESS,C49
3636,225,U68,1.0,LOG,AUTH_SUCCESS,C71
3637,225,U658,1.0,LOG,AUTH_SUCCESS,C794
3638,225,U660,1.0,LOG,AUTH_SUCCESS,C796
3639,225,U659,1.0,LOG,AUTH_SUCCESS,C795
3640,225,U14,1.0,LOG,AUTH_SUCCESS,C219
3641,225,U14,1.0,LOG,AUTH_SUCCESS,C15
3642,225,U71,1.0,LOG,AUTH_SUCCESS,C74
3643,225,U184,1.0,LOG,AUTH_SUCCESS,C154
3644,225,U66,1.0,LOG,AUTH_SUCCESS,C1
3645,225,U67,1.0,LOG,AUTH_SUCCESS,C154
3646,225,U67,1.0,LOG,AUTH_SUCCESS,C49
3647,226,U235,1.0,LOG,AUTH_SUCCESS,C219
3648,226,U235,1.0,LOG,AUTH_SUCCESS,C320
3649,226,U68,1.0,LOG,AUTH_SUCCESS,C71
3650,226,U661,1.0,LOG,AUTH_SUCCESS,C797
3651,226,U662,1.0,LOG,AUTH_SUCCESS,C798
3652,226,U660,1.0,LOG,AUTH_SUCCESS,C796
3653,226,U6,1.0,LOG,AUTH_SUCCESS,C7
3654,226,U6,1.0,LOG,AUTH_SUCCESS,C148
3655,226,U311,1.0,LOG,AUTH_SUCCESS,C300
3656,226,U311,1.0,LOG,AUTH_SUCCESS,C413
3657,226,U29,1.0,LOG,AUTH_SUCCESS,C300
3658,226,U29,1.0,LOG,AUTH_SUCCESS,C30
3659,226,U77,1.0,LOG,AUTH_SUCCESS,C78
3660,226,U127,1.0,LOG,AUTH_SUCCESS,C155
3661,226,U12,1.0,LOG,AUTH_SUCCESS,C293
3662,226,U184,1.0,LOG,AUTH_SUCCESS,C154
3663,226,U179,1.0,LOG,AUTH_SUCCESS,C175
3664,226,U128,1.0,LOG,AUTH_SUCCESS,C167
3665,226,U128,1.0,LOG,AUTH_SUCCESS,C176
3666,226,U66,1.0,LOG,AUTH_SUCCESS,C1
3667,227,U663,1.0,LOG,AUTH_SUCCESS,C799
3668,227,U57,1.0,LOG,AUTH_SUCCESS,C62
3669,227,U53,1.0,LOG,AUTH_SUCCESS,C58
3670,227,U661,1.0,LOG,AUTH_SUCCESS,C797
3671,227,U662,1.0,LOG,AUTH_SUCCESS,C798
3672,227,U6,1.0,LOG,AUTH_SUCCESS,C7
3673,227,U664,1.0,LOG,AUTH_SUCCESS,C800
3674,227,U244,1.0,LOG,AUTH_SUCCESS,C219
3675,227,U244,1.0,LOG,AUTH_SUCCESS,C330
3676,227,U12,1.0,LOG,AUTH_SUCCESS,C801
3677,227,U204,1.0,LOG,AUTH_SUCCESS,C154
3678,227,U128,1.0,LOG,AUTH_SUCCESS,C167
3679,227,U128,1.0,LOG,AUTH_SUCCESS,C176
3680,228,U663,1.0,LOG,AUTH_SUCCESS,C799
3681,228,U57,1.0,LOG,AUTH_SUCCESS,C62
3682,228,U665,1.0,LOG,AUTH_SUCCESS,C802
3683,228,U6,1.0,LOG,AUTH_SUCCESS,C7
3684,228,U6,1.0,LOG,AUTH_SUCCESS,C148
3685,228,U666,1.0,LOG,AUTH_SUCCESS,C144
3686,228,U666,1.0,LOG,AUTH_SUCCESS,C301
3687,228,U666,1.0,LOG,AUTH_SUCCESS,C82
3688,228,U329,1.0,LOG,AUTH_SUCCESS,C440
3689,228,U13,1.0,LOG,AUTH_SUCCESS,C209
3690,228,U103,1.0,LOG,AUTH_SUCCESS,C125
3691,228,U93,1.0,LOG,AUTH_SUCCESS,C53
3692,228,U93,1.0,LOG,AUTH_SUCCESS,C107
3693,228,U156,1.0,LOG,AUTH_SUCCESS,C161
3694,228,U179,1.0,LOG,AUTH_SUCCESS,C175
3695,229,U663,1.0,LOG,AUTH_SUCCESS,C799
3696,229,U667,1.0,LOG,AUTH_SUCCESS,C803
3697,229,U668,1.0,LOG,AUTH_SUCCESS,C804
3698,229,U6,1.0,LOG,AUTH_SUCCESS,C7
3699,229,U666,1.0,LOG,AUTH_SUCCESS,C144
3700,229,U666,1.0,LOG,AUTH_SUCCESS,C301
3701,229,U70,1.0,LOG,AUTH_SUCCESS,C122
3702,229,U77,1.0,LOG,AUTH_SUCCESS,C234
3703,229,U77,1.0,LOG,AUTH_SUCCESS,C78
3704,229,U101,1.0,LOG,AUTH_SUCCESS,C123
3705,229,U93,1.0,LOG,AUTH_SUCCESS,C53
3706,229,U93,1.0,LOG,AUTH_SUCCESS,C107
3707,229,U60,1.0,LOG,AUTH_SUCCESS,C173
3708,229,U12,1.0,LOG,AUTH_SUCCESS,C805
3709,229,U12,1.0,LOG,AUTH_SUCCESS,C13
3710,229,U96,1.0,LOG,AUTH_SUCCESS,C113
3711,229,U112,1.0,LOG,AUTH_SUCCESS,C301
3712,230,U106,1.0,LOG,AUTH_SUCCESS,C136
3713,230,U667,1.0,LOG,AUTH_SUCCESS,C803
3714,230,U668,1.0,LOG,AUTH_SUCCESS,C804
3715,230,U669,1.0,LOG,AUTH_SUCCESS,C806
3716,230,U626,1.0,LOG,AUTH_SUCCESS,C758
3717,230,U70,1.0,LOG,AUTH_SUCCESS,C122
3718,230,U670,1.0,LOG,AUTH_SUCCESS,C150
3719,230,U670,1.0,LOG,AUTH_SUCCESS,C807
3720,230,U101,1.0,LOG,AUTH_SUCCESS,C123
3721,230,U671,1.0,LOG,AUTH_SUCCESS,C808
3722,230,U102,1.0,LOG,AUTH_SUCCESS,C124
3723,230,U12,1.0,LOG,AUTH_SUCCESS,C582
3724,230,U12,1.0,LOG,AUTH_SUCCESS,C13
3725,230,U12,1.0,LOG,AUTH_SUCCESS,C809
3726,230,U96,1.0,LOG,AUTH_SUCCESS,C113
3727,230,U159,1.0,LOG,AUTH_SUCCESS,C160
3728,230,U179,1.0,LOG,AUTH_SUCCESS,C175
3729,230,U112,1.0,LOG,AUTH_SUCCESS,C301
3730,231,U431,1.0,LOG,AUTH_SUCCESS,C556
3731,231,U431,1.0,LOG,AUTH_SUCCESS,C248
3732,231,U672,1.0,LOG,AUTH_SUCCESS,C810
3733,231,U669,1.0,LOG,AUTH_SUCCESS,C806
3734,231,U670,1.0,LOG,AUTH_SUCCESS,C807
3735,231,U12,1.0,LOG,AUTH_SUCCESS,C293
3736,231,U128,1.0,LOG,AUTH_SUCCESS,C167
3737,231,U128,1.0,LOG,AUTH_SUCCESS,C313
3738,231,U128,1.0,LOG,AUTH_SUCCESS,C176
3739,231,U112,1.0,LOG,AUTH_SUCCESS,C82
3740,232,U113,1.0,LOG,AUTH_SUCCESS,C147
3741,232,U113,1.0,LOG,AUTH_SUCCESS,C148
3742,232,U673,1.0,LOG,AUTH_SUCCESS,C811
3743,232,U673,1.0,LOG,AUTH_SUCCESS,C114
3744,232,U252,1.0,LOG,AUTH_SUCCESS,C339
3745,232,U252,1.0,LOG,AUTH_SUCCESS,C225
3746,232,U672,1.0,LOG,AUTH_SUCCESS,C810
3747,232,U120,1.0,LOG,AUTH_SUCCESS,C164
3748,232,U120,1.0,LOG,AUTH_SUCCESS,C148
3749,232,U661,1.0,LOG,AUTH_SUCCESS,C797
3750,232,U21,1.0,LOG,AUTH_SUCCESS,C22
3751,232,U201,1.0,LOG,AUTH_SUCCESS,C200
3752,232,U201,1.0,LOG,AUTH_SUCCESS,C274
3753,232,U114,1.0,LOG,AUTH_SUCCESS,C149
3754,232,U114,1.0,LOG,AUTH_SUCCESS,C148
3755,232,U674,1.0,LOG,AUTH_SUCCESS,C812
3756,232,U675,1.0,LOG,AUTH_SUCCESS,C813
3757,232,U115,1.0,LOG,AUTH_SUCCESS,C148
3758,232,U115,1.0,LOG,AUTH_SUCCESS,C152
3759,232,U670,1.0,LOG,AUTH_SUCCESS,C150
3760,232,U670,1.0,LOG,AUTH_SUCCESS,C807
3761,232,U671,1.0,LOG,AUTH_SUCCESS,C808
3762,232,U13,1.0,LOG,AUTH_SUCCESS,C32
3763,232,U12,1.0,LOG,AUTH_SUCCESS,C631
3764,232,U12,1.0,LOG,AUTH_SUCCESS,C814
3765,232,U156,1.0,LOG,AUTH_SUCCESS,C161
3766,232,U179,1.0,LOG,AUTH_SUCCESS,C175
3767,232,U112,1.0,LOG,AUTH_SUCCESS,C301
3768,232,U112,1.0,LOG,AUTH_SUCCESS,C82
3769,232,U112,1.0,LOG,AUTH_SUCCESS,C146
3770,233,U676,1.0,LOG,AUTH_SUCCESS,C815
3771,233,U672,1.0,LOG,AUTH_SUCCESS,C810
3772,233,U21,1.0,LOG,AUTH_SUCCESS,C22
3773,233,U674,1.0,LOG,AUTH_SUCCESS,C812
3774,233,U116,1.0,LOG,AUTH_SUCCESS,C155
3775,233,U13,1.0,LOG,AUTH_SUCCESS,C32
3776,233,U12,1.0,LOG,AUTH_SUCCESS,C401
3777,233,U112,1.0,LOG,AUTH_SUCCESS,C301
3778,233,U112,1.0,LOG,AUTH_SUCCESS,C82
3779,234,U144,1.0,LOG,AUTH_SUCCESS,C195
3780,234,U677,1.0,LOG,AUTH_SUCCESS,C816
3781,234,U673,1.0,LOG,AUTH_SUCCESS,C811
3782,234,U673,1.0,LOG,AUTH_SUCCESS,C114
3783,234,U656,1.0,LOG,AUTH_SUCCESS,C134
3784,234,U656,1.0,LOG,AUTH_SUCCESS,C792
3785,234,U231,1.0,LOG,AUTH_SUCCESS,C316
3786,234,U231,1.0,LOG,AUTH_SUCCESS,C317
3787,234,U674,1.0,LOG,AUTH_SUCCESS,C812
3788,234,U678,1.0,LOG,AUTH_SUCCESS,C817
3789,234,U664,1.0,LOG,AUTH_SUCCESS,C134
3790,234,U664,1.0,LOG,AUTH_SUCCESS,C800
3791,234,U136,1.0,LOG,AUTH_SUCCESS,C185
3792,234,U603,1.0,LOG,AUTH_SUCCESS,C818
3793,234,U127,1.0,LOG,AUTH_SUCCESS,C155
3794,234,U238,1.0,LOG,AUTH_SUCCESS,C484
3795,234,U238,1.0,LOG,AUTH_SUCCESS,C485
3796,234,U13,1.0,LOG,AUTH_SUCCESS,C14
3797,234,U12,1.0,LOG,AUTH_SUCCESS,C819
3798,234,U156,1.0,LOG,AUTH_SUCCESS,C161
3799,235,U144,1.0,LOG,AUTH_SUCCESS,C195
3800,235,U677,1.0,LOG,AUTH_SUCCESS,C816
3801,235,U679,1.0,LOG,AUTH_SUCCESS,C820
3802,235,U140,1.0,LOG,AUTH_SUCCESS,C190
3803,235,U124,1.0,LOG,AUTH_SUCCESS,C192
3804,235,U678,1.0,LOG,AUTH_SUCCESS,C817
3805,235,U12,1.0,LOG,AUTH_SUCCESS,C270
3806,235,U12,1.0,LOG,AUTH_SUCCESS,C638
3807,235,U95,1.0,LOG,AUTH_SUCCESS,C154
3808,235,U112,1.0,LOG,AUTH_SUCCESS,C144
3809,235,U112,1.0,LOG,AUTH_SUCCESS,C301
3810,236,U144,1.0,LOG,AUTH_SUCCESS,C195
3811,236,U130,1.0,LOG,AUTH_SUCCESS,C179
3812,236,U130,1.0,LOG,AUTH_SUCCESS,C148
3813,236,U677,1.0,LOG,AUTH_SUCCESS,C816
3814,236,U679,1.0,LOG,AUTH_SUCCESS,C820
3815,236,U132,1.0,LOG,AUTH_SUCCESS,C181
3816,236,U132,1.0,LOG,AUTH_SUCCESS,C148
3817,236,U680,1.0,LOG,AUTH_SUCCESS,C821
3818,236,U356,1.0,LOG,AUTH_SUCCESS,C474
3819,236,U140,1.0,LOG,AUTH_SUCCESS,C190
3820,236,U124,1.0,LOG,AUTH_SUCCESS,C192
3821,236,U124,1.0,LOG,AUTH_SUCCESS,C168
3822,236,U152,1.0,LOG,AUTH_SUCCESS,C206
3823,236,U154,1.0,LOG,AUTH_SUCCESS,C208
3824,236,U154,1.0,LOG,AUTH_SUCCESS,C148
3825,236,U127,1.0,LOG,AUTH_SUCCESS,C155
3826,236,U93,1.0,LOG,AUTH_SUCCESS,C251
3827,236,U93,1.0,LOG,AUTH_SUCCESS,C107
3828,236,U128,1.0,LOG,AUTH_SUCCESS,C167
3829,236,U128,1.0,LOG,AUTH_SUCCESS,C176
3830,236,U112,1.0,LOG,AUTH_SUCCESS,C83
3831,236,U112,1.0,LOG,AUTH_SUCCESS,C146
3832,237,U144,1.0,LOG,AUTH_SUCCESS,C195
3833,237,U130,1.0,LOG,AUTH_SUCCESS,C179
3834,237,U130,1.0,LOG,AUTH_SUCCESS,C239
3835,237,U677,1.0,LOG,AUTH_SUCCESS,C816
3836,237,U147,1.0,LOG,AUTH_SUCCESS,C198
3837,237,U680,1.0,LOG,AUTH_SUCCESS,C821
3838,237,U120,1.0,LOG,AUTH_SUCCESS,C164
3839,237,U120,1.0,LOG,AUTH_SUCCESS,C239
3840,237,U681,1.0,LOG,AUTH_SUCCESS,C822
3841,237,U152,1.0,LOG,AUTH_SUCCESS,C206
3842,237,U153,1.0,LOG,AUTH_SUCCESS,C207
3843,237,U153,1.0,LOG,AUTH_SUCCESS,C239
3844,237,U682,1.0,LOG,AUTH_SUCCESS,C145
3845,237,U683,1.0,LOG,AUTH_SUCCESS,C823
3846,237,U336,1.0,LOG,AUTH_SUCCESS,C448
3847,237,U336,1.0,LOG,AUTH_SUCCESS,C200
3848,237,U116,1.0,LOG,AUTH_SUCCESS,C155
3849,237,U105,1.0,LOG,AUTH_SUCCESS,C160
3850,237,U128,1.0,LOG,AUTH_SUCCESS,C167
3851,237,U128,1.0,LOG,AUTH_SUCCESS,C176
3852,238,U684,1.0,LOG,AUTH_SUCCESS,C824
3853,238,U190,1.0,LOG,AUTH_SUCCESS,C257
3854,238,U681,1.0,LOG,AUTH_SUCCESS,C822
3855,238,U356,1.0,LOG,AUTH_SUCCESS,C150
3856,238,U356,1.0,LOG,AUTH_SUCCESS,C474
3857,238,U685,1.0,LOG,AUTH_SUCCESS,C825
3858,238,U640,1.0,LOG,AUTH_SUCCESS,C772
3859,238,U153,1.0,LOG,AUTH_SUCCESS,C207
3860,238,U153,1.0,LOG,AUTH_SUCCESS,C148
3861,238,U682,1.0,LOG,AUTH_SUCCESS,C476
3862,238,U77,1.0,LOG,AUTH_SUCCESS,C78
3863,238,U12,1.0,LOG,AUTH_SUCCESS,C213
3864,238,U159,1.0,LOG,AUTH_SUCCESS,C160
3865,238,U112,1.0,LOG,AUTH_SUCCESS,C83
3866,238,U112,1.0,LOG,AUTH_SUCCESS,C146
3867,239,U667,1.0,LOG,AUTH_SUCCESS,C826
3868,239,U686,1.0,LOG,AUTH_SUCCESS,C827
3869,239,U175,1.0,LOG,AUTH_SUCCESS,C240
3870,239,U684,1.0,LOG,AUTH_SUCCESS,C824
3871,239,U190,1.0,LOG,AUTH_SUCCESS,C257
3872,239,U680,1.0,LOG,AUTH_SUCCESS,C821
3873,239,U687,1.0,LOG,AUTH_SUCCESS,C828
3874,239,U687,1.0,LOG,AUTH_SUCCESS,C150
3875,239,U681,1.0,LOG,AUTH_SUCCESS,C822
3876,239,U681,1.0,LOG,AUTH_SUCCESS,C150
3877,239,U685,1.0,LOG,AUTH_SUCCESS,C825
3878,239,U163,1.0,LOG,AUTH_SUCCESS,C219
3879,239,U163,1.0,LOG,AUTH_SUCCESS,C220
3880,239,U682,1.0,LOG,AUTH_SUCCESS,C476
3881,239,U373,1.0,LOG,AUTH_SUCCESS,C154
3882,239,U60,1.0,LOG,AUTH_SUCCESS,C173
3883,239,U159,1.0,LOG,AUTH_SUCCESS,C160
3884,239,U112,1.0,LOG,AUTH_SUCCESS,C83
3885,239,U112,1.0,LOG,AUTH_SUCCESS,C146
3886,240,U688,1.0,LOG,AUTH_SUCCESS,C829
3887,240,U175,1.0,LOG,AUTH_SUCCESS,C240
3888,240,U684,1.0,LOG,AUTH_SUCCESS,C824
3889,240,U165,1.0,LOG,AUTH_SUCCESS,C223
3890,240,U190,1.0,LOG,AUTH_SUCCESS,C257
3891,240,U689,1.0,LOG,AUTH_SUCCESS,C830
3892,240,U39,1.0,LOG,AUTH_SUCCESS,C41
3893,240,U167,1.0,LOG,AUTH_SUCCESS,C225
3894,240,U167,1.0,LOG,AUTH_SUCCESS,C226
3895,240,U685,1.0,LOG,AUTH_SUCCESS,C825
3896,240,U690,1.0,LOG,AUTH_SUCCESS,C831
3897,240,U127,1.0,LOG,AUTH_SUCCESS,C155
3898,240,U13,1.0,LOG,AUTH_SUCCESS,C309
3899,240,U97,1.0,LOG,AUTH_SUCCESS,C116
3900,241,U170,1.0,LOG,AUTH_SUCCESS,C229
3901,241,U688,1.0,LOG,AUTH_SUCCESS,C829
3902,241,U684,1.0,LOG,AUTH_SUCCESS,C824
3903,241,U691,1.0,LOG,AUTH_SUCCESS,C832
3904,241,U689,1.0,LOG,AUTH_SUCCESS,C830
3905,241,U39,1.0,LOG,AUTH_SUCCESS,C41
3906,241,U685,1.0,LOG,AUTH_SUCCESS,C134
3907,241,U685,1.0,LOG,AUTH_SUCCESS,C825
3908,241,U77,1.0,LOG,AUTH_SUCCESS,C234
3909,241,U77,1.0,LOG,AUTH_SUCCESS,C78
3910,241,U116,1.0,LOG,AUTH_SUCCESS,C155
3911,241,U13,1.0,LOG,AUTH_SUCCESS,C309
3912,241,U159,1.0,LOG,AUTH_SUCCESS,C160
3913,241,U128,1.0,LOG,AUTH_SUCCESS,C167
3914,241,U128,1.0,LOG,AUTH_SUCCESS,C176
3915,242,U692,1.0,LOG,AUTH_SUCCESS,C833
3916,242,U175,1.0,LOG,AUTH_SUCCESS,C240
3917,242,U175,1.0,LOG,AUTH_SUCCESS,C200
3918,242,U693,1.0,LOG,AUTH_SUCCESS,C834
3919,242,U691,1.0,LOG,AUTH_SUCCESS,C832
3920,242,U177,1.0,LOG,AUTH_SUCCESS,C242
3921,242,U177,1.0,LOG,AUTH_SUCCESS,C148
3922,242,U543,1.0,LOG,AUTH_SUCCESS,C835
3923,242,U694,1.0,LOG,AUTH_SUCCESS,C836
3924,242,U689,1.0,LOG,AUTH_SUCCESS,C830
3925,242,U695,1.0,LOG,AUTH_SUCCESS,C837
3926,242,U12,1.0,LOG,AUTH_SUCCESS,C456
3927,242,U12,1.0,LOG,AUTH_SUCCESS,C404
3928,242,U12,1.0,LOG,AUTH_SUCCESS,C54
3929,242,U128,1.0,LOG,AUTH_SUCCESS,C167
3930,242,U128,1.0,LOG,AUTH_SUCCESS,C176
3931,243,U180,1.0,LOG,AUTH_SUCCESS,C246
3932,243,U696,1.0,LOG,AUTH_SUCCESS,C838
3933,243,U697,1.0,LOG,AUTH_SUCCESS,C839
3934,243,U543,1.0,LOG,AUTH_SUCCESS,C835
3935,243,U64,1.0,LOG,AUTH_SUCCESS,C69
3936,243,U694,1.0,LOG,AUTH_SUCCESS,C836
3937,243,U689,1.0,LOG,AUTH_SUCCESS,C830
3938,243,U695,1.0,LOG,AUTH_SUCCESS,C837
3939,243,U685,1.0,LOG,AUTH_SUCCESS,C134
3940,243,U685,1.0,LOG,AUTH_SUCCESS,C825
3941,243,U135,1.0,LOG,AUTH_SUCCESS,C184
3942,243,U60,1.0,LOG,AUTH_SUCCESS,C213
3943,243,U60,1.0,LOG,AUTH_SUCCESS,C107
3944,243,U184,1.0,LOG,AUTH_SUCCESS,C154
3945,243,U159,1.0,LOG,AUTH_SUCCESS,C160
3946,244,U180,1.0,LOG,AUTH_SUCCESS,C246
3947,244,U698,1.0,LOG,AUTH_SUCCESS,C840
3948,244,U696,1.0,LOG,AUTH_SUCCESS,C838
3949,244,U191,1.0,LOG,AUTH_SUCCESS,C258
3950,244,U543,1.0,LOG,AUTH_SUCCESS,C835
3951,244,U63,1.0,LOG,AUTH_SUCCESS,C68
3952,244,U64,1.0,LOG,AUTH_SUCCESS,C150
3953,244,U64,1.0,LOG,AUTH_SUCCESS,C69
3954,244,U699,1.0,LOG,AUTH_SUCCESS,C517
3955,244,U689,1.0,LOG,AUTH_SUCCESS,C830
3956,244,U182,1.0,LOG,AUTH_SUCCESS,C248
3957,244,U182,1.0,LOG,AUTH_SUCCESS,C249
3958,244,U183,1.0,LOG,AUTH_SUCCESS,C250
3959,244,U188,1.0,LOG,AUTH_SUCCESS,C148
3960,244,U188,1.0,LOG,AUTH_SUCCESS,C256
3961,244,U60,1.0,LOG,AUTH_SUCCESS,C173
3962,244,U12,1.0,LOG,AUTH_SUCCESS,C54
3963,244,U184,1.0,LOG,AUTH_SUCCESS,C154
3964,244,U112,1.0,LOG,AUTH_SUCCESS,C301
3965,244,U112,1.0,LOG,AUTH_SUCCESS,C82
3966,244,U112,1.0,LOG,AUTH_SUCCESS,C83
3967,244,U67,1.0,LOG,AUTH_SUCCESS,C49
3968,245,U180,1.0,LOG,AUTH_SUCCESS,C246
3969,245,U700,1.0,LOG,AUTH_SUCCESS,C841
3970,245,U698,1.0,LOG,AUTH_SUCCESS,C840
3971,245,U191,1.0,LOG,AUTH_SUCCESS,C258
3972,245,U543,1.0,LOG,AUTH_SUCCESS,C835
3973,245,U64,1.0,LOG,AUTH_SUCCESS,C69
3974,245,U699,1.0,LOG,AUTH_SUCCESS,C517
3975,245,U396,1.0,LOG,AUTH_SUCCESS,C516
3976,245,U689,1.0,LOG,AUTH_SUCCESS,C830
3977,245,U193,1.0,LOG,AUTH_SUCCESS,C260
3978,245,U60,1.0,LOG,AUTH_SUCCESS,C108
3979,245,U12,1.0,LOG,AUTH_SUCCESS,C236
3980,245,U12,1.0,LOG,AUTH_SUCCESS,C842
3981,245,U12,1.0,LOG,AUTH_SUCCESS,C54
3982,245,U184,1.0,LOG,AUTH_SUCCESS,C154
3983,245,U112,1.0,LOG,AUTH_SUCCESS,C301
3984,245,U67,1.0,LOG,AUTH_SUCCESS,C154
3985,245,U67,1.0,LOG,AUTH_SUCCESS,C49
3986,246,U700,1.0,LOG,AUTH_SUCCESS,C841
3987,246,U698,1.0,LOG,AUTH_SUCCESS,C840
3988,246,U701,1.0,LOG,AUTH_SUCCESS,C843
3989,246,U16,1.0,LOG,AUTH_SUCCESS,C148
3990,246,U16,1.0,LOG,AUTH_SUCCESS,C17
3991,246,U186,1.0,LOG,AUTH_SUCCESS,C254
3992,246,U186,1.0,LOG,AUTH_SUCCESS,C148
3993,246,U689,1.0,LOG,AUTH_SUCCESS,C830
3994,246,U194,1.0,LOG,AUTH_SUCCESS,C268
3995,246,U194,1.0,LOG,AUTH_SUCCESS,C262
3996,246,U194,1.0,LOG,AUTH_SUCCESS,C263
3997,246,U197,1.0,LOG,AUTH_SUCCESS,C269
3998,246,U702,1.0,LOG,AUTH_SUCCESS,C844
3999,246,U188,1.0,LOG,AUTH_SUCCESS,C148
4000,246,U188,1.0,LOG,AUTH_SUCCESS,C256
4001,246,U12,1.0,LOG,AUTH_SUCCESS,C251
4002,246,U184,1.0,LOG,AUTH_SUCCESS,C154
4003,246,U179,1.0,LOG,AUTH_SUCCESS,C175
4004,246,U128,1.0,LOG,AUTH_SUCCESS,C167
4005,246,U128,1.0,LOG,AUTH_SUCCESS,C176
4006,247,U698,1.0,LOG,AUTH_SUCCESS,C840
4007,247,U540,1.0,LOG,AUTH_SUCCESS,C675
4008,247,U372,1.0,LOG,AUTH_SUCCESS,C495
4009,247,U372,1.0,LOG,AUTH_SUCCESS,C200
4010,247,U701,1.0,LOG,AUTH_SUCCESS,C843
4011,247,U16,1.0,LOG,AUTH_SUCCESS,C17
4012,247,U63,1.0,LOG,AUTH_SUCCESS,C234
4013,247,U63,1.0,LOG,AUTH_SUCCESS,C68
4014,247,U703,1.0,LOG,AUTH_SUCCESS,C845
4015,247,U689,1.0,LOG,AUTH_SUCCESS,C830
4016,247,U704,1.0,LOG,AUTH_SUCCESS,C846
4017,247,U197,1.0,LOG,AUTH_SUCCESS,C269
4018,247,U197,1.0,LOG,AUTH_SUCCESS,C280
4019,247,U675,1.0,LOG,AUTH_SUCCESS,C813
4020,247,U188,1.0,LOG,AUTH_SUCCESS,C239
4021,247,U188,1.0,LOG,AUTH_SUCCESS,C256
4022,247,U12,1.0,LOG,AUTH_SUCCESS,C456
4023,247,U12,1.0,LOG,AUTH_SUCCESS,C694
4024,247,U12,1.0,LOG,AUTH_SUCCESS,C451
4025,247,U12,1.0,LOG,AUTH_SUCCESS,C54
4026,247,U204,1.0,LOG,AUTH_SUCCESS,C154
4027,247,U128,1.0,LOG,AUTH_SUCCESS,C167
4028,247,U128,1.0,LOG,AUTH_SUCCESS,C176
4029,248,U705,1.0,LOG,AUTH_SUCCESS,C847
4030,248,U706,1.0,LOG,AUTH_SUCCESS,C848
4031,248,U707,1.0,LOG,AUTH_SUCCESS,C849
4032,248,U708,1.0,LOG,AUTH_SUCCESS,C850
4033,248,U708,1.0,LOG,AUTH_SUCCESS,C851
4034,248,U16,1.0,LOG,AUTH_SUCCESS,C148
4035,248,U16,1.0,LOG,AUTH_SUCCESS,C17
4036,248,U148,1.0,LOG,AUTH_SUCCESS,C134
4037,248,U148,1.0,LOG,AUTH_SUCCESS,C199
4038,248,U709,1.0,LOG,AUTH_SUCCESS,C852
4039,248,U703,1.0,LOG,AUTH_SUCCESS,C845
4040,248,U710,1.0,LOG,AUTH_SUCCESS,C853
4041,248,U689,1.0,LOG,AUTH_SUCCESS,C830
4042,248,U704,1.0,LOG,AUTH_SUCCESS,C846
4043,248,U685,1.0,LOG,AUTH_SUCCESS,C134
4044,248,U685,1.0,LOG,AUTH_SUCCESS,C825
4045,248,U202,1.0,LOG,AUTH_SUCCESS,C148
4046,248,U202,1.0,LOG,AUTH_SUCCESS,C275
4047,248,U197,1.0,LOG,AUTH_SUCCESS,C269
4048,248,U675,1.0,LOG,AUTH_SUCCESS,C813
4049,248,U13,1.0,LOG,AUTH_SUCCESS,C32
4050,248,U60,1.0,LOG,AUTH_SUCCESS,C213
4051,248,U60,1.0,LOG,AUTH_SUCCESS,C157
4052,248,U97,1.0,LOG,AUTH_SUCCESS,C161
4053,248,U179,1.0,LOG,AUTH_SUCCESS,C175
4054,249,U706,1.0,LOG,AUTH_SUCCESS,C848
4055,249,U707,1.0,LOG,AUTH_SUCCESS,C849
4056,249,U540,1.0,LOG,AUTH_SUCCESS,C675
4057,249,U708,1.0,LOG,AUTH_SUCCESS,C248
4058,249,U708,1.0,LOG,AUTH_SUCCESS,C851
4059,249,U16,1.0,LOG,AUTH_SUCCESS,C17
4060,249,U709,1.0,LOG,AUTH_SUCCESS,C852
4061,249,U711,1.0,LOG,AUTH_SUCCESS,C854
4062,249,U710,1.0,LOG,AUTH_SUCCESS,C853
4063,249,U704,1.0,LOG,AUTH_SUCCESS,C846
4064,249,U216,1.0,LOG,AUTH_SUCCESS,C219
4065,249,U216,1.0,LOG,AUTH_SUCCESS,C291
4066,249,U712,1.0,LOG,AUTH_SUCCESS,C855
4067,249,U675,1.0,LOG,AUTH_SUCCESS,C813
4068,249,U29,1.0,LOG,AUTH_SUCCESS,C30
4069,249,U127,1.0,LOG,AUTH_SUCCESS,C155
4070,249,U60,1.0,LOG,AUTH_SUCCESS,C173
4071,249,U12,1.0,LOG,AUTH_SUCCESS,C173
4072,249,U12,1.0,LOG,AUTH_SUCCESS,C54
4073,249,U112,1.0,LOG,AUTH_SUCCESS,C146
4074,250,U713,1.0,LOG,AUTH_SUCCESS,C856
4075,250,U712,1.0,LOG,AUTH_SUCCESS,C855
4076,250,U77,1.0,LOG,AUTH_SUCCESS,C78
4077,250,U714,1.0,LOG,AUTH_SUCCESS,C857
4078,250,U127,1.0,LOG,AUTH_SUCCESS,C155
4079,250,U12,1.0,LOG,AUTH_SUCCESS,C404
4080,250,U12,1.0,LOG,AUTH_SUCCESS,C54
4081,250,U159,1.0,LOG,AUTH_SUCCESS,C160
4082,250,U179,1.0,LOG,AUTH_SUCCESS,C175
4083,251,U715,1.0,LOG,AUTH_SUCCESS,C858
4084,251,U716,1.0,LOG,AUTH_SUCCESS,C859
4085,251,U707,1.0,LOG,AUTH_SUCCESS,C849
4086,251,U211,1.0,LOG,AUTH_SUCCESS,C248
4087,251,U211,1.0,LOG,AUTH_SUCCESS,C286
4088,251,U212,1.0,LOG,AUTH_SUCCESS,C295
4089,251,U212,1.0,LOG,AUTH_SUCCESS,C280
4090,251,U212,1.0,LOG,AUTH_SUCCESS,C287
4091,251,U709,1.0,LOG,AUTH_SUCCESS,C852
4092,251,U63,1.0,LOG,AUTH_SUCCESS,C234
4093,251,U63,1.0,LOG,AUTH_SUCCESS,C68
4094,251,U218,1.0,LOG,AUTH_SUCCESS,C219
4095,251,U218,1.0,LOG,AUTH_SUCCESS,C296
4096,251,U29,1.0,LOG,AUTH_SUCCESS,C300
4097,251,U29,1.0,LOG,AUTH_SUCCESS,C30
4098,251,U116,1.0,LOG,AUTH_SUCCESS,C155
4099,251,U12,1.0,LOG,AUTH_SUCCESS,C427
4100,251,U12,1.0,LOG,AUTH_SUCCESS,C451
4101,251,U128,1.0,LOG,AUTH_SUCCESS,C167
4102,251,U128,1.0,LOG,AUTH_SUCCESS,C176
4103,252,U560,1.0,LOG,AUTH_SUCCESS,C97
4104,252,U717,1.0,LOG,AUTH_SUCCESS,C860
4105,252,U225,1.0,LOG,AUTH_SUCCESS,C304
4106,252,U225,1.0,LOG,AUTH_SUCCESS,C305
4107,252,U214,1.0,LOG,AUTH_SUCCESS,C289
4108,252,U214,1.0,LOG,AUTH_SUCCESS,C148
4109,252,U173,1.0,LOG,AUTH_SUCCESS,C233
4110,252,U227,1.0,LOG,AUTH_SUCCESS,C308
4111,252,U227,1.0,LOG,AUTH_SUCCESS,C148
4112,252,U9,1.0,LOG,AUTH_SUCCESS,C10
4113,252,U714,1.0,LOG,AUTH_SUCCESS,C857
4114,252,U97,1.0,LOG,AUTH_SUCCESS,C161
4115,252,U179,1.0,LOG,AUTH_SUCCESS,C175
4116,252,U128,1.0,LOG,AUTH_SUCCESS,C167
4117,252,U128,1.0,LOG,AUTH_SUCCESS,C176
4118,253,U560,1.0,LOG,AUTH_SUCCESS,C97
4119,253,U560,1.0,LOG,AUTH_SUCCESS,C517
4120,253,U231,1.0,LOG,AUTH_SUCCESS,C316
4121,253,U231,1.0,LOG,AUTH_SUCCESS,C459
4122,253,U711,1.0,LOG,AUTH_SUCCESS,C854
4123,253,U3,1.0,LOG,AUTH_SUCCESS,C4
4124,253,U206,1.0,LOG,AUTH_SUCCESS,C134
4125,253,U206,1.0,LOG,AUTH_SUCCESS,C278
4126,253,U712,1.0,LOG,AUTH_SUCCESS,C134
4127,253,U712,1.0,LOG,AUTH_SUCCESS,C855
4128,253,U29,1.0,LOG,AUTH_SUCCESS,C30
4129,253,U9,1.0,LOG,AUTH_SUCCESS,C10
4130,253,U77,1.0,LOG,AUTH_SUCCESS,C234
4131,253,U77,1.0,LOG,AUTH_SUCCESS,C78
4132,253,U12,1.0,LOG,AUTH_SUCCESS,C638
4133,253,U12,1.0,LOG,AUTH_SUCCESS,C694
4134,253,U12,1.0,LOG,AUTH_SUCCESS,C54
4135,253,U105,1.0,LOG,AUTH_SUCCESS,C160
4136,254,U718,1.0,LOG,AUTH_SUCCESS,C861
4137,254,U560,1.0,LOG,AUTH_SUCCESS,C97
4138,254,U560,1.0,LOG,AUTH_SUCCESS,C517
4139,254,U560,1.0,LOG,AUTH_SUCCESS,C205
4140,254,U560,1.0,LOG,AUTH_SUCCESS,C151
4141,254,U719,1.0,LOG,AUTH_SUCCESS,C862
4142,254,U720,1.0,LOG,AUTH_SUCCESS,C863
4143,254,U223,1.0,LOG,AUTH_SUCCESS,C148
4144,254,U223,1.0,LOG,AUTH_SUCCESS,C302
4145,254,U230,1.0,LOG,AUTH_SUCCESS,C315
4146,254,U711,1.0,LOG,AUTH_SUCCESS,C854
4147,254,U721,1.0,LOG,AUTH_SUCCESS,C864
4148,254,U3,1.0,LOG,AUTH_SUCCESS,C4
4149,254,U722,1.0,LOG,AUTH_SUCCESS,C865
4150,254,U723,1.0,LOG,AUTH_SUCCESS,C866
4151,254,U724,1.0,LOG,AUTH_SUCCESS,C867
4152,254,U13,1.0,LOG,AUTH_SUCCESS,C172
4153,254,U13,1.0,LOG,AUTH_SUCCESS,C14
4154,254,U60,1.0,LOG,AUTH_SUCCESS,C173
4155,254,U12,1.0,LOG,AUTH_SUCCESS,C602
4156,254,U95,1.0,LOG,AUTH_SUCCESS,C154
4157,254,U179,1.0,LOG,AUTH_SUCCESS,C161
4158,255,U560,1.0,LOG,AUTH_SUCCESS,C97
4159,255,U560,1.0,LOG,AUTH_SUCCESS,C517
4160,255,U560,1.0,LOG,AUTH_SUCCESS,C205
4161,255,U560,1.0,LOG,AUTH_SUCCESS,C151
4162,255,U719,1.0,LOG,AUTH_SUCCESS,C862
4163,255,U720,1.0,LOG,AUTH_SUCCESS,C863
4164,255,U235,1.0,LOG,AUTH_SUCCESS,C219
4165,255,U235,1.0,LOG,AUTH_SUCCESS,C320
4166,255,U230,1.0,LOG,AUTH_SUCCESS,C315
4167,255,U3,1.0,LOG,AUTH_SUCCESS,C4
4168,255,U226,1.0,LOG,AUTH_SUCCESS,C306
4169,255,U477,1.0,LOG,AUTH_SUCCESS,C606
4170,255,U14,1.0,LOG,AUTH_SUCCESS,C219
4171,255,U14,1.0,LOG,AUTH_SUCCESS,C15
4172,255,U124,1.0,LOG,AUTH_SUCCESS,C192
4173,255,U13,1.0,LOG,AUTH_SUCCESS,C172
4174,255,U13,1.0,LOG,AUTH_SUCCESS,C14
4175,255,U12,1.0,LOG,AUTH_SUCCESS,C645
4176,255,U12,1.0,LOG,AUTH_SUCCESS,C365
4177,255,U95,1.0,LOG,AUTH_SUCCESS,C154
4178,256,U718,1.0,LOG,AUTH_SUCCESS,C861
4179,256,U719,1.0,LOG,AUTH_SUCCESS,C862
4180,256,U3,1.0,LOG,AUTH_SUCCESS,C148
4181,256,U3,1.0,LOG,AUTH_SUCCESS,C4
4182,256,U226,1.0,LOG,AUTH_SUCCESS,C306
4183,256,U124,1.0,LOG,AUTH_SUCCESS,C192
4184,256,U124,1.0,LOG,AUTH_SUCCESS,C168
4185,256,U128,1.0,LOG,AUTH_SUCCESS,C167
4186,256,U128,1.0,LOG,AUTH_SUCCESS,C176
4187,257,U720,1.0,LOG,AUTH_SUCCESS,C863
4188,257,U131,1.0,LOG,AUTH_SUCCESS,C180
4189,257,U131,1.0,LOG,AUTH_SUCCESS,C151
4190,257,U725,1.0,LOG,AUTH_SUCCESS,C868
4191,257,U39,1.0,LOG,AUTH_SUCCESS,C41
4192,257,U39,1.0,LOG,AUTH_SUCCESS,C151
4193,257,U89,1.0,LOG,AUTH_SUCCESS,C98
4194,257,U89,1.0,LOG,AUTH_SUCCESS,C151
4195,257,U726,1.0,LOG,AUTH_SUCCESS,C869
4196,257,U244,1.0,LOG,AUTH_SUCCESS,C219
4197,257,U244,1.0,LOG,AUTH_SUCCESS,C330
4198,257,U13,1.0,LOG,AUTH_SUCCESS,C32
4199,257,U517,1.0,LOG,AUTH_SUCCESS,C870
4200,257,U105,1.0,LOG,AUTH_SUCCESS,C160
4201,257,U128,1.0,LOG,AUTH_SUCCESS,C167
4202,257,U128,1.0,LOG,AUTH_SUCCESS,C176
4203,258,U560,1.0,LOG,AUTH_SUCCESS,C97
4204,258,U560,1.0,LOG,AUTH_SUCCESS,C151
4205,258,U727,1.0,LOG,AUTH_SUCCESS,C871
4206,258,U6,1.0,LOG,AUTH_SUCCESS,C7
4207,258,U6,1.0,LOG,AUTH_SUCCESS,C148
4208,258,U39,1.0,LOG,AUTH_SUCCESS,C41
4209,258,U39,1.0,LOG,AUTH_SUCCESS,C151
4210,258,U226,1.0,LOG,AUTH_SUCCESS,C151
4211,258,U226,1.0,LOG,AUTH_SUCCESS,C306
4212,258,U728,1.0,LOG,AUTH_SUCCESS,C872
4213,258,U729,1.0,LOG,AUTH_SUCCESS,C873
4214,258,U9,1.0,LOG,AUTH_SUCCESS,C10
4215,258,U9,1.0,LOG,AUTH_SUCCESS,C151
4216,258,U730,1.0,LOG,AUTH_SUCCESS,C874
4217,258,U12,1.0,LOG,AUTH_SUCCESS,C54
4218,258,U12,1.0,LOG,AUTH_SUCCESS,C775
4219,258,U159,1.0,LOG,AUTH_SUCCESS,C160
4220,258,U156,1.0,LOG,AUTH_SUCCESS,C161
4221,259,U731,1.0,LOG,AUTH_SUCCESS,C875
4222,259,U6,1.0,LOG,AUTH_SUCCESS,C7
4223,259,U19,1.0,LOG,AUTH_SUCCESS,C20
4224,259,U728,1.0,LOG,AUTH_SUCCESS,C872
4225,259,U732,1.0,LOG,AUTH_SUCCESS,C876
4226,259,U730,1.0,LOG,AUTH_SUCCESS,C874
4227,259,U159,1.0,LOG,AUTH_SUCCESS,C160
4228,260,U733,1.0,LOG,AUTH_SUCCESS,C877
4229,260,U733,1.0,LOG,AUTH_SUCCESS,C150
4230,260,U734,1.0,LOG,AUTH_SUCCESS,C878
4231,260,U6,1.0,LOG,AUTH_SUCCESS,C7
4232,260,U6,1.0,LOG,AUTH_SUCCESS,C148
4233,260,U19,1.0,LOG,AUTH_SUCCESS,C20
4234,260,U201,1.0,LOG,AUTH_SUCCESS,C274
4235,260,U735,1.0,LOG,AUTH_SUCCESS,C154
4236,260,U13,1.0,LOG,AUTH_SUCCESS,C172
4237,261,U736,1.0,LOG,AUTH_SUCCESS,C879
4238,261,U737,1.0,LOG,AUTH_SUCCESS,C880
4239,261,U738,1.0,LOG,AUTH_SUCCESS,C881
4240,261,U6,1.0,LOG,AUTH_SUCCESS,C7
4241,261,U427,1.0,LOG,AUTH_SUCCESS,C551
4242,261,U107,1.0,LOG,AUTH_SUCCESS,C138
4243,261,U107,1.0,LOG,AUTH_SUCCESS,C150
4244,261,U259,1.0,LOG,AUTH_SUCCESS,C348
4245,261,U159,1.0,LOG,AUTH_SUCCESS,C160
4246,261,U128,1.0,LOG,AUTH_SUCCESS,C167
4247,261,U128,1.0,LOG,AUTH_SUCCESS,C176
4248,262,U736,1.0,LOG,AUTH_SUCCESS,C879
4249,262,U180,1.0,LOG,AUTH_SUCCESS,C246
4250,262,U113,1.0,LOG,AUTH_SUCCESS,C147
4251,262,U113,1.0,LOG,AUTH_SUCCESS,C148
4252,262,U224,1.0,LOG,AUTH_SUCCESS,C303
4253,262,U224,1.0,LOG,AUTH_SUCCESS,C151
4254,262,U252,1.0,LOG,AUTH_SUCCESS,C339
4255,262,U252,1.0,LOG,AUTH_SUCCESS,C225
4256,262,U68,1.0,LOG,AUTH_SUCCESS,C71
4257,262,U734,1.0,LOG,AUTH_SUCCESS,C878
4258,262,U120,1.0,LOG,AUTH_SUCCESS,C164
4259,262,U120,1.0,LOG,AUTH_SUCCESS,C148
4260,262,U738,1.0,LOG,AUTH_SUCCESS,C881
4261,262,U427,1.0,LOG,AUTH_SUCCESS,C551
4262,262,U21,1.0,LOG,AUTH_SUCCESS,C22
4263,262,U19,1.0,LOG,AUTH_SUCCESS,C20
4264,262,U201,1.0,LOG,AUTH_SUCCESS,C274
4265,262,U114,1.0,LOG,AUTH_SUCCESS,C149
4266,262,U114,1.0,LOG,AUTH_SUCCESS,C148
4267,262,U739,1.0,LOG,AUTH_SUCCESS,C882
4268,262,U438,1.0,LOG,AUTH_SUCCESS,C564
4269,262,U740,1.0,LOG,AUTH_SUCCESS,C883
4270,262,U115,1.0,LOG,AUTH_SUCCESS,C148
4271,262,U115,1.0,LOG,AUTH_SUCCESS,C152
4272,262,U107,1.0,LOG,AUTH_SUCCESS,C138
4273,262,U77,1.0,LOG,AUTH_SUCCESS,C78
4274,262,U259,1.0,LOG,AUTH_SUCCESS,C348
4275,262,U13,1.0,LOG,AUTH_SUCCESS,C14
4276,262,U12,1.0,LOG,AUTH_SUCCESS,C486
4277,262,U12,1.0,LOG,AUTH_SUCCESS,C809
4278,262,U128,1.0,LOG,AUTH_SUCCESS,C167
4279,262,U128,1.0,LOG,AUTH_SUCCESS,C176
4280,263,U741,1.0,LOG,AUTH_SUCCESS,C145
4281,263,U68,1.0,LOG,AUTH_SUCCESS,C71
4282,263,U737,1.0,LOG,AUTH_SUCCESS,C150
4283,263,U737,1.0,LOG,AUTH_SUCCESS,C880
4284,263,U742,1.0,LOG,AUTH_SUCCESS,C884
4285,263,U427,1.0,LOG,AUTH_SUCCESS,C551
4286,263,U21,1.0,LOG,AUTH_SUCCESS,C22
4287,263,U740,1.0,LOG,AUTH_SUCCESS,C883
4288,263,U743,1.0,LOG,AUTH_SUCCESS,C885
4289,263,U13,1.0,LOG,AUTH_SUCCESS,C14
4290,263,U12,1.0,LOG,AUTH_SUCCESS,C886
4291,263,U184,1.0,LOG,AUTH_SUCCESS,C154
4292,263,U159,1.0,LOG,AUTH_SUCCESS,C160
4293,264,U199,1.0,LOG,AUTH_SUCCESS,C272
4294,264,U744,1.0,LOG,AUTH_SUCCESS,C887
4295,264,U742,1.0,LOG,AUTH_SUCCESS,C884
4296,264,U745,1.0,LOG,AUTH_SUCCESS,C888
4297,264,U745,1.0,LOG,AUTH_SUCCESS,C135
4298,264,U28,1.0,LOG,AUTH_SUCCESS,C29
4299,264,U740,1.0,LOG,AUTH_SUCCESS,C883
4300,264,U746,1.0,LOG,AUTH_SUCCESS,C889
4301,264,U743,1.0,LOG,AUTH_SUCCESS,C885
4302,264,U13,1.0,LOG,AUTH_SUCCESS,C209
4303,264,U60,1.0,LOG,AUTH_SUCCESS,C173
4304,264,U184,1.0,LOG,AUTH_SUCCESS,C154
4305,264,U156,1.0,LOG,AUTH_SUCCESS,C161
4306,264,U46,1.0,LOG,AUTH_SUCCESS,C154
4307,264,U67,1.0,LOG,AUTH_SUCCESS,C49
4308,265,U162,1.0,LOG,AUTH_SUCCESS,C218
4309,265,U427,1.0,LOG,AUTH_SUCCESS,C551
4310,265,U745,1.0,LOG,AUTH_SUCCESS,C888
4311,265,U745,1.0,LOG,AUTH_SUCCESS,C135
4312,265,U28,1.0,LOG,AUTH_SUCCESS,C29
4313,265,U590,1.0,LOG,AUTH_SUCCESS,C890
4314,265,U740,1.0,LOG,AUTH_SUCCESS,C883
4315,265,U77,1.0,LOG,AUTH_SUCCESS,C234
4316,265,U77,1.0,LOG,AUTH_SUCCESS,C78
4317,265,U746,1.0,LOG,AUTH_SUCCESS,C889
4318,265,U743,1.0,LOG,AUTH_SUCCESS,C885
4319,265,U747,1.0,LOG,AUTH_SUCCESS,C891
4320,265,U60,1.0,LOG,AUTH_SUCCESS,C108
4321,265,U12,1.0,LOG,AUTH_SUCCESS,C211
4322,265,U12,1.0,LOG,AUTH_SUCCESS,C351
4323,265,U184,1.0,LOG,AUTH_SUCCESS,C154
4324,265,U67,1.0,LOG,AUTH_SUCCESS,C154
4325,265,U67,1.0,LOG,AUTH_SUCCESS,C49
4326,266,U130,1.0,LOG,AUTH_SUCCESS,C179
4327,266,U130,1.0,LOG,AUTH_SUCCESS,C148
4328,266,U160,1.0,LOG,AUTH_SUCCESS,C216
4329,266,U199,1.0,LOG,AUTH_SUCCESS,C272
4330,266,U748,1.0,LOG,AUTH_SUCCESS,C892
4331,266,U18,1.0,LOG,AUTH_SUCCESS,C19
4332,266,U132,1.0,LOG,AUTH_SUCCESS,C181
4333,266,U132,1.0,LOG,AUTH_SUCCESS,C148
4334,266,U749,1.0,LOG,AUTH_SUCCESS,C893
4335,266,U750,1.0,LOG,AUTH_SUCCESS,C894
4336,266,U731,1.0,LOG,AUTH_SUCCESS,C875
4337,266,U751,1.0,LOG,AUTH_SUCCESS,C895
4338,266,U745,1.0,LOG,AUTH_SUCCESS,C888
4339,266,U745,1.0,LOG,AUTH_SUCCESS,C135
4340,266,U752,1.0,LOG,AUTH_SUCCESS,C896
4341,266,U752,1.0,LOG,AUTH_SUCCESS,C150
4342,266,U590,1.0,LOG,AUTH_SUCCESS,C890
4343,266,U154,1.0,LOG,AUTH_SUCCESS,C208
4344,266,U154,1.0,LOG,AUTH_SUCCESS,C148
4345,266,U184,1.0,LOG,AUTH_SUCCESS,C154
4346,266,U179,1.0,LOG,AUTH_SUCCESS,C175
4347,266,U128,1.0,LOG,AUTH_SUCCESS,C167
4348,266,U128,1.0,LOG,AUTH_SUCCESS,C176
4349,267,U130,1.0,LOG,AUTH_SUCCESS,C179
4350,267,U130,1.0,LOG,AUTH_SUCCESS,C239
4351,267,U160,1.0,LOG,AUTH_SUCCESS,C216
4352,267,U748,1.0,LOG,AUTH_SUCCESS,C892
4353,267,U18,1.0,LOG,AUTH_SUCCESS,C19
4354,267,U753,1.0,LOG,AUTH_SUCCESS,C897
4355,267,U120,1.0,LOG,AUTH_SUCCESS,C164
4356,267,U120,1.0,LOG,AUTH_SUCCESS,C239
4357,267,U749,1.0,LOG,AUTH_SUCCESS,C893
4358,267,U750,1.0,LOG,AUTH_SUCCESS,C894
4359,267,U427,1.0,LOG,AUTH_SUCCESS,C551
4360,267,U427,1.0,LOG,AUTH_SUCCESS,C200
4361,267,U19,1.0,LOG,AUTH_SUCCESS,C20
4362,267,U745,1.0,LOG,AUTH_SUCCESS,C888
4363,267,U745,1.0,LOG,AUTH_SUCCESS,C135
4364,267,U202,1.0,LOG,AUTH_SUCCESS,C239
4365,267,U202,1.0,LOG,AUTH_SUCCESS,C275
4366,267,U752,1.0,LOG,AUTH_SUCCESS,C896
4367,267,U590,1.0,LOG,AUTH_SUCCESS,C890
4368,267,U59,1.0,LOG,AUTH_SUCCESS,C200
4369,267,U59,1.0,LOG,AUTH_SUCCESS,C64
4370,267,U153,1.0,LOG,AUTH_SUCCESS,C207
4371,267,U153,1.0,LOG,AUTH_SUCCESS,C239
4372,267,U29,1.0,LOG,AUTH_SUCCESS,C30
4373,267,U747,1.0,LOG,AUTH_SUCCESS,C891
4374,267,U12,1.0,LOG,AUTH_SUCCESS,C236
4375,267,U12,1.0,LOG,AUTH_SUCCESS,C13
4376,267,U204,1.0,LOG,AUTH_SUCCESS,C154
4377,267,U128,1.0,LOG,AUTH_SUCCESS,C167
4378,267,U128,1.0,LOG,AUTH_SUCCESS,C176
4379,268,U431,1.0,LOG,AUTH_SUCCESS,C556
4380,268,U431,1.0,LOG,AUTH_SUCCESS,C248
4381,268,U280,1.0,LOG,AUTH_SUCCESS,C374
4382,268,U628,1.0,LOG,AUTH_SUCCESS,C760
4383,268,U628,1.0,LOG,AUTH_SUCCESS,C248
4384,268,U748,1.0,LOG,AUTH_SUCCESS,C892
4385,268,U18,1.0,LOG,AUTH_SUCCESS,C19
4386,268,U753,1.0,LOG,AUTH_SUCCESS,C897
4387,268,U754,1.0,LOG,AUTH_SUCCESS,C898
4388,268,U120,1.0,LOG,AUTH_SUCCESS,C150
4389,268,U120,1.0,LOG,AUTH_SUCCESS,C164
4390,268,U755,1.0,LOG,AUTH_SUCCESS,C899
4391,268,U756,1.0,LOG,AUTH_SUCCESS,C144
4392,268,U153,1.0,LOG,AUTH_SUCCESS,C207
4393,268,U153,1.0,LOG,AUTH_SUCCESS,C148
4394,268,U12,1.0,LOG,AUTH_SUCCESS,C886
4395,268,U12,1.0,LOG,AUTH_SUCCESS,C94
4396,268,U12,1.0,LOG,AUTH_SUCCESS,C54
4397,268,U179,1.0,LOG,AUTH_SUCCESS,C175
4398,269,U431,1.0,LOG,AUTH_SUCCESS,C556
4399,269,U431,1.0,LOG,AUTH_SUCCESS,C248
4400,269,U280,1.0,LOG,AUTH_SUCCESS,C374
4401,269,U18,1.0,LOG,AUTH_SUCCESS,C19
4402,269,U753,1.0,LOG,AUTH_SUCCESS,C897
4403,269,U754,1.0,LOG,AUTH_SUCCESS,C898
4404,269,U454,1.0,LOG,AUTH_SUCCESS,C248
4405,269,U454,1.0,LOG,AUTH_SUCCESS,C581
4406,269,U755,1.0,LOG,AUTH_SUCCESS,C899
4407,269,U193,1.0,LOG,AUTH_SUCCESS,C260
4408,269,U163,1.0,LOG,AUTH_SUCCESS,C219
4409,269,U163,1.0,LOG,AUTH_SUCCESS,C220
4410,269,U13,1.0,LOG,AUTH_SUCCESS,C309
4411,269,U13,1.0,LOG,AUTH_SUCCESS,C282
4412,269,U60,1.0,LOG,AUTH_SUCCESS,C173
4413,269,U12,1.0,LOG,AUTH_SUCCESS,C443
4414,270,U754,1.0,LOG,AUTH_SUCCESS,C898
4415,270,U757,1.0,LOG,AUTH_SUCCESS,C900
4416,270,U312,1.0,LOG,AUTH_SUCCESS,C418
4417,270,U39,1.0,LOG,AUTH_SUCCESS,C41
4418,270,U167,1.0,LOG,AUTH_SUCCESS,C225
4419,270,U167,1.0,LOG,AUTH_SUCCESS,C226
4420,270,U758,1.0,LOG,AUTH_SUCCESS,C901
4421,270,U759,1.0,LOG,AUTH_SUCCESS,C902
4422,270,U13,1.0,LOG,AUTH_SUCCESS,C309
4423,270,U13,1.0,LOG,AUTH_SUCCESS,C282
4424,270,U13,1.0,LOG,AUTH_SUCCESS,C32
4425,270,U13,1.0,LOG,AUTH_SUCCESS,C42
4426,270,U159,1.0,LOG,AUTH_SUCCESS,C160
4427,270,U97,1.0,LOG,AUTH_SUCCESS,C161
4428,270,U179,1.0,LOG,AUTH_SUCCESS,C175
4429,270,U179,1.0,LOG,AUTH_SUCCESS,C161
4430,271,U170,1.0,LOG,AUTH_SUCCESS,C229
4431,271,U760,1.0,LOG,AUTH_SUCCESS,C903
4432,271,U761,1.0,LOG,AUTH_SUCCESS,C904
4433,271,U754,1.0,LOG,AUTH_SUCCESS,C898
4434,271,U312,1.0,LOG,AUTH_SUCCESS,C418
4435,271,U762,1.0,LOG,AUTH_SUCCESS,C905
4436,271,U39,1.0,LOG,AUTH_SUCCESS,C41
4437,271,U758,1.0,LOG,AUTH_SUCCESS,C901
4438,271,U763,1.0,LOG,AUTH_SUCCESS,C906
4439,271,U759,1.0,LOG,AUTH_SUCCESS,C902
4440,271,U13,1.0,LOG,AUTH_SUCCESS,C32
4441,271,U13,1.0,LOG,AUTH_SUCCESS,C42
4442,271,U12,1.0,LOG,AUTH_SUCCESS,C350
4443,271,U128,1.0,LOG,AUTH_SUCCESS,C167
4444,271,U128,1.0,LOG,AUTH_SUCCESS,C176
4445,272,U764,1.0,LOG,AUTH_SUCCESS,C907
4446,272,U765,1.0,LOG,AUTH_SUCCESS,C908
4447,272,U268,1.0,LOG,AUTH_SUCCESS,C150
4448,272,U268,1.0,LOG,AUTH_SUCCESS,C358
4449,272,U761,1.0,LOG,AUTH_SUCCESS,C904
4450,272,U177,1.0,LOG,AUTH_SUCCESS,C242
4451,272,U177,1.0,LOG,AUTH_SUCCESS,C148
4452,272,U766,1.0,LOG,AUTH_SUCCESS,C909
4453,272,U767,1.0,LOG,AUTH_SUCCESS,C910
4454,272,U312,1.0,LOG,AUTH_SUCCESS,C418
4455,272,U608,1.0,LOG,AUTH_SUCCESS,C740
4456,272,U608,1.0,LOG,AUTH_SUCCESS,C200
4457,272,U504,1.0,LOG,AUTH_SUCCESS,C637
4458,272,U768,1.0,LOG,AUTH_SUCCESS,C911
4459,272,U13,1.0,LOG,AUTH_SUCCESS,C309
4460,272,U13,1.0,LOG,AUTH_SUCCESS,C42
4461,272,U12,1.0,LOG,AUTH_SUCCESS,C312
4462,272,U12,1.0,LOG,AUTH_SUCCESS,C415
4463,272,U12,1.0,LOG,AUTH_SUCCESS,C364
4464,272,U12,1.0,LOG,AUTH_SUCCESS,C632
4465,272,U179,1.0,LOG,AUTH_SUCCESS,C175
4466,272,U128,1.0,LOG,AUTH_SUCCESS,C167
4467,272,U128,1.0,LOG,AUTH_SUCCESS,C176
4468,272,U169,1.0,LOG,AUTH_SUCCESS,C238
4469,273,U765,1.0,LOG,AUTH_SUCCESS,C908
4470,273,U268,1.0,LOG,AUTH_SUCCESS,C358
4471,273,U760,1.0,LOG,AUTH_SUCCESS,C134
4472,273,U760,1.0,LOG,AUTH_SUCCESS,C903
4473,273,U18,1.0,LOG,AUTH_SUCCESS,C150
4474,273,U18,1.0,LOG,AUTH_SUCCESS,C19
4475,273,U761,1.0,LOG,AUTH_SUCCESS,C904
4476,273,U182,1.0,LOG,AUTH_SUCCESS,C248
4477,273,U182,1.0,LOG,AUTH_SUCCESS,C249
4478,273,U743,1.0,LOG,AUTH_SUCCESS,C134
4479,273,U743,1.0,LOG,AUTH_SUCCESS,C885
4480,273,U183,1.0,LOG,AUTH_SUCCESS,C250
4481,273,U12,1.0,LOG,AUTH_SUCCESS,C110
4482,274,U765,1.0,LOG,AUTH_SUCCESS,C908
4483,274,U268,1.0,LOG,AUTH_SUCCESS,C150
4484,274,U268,1.0,LOG,AUTH_SUCCESS,C358
4485,274,U47,1.0,LOG,AUTH_SUCCESS,C50
4486,274,U304,1.0,LOG,AUTH_SUCCESS,C402
4487,274,U769,1.0,LOG,AUTH_SUCCESS,C912
4488,274,U767,1.0,LOG,AUTH_SUCCESS,C910
4489,274,U291,1.0,LOG,AUTH_SUCCESS,C238
4490,274,U768,1.0,LOG,AUTH_SUCCESS,C911
4491,274,U77,1.0,LOG,AUTH_SUCCESS,C78
4492,274,U183,1.0,LOG,AUTH_SUCCESS,C250
4493,274,U188,1.0,LOG,AUTH_SUCCESS,C148
4494,274,U188,1.0,LOG,AUTH_SUCCESS,C256
4495,274,U373,1.0,LOG,AUTH_SUCCESS,C154
4496,274,U12,1.0,LOG,AUTH_SUCCESS,C13
4497,274,U97,1.0,LOG,AUTH_SUCCESS,C161
4498,275,U47,1.0,LOG,AUTH_SUCCESS,C50
4499,275,U770,1.0,LOG,AUTH_SUCCESS,C913
4500,275,U310,1.0,LOG,AUTH_SUCCESS,C412
4501,275,U193,1.0,LOG,AUTH_SUCCESS,C260
4502,275,U124,1.0,LOG,AUTH_SUCCESS,C192
4503,275,U771,1.0,LOG,AUTH_SUCCESS,C914
4504,275,U12,1.0,LOG,AUTH_SUCCESS,C112
4505,275,U12,1.0,LOG,AUTH_SUCCESS,C13
4506,275,U95,1.0,LOG,AUTH_SUCCESS,C154
4507,276,U772,1.0,LOG,AUTH_SUCCESS,C915
4508,276,U770,1.0,LOG,AUTH_SUCCESS,C913
4509,276,U186,1.0,LOG,AUTH_SUCCESS,C254
4510,276,U186,1.0,LOG,AUTH_SUCCESS,C148
4511,276,U275,1.0,LOG,AUTH_SUCCESS,C599
4512,276,U275,1.0,LOG,AUTH_SUCCESS,C368
4513,276,U769,1.0,LOG,AUTH_SUCCESS,C912
4514,276,U773,1.0,LOG,AUTH_SUCCESS,C916
4515,276,U124,1.0,LOG,AUTH_SUCCESS,C192
4516,276,U124,1.0,LOG,AUTH_SUCCESS,C168
4517,276,U194,1.0,LOG,AUTH_SUCCESS,C268
4518,276,U194,1.0,LOG,AUTH_SUCCESS,C262
4519,276,U194,1.0,LOG,AUTH_SUCCESS,C263
4520,276,U771,1.0,LOG,AUTH_SUCCESS,C914
4521,276,U188,1.0,LOG,AUTH_SUCCESS,C148
4522,276,U188,1.0,LOG,AUTH_SUCCESS,C256
4523,276,U128,1.0,LOG,AUTH_SUCCESS,C167
4524,276,U128,1.0,LOG,AUTH_SUCCESS,C176
4525,277,U280,1.0,LOG,AUTH_SUCCESS,C374
4526,277,U280,1.0,LOG,AUTH_SUCCESS,C151
4527,277,U52,1.0,LOG,AUTH_SUCCESS,C57
4528,277,U199,1.0,LOG,AUTH_SUCCESS,C272
4529,277,U199,1.0,LOG,AUTH_SUCCESS,C151
4530,277,U231,1.0,LOG,AUTH_SUCCESS,C316
4531,277,U231,1.0,LOG,AUTH_SUCCESS,C459
4532,277,U772,1.0,LOG,AUTH_SUCCESS,C915
4533,277,U770,1.0,LOG,AUTH_SUCCESS,C913
4534,277,U63,1.0,LOG,AUTH_SUCCESS,C68
4535,277,U774,1.0,LOG,AUTH_SUCCESS,C85
4536,277,U774,1.0,LOG,AUTH_SUCCESS,C917
4537,277,U775,1.0,LOG,AUTH_SUCCESS,C918
4538,277,U773,1.0,LOG,AUTH_SUCCESS,C916
4539,277,U261,1.0,LOG,AUTH_SUCCESS,C200
4540,277,U261,1.0,LOG,AUTH_SUCCESS,C352
4541,277,U197,1.0,LOG,AUTH_SUCCESS,C269
4542,277,U771,1.0,LOG,AUTH_SUCCESS,C914
4543,277,U77,1.0,LOG,AUTH_SUCCESS,C234
4544,277,U77,1.0,LOG,AUTH_SUCCESS,C78
4545,277,U188,1.0,LOG,AUTH_SUCCESS,C239
4546,277,U188,1.0,LOG,AUTH_SUCCESS,C256
4547,277,U12,1.0,LOG,AUTH_SUCCESS,C342
4548,277,U12,1.0,LOG,AUTH_SUCCESS,C602
4549,277,U105,1.0,LOG,AUTH_SUCCESS,C160
4550,277,U128,1.0,LOG,AUTH_SUCCESS,C167
4551,277,U128,1.0,LOG,AUTH_SUCCESS,C176
4552,278,U52,1.0,LOG,AUTH_SUCCESS,C57
4553,278,U776,1.0,LOG,AUTH_SUCCESS,C919
4554,278,U772,1.0,LOG,AUTH_SUCCESS,C915
4555,278,U16,1.0,LOG,AUTH_SUCCESS,C148
4556,278,U16,1.0,LOG,AUTH_SUCCESS,C17
4557,278,U770,1.0,LOG,AUTH_SUCCESS,C913
4558,278,U777,1.0,LOG,AUTH_SUCCESS,C920
4559,278,U774,1.0,LOG,AUTH_SUCCESS,C114
4560,278,U774,1.0,LOG,AUTH_SUCCESS,C917
4561,278,U202,1.0,LOG,AUTH_SUCCESS,C148
4562,278,U202,1.0,LOG,AUTH_SUCCESS,C275
4563,278,U778,1.0,LOG,AUTH_SUCCESS,C145
4564,278,U778,1.0,LOG,AUTH_SUCCESS,C83
4565,278,U778,1.0,LOG,AUTH_SUCCESS,C146
4566,278,U197,1.0,LOG,AUTH_SUCCESS,C269
4567,278,U197,1.0,LOG,AUTH_SUCCESS,C280
4568,278,U159,1.0,LOG,AUTH_SUCCESS,C160
4569,279,U779,1.0,LOG,AUTH_SUCCESS,C921
4570,279,U354,1.0,LOG,AUTH_SUCCESS,C922
4571,279,U211,1.0,LOG,AUTH_SUCCESS,C286
4572,279,U777,1.0,LOG,AUTH_SUCCESS,C920
4573,279,U53,1.0,LOG,AUTH_SUCCESS,C58
4574,279,U775,1.0,LOG,AUTH_SUCCESS,C918
4575,279,U216,1.0,LOG,AUTH_SUCCESS,C219
4576,279,U216,1.0,LOG,AUTH_SUCCESS,C291
4577,279,U12,1.0,LOG,AUTH_SUCCESS,C112
4578,279,U12,1.0,LOG,AUTH_SUCCESS,C209
4579,279,U12,1.0,LOG,AUTH_SUCCESS,C251
4580,279,U12,1.0,LOG,AUTH_SUCCESS,C13
4581,279,U159,1.0,LOG,AUTH_SUCCESS,C160
4582,280,U354,1.0,LOG,AUTH_SUCCESS,C922
4583,280,U211,1.0,LOG,AUTH_SUCCESS,C248
4584,280,U211,1.0,LOG,AUTH_SUCCESS,C286
4585,280,U212,1.0,LOG,AUTH_SUCCESS,C287
4586,280,U16,1.0,LOG,AUTH_SUCCESS,C148
4587,280,U16,1.0,LOG,AUTH_SUCCESS,C17
4588,280,U777,1.0,LOG,AUTH_SUCCESS,C920
4589,280,U30,1.0,LOG,AUTH_SUCCESS,C150
4590,280,U30,1.0,LOG,AUTH_SUCCESS,C31
4591,280,U420,1.0,LOG,AUTH_SUCCESS,C544
4592,280,U127,1.0,LOG,AUTH_SUCCESS,C155
4593,280,U12,1.0,LOG,AUTH_SUCCESS,C428
4594,281,U211,1.0,LOG,AUTH_SUCCESS,C286
4595,281,U16,1.0,LOG,AUTH_SUCCESS,C17
4596,281,U63,1.0,LOG,AUTH_SUCCESS,C234
4597,281,U63,1.0,LOG,AUTH_SUCCESS,C68
4598,281,U420,1.0,LOG,AUTH_SUCCESS,C544
4599,281,U218,1.0,LOG,AUTH_SUCCESS,C219
4600,281,U218,1.0,LOG,AUTH_SUCCESS,C296
4601,281,U197,1.0,LOG,AUTH_SUCCESS,C269
4602,281,U29,1.0,LOG,AUTH_SUCCESS,C300
4603,281,U29,1.0,LOG,AUTH_SUCCESS,C30
4604,281,U116,1.0,LOG,AUTH_SUCCESS,C155
4605,281,U84,1.0,LOG,AUTH_SUCCESS,C105
4606,281,U159,1.0,LOG,AUTH_SUCCESS,C160
4607,281,U128,1.0,LOG,AUTH_SUCCESS,C167
4608,281,U128,1.0,LOG,AUTH_SUCCESS,C176
4609,282,U780,1.0,LOG,AUTH_SUCCESS,C923
4610,282,U781,1.0,LOG,AUTH_SUCCESS,C924
4611,282,U782,1.0,LOG,AUTH_SUCCESS,C925
4612,282,U782,1.0,LOG,AUTH_SUCCESS,C151
4613,282,U782,1.0,LOG,AUTH_SUCCESS,C200
4614,282,U783,1.0,LOG,AUTH_SUCCESS,C301
4615,282,U212,1.0,LOG,AUTH_SUCCESS,C295
4616,282,U212,1.0,LOG,AUTH_SUCCESS,C280
4617,282,U212,1.0,LOG,AUTH_SUCCESS,C287
4618,282,U774,1.0,LOG,AUTH_SUCCESS,C917
4619,282,U225,1.0,LOG,AUTH_SUCCESS,C304
4620,282,U225,1.0,LOG,AUTH_SUCCESS,C305
4621,282,U214,1.0,LOG,AUTH_SUCCESS,C289
4622,282,U214,1.0,LOG,AUTH_SUCCESS,C148
4623,282,U227,1.0,LOG,AUTH_SUCCESS,C308
4624,282,U227,1.0,LOG,AUTH_SUCCESS,C148
4625,282,U9,1.0,LOG,AUTH_SUCCESS,C10
4626,282,U538,1.0,LOG,AUTH_SUCCESS,C673
4627,282,U84,1.0,LOG,AUTH_SUCCESS,C105
4628,282,U128,1.0,LOG,AUTH_SUCCESS,C167
4629,282,U128,1.0,LOG,AUTH_SUCCESS,C176
4630,283,U780,1.0,LOG,AUTH_SUCCESS,C923
4631,283,U781,1.0,LOG,AUTH_SUCCESS,C924
4632,283,U354,1.0,LOG,AUTH_SUCCESS,C134
4633,283,U354,1.0,LOG,AUTH_SUCCESS,C922
4634,283,U783,1.0,LOG,AUTH_SUCCESS,C301
4635,283,U63,1.0,LOG,AUTH_SUCCESS,C234
4636,283,U63,1.0,LOG,AUTH_SUCCESS,C68
4637,283,U784,1.0,LOG,AUTH_SUCCESS,C926
4638,283,U29,1.0,LOG,AUTH_SUCCESS,C30
4639,283,U9,1.0,LOG,AUTH_SUCCESS,C10
4640,283,U184,1.0,LOG,AUTH_SUCCESS,C154
4641,283,U159,1.0,LOG,AUTH_SUCCESS,C160
4642,284,U781,1.0,LOG,AUTH_SUCCESS,C134
4643,284,U781,1.0,LOG,AUTH_SUCCESS,C924
4644,284,U223,1.0,LOG,AUTH_SUCCESS,C148
4645,284,U223,1.0,LOG,AUTH_SUCCESS,C302
4646,284,U785,1.0,LOG,AUTH_SUCCESS,C310
4647,284,U231,1.0,LOG,AUTH_SUCCESS,C316
4648,284,U231,1.0,LOG,AUTH_SUCCESS,C317
4649,284,U786,1.0,LOG,AUTH_SUCCESS,C927
4650,284,U784,1.0,LOG,AUTH_SUCCESS,C926
4651,284,U4,1.0,LOG,AUTH_SUCCESS,C150
4652,284,U4,1.0,LOG,AUTH_SUCCESS,C5
4653,284,U125,1.0,LOG,AUTH_SUCCESS,C928
4654,284,U184,1.0,LOG,AUTH_SUCCESS,C154
4655,284,U66,1.0,LOG,AUTH_SUCCESS,C1
4656,284,U67,1.0,LOG,AUTH_SUCCESS,C49
4657,285,U780,1.0,LOG,AUTH_SUCCESS,C923
4658,285,U235,1.0,LOG,AUTH_SUCCESS,C219
4659,285,U235,1.0,LOG,AUTH_SUCCESS,C320
4660,285,U68,1.0,LOG,AUTH_SUCCESS,C71
4661,285,U786,1.0,LOG,AUTH_SUCCESS,C927
4662,285,U4,1.0,LOG,AUTH_SUCCESS,C5
4663,285,U14,1.0,LOG,AUTH_SUCCESS,C219
4664,285,U14,1.0,LOG,AUTH_SUCCESS,C15
4665,285,U29,1.0,LOG,AUTH_SUCCESS,C30
4666,285,U787,1.0,LOG,AUTH_SUCCESS,C929
4667,285,U788,1.0,LOG,AUTH_SUCCESS,C108
4668,285,U71,1.0,LOG,AUTH_SUCCESS,C74
4669,285,U60,1.0,LOG,AUTH_SUCCESS,C108
4670,285,U60,1.0,LOG,AUTH_SUCCESS,C173
4671,285,U184,1.0,LOG,AUTH_SUCCESS,C154
4672,285,U66,1.0,LOG,AUTH_SUCCESS,C1
4673,285,U67,1.0,LOG,AUTH_SUCCESS,C154
4674,285,U67,1.0,LOG,AUTH_SUCCESS,C49
4675,286,U68,1.0,LOG,AUTH_SUCCESS,C71
4676,286,U786,1.0,LOG,AUTH_SUCCESS,C927
4677,286,U4,1.0,LOG,AUTH_SUCCESS,C150
4678,286,U4,1.0,LOG,AUTH_SUCCESS,C5
4679,286,U789,1.0,LOG,AUTH_SUCCESS,C930
4680,286,U790,1.0,LOG,AUTH_SUCCESS,C931
4681,286,U29,1.0,LOG,AUTH_SUCCESS,C300
4682,286,U29,1.0,LOG,AUTH_SUCCESS,C30
4683,286,U77,1.0,LOG,AUTH_SUCCESS,C78
4684,286,U234,1.0,LOG,AUTH_SUCCESS,C108
4685,286,U13,1.0,LOG,AUTH_SUCCESS,C32
4686,286,U12,1.0,LOG,AUTH_SUCCESS,C598
4687,286,U12,1.0,LOG,AUTH_SUCCESS,C221
4688,286,U12,1.0,LOG,AUTH_SUCCESS,C457
4689,286,U12,1.0,LOG,AUTH_SUCCESS,C159
4690,286,U184,1.0,LOG,AUTH_SUCCESS,C154
4691,286,U179,1.0,LOG,AUTH_SUCCESS,C175
4692,286,U128,1.0,LOG,AUTH_SUCCESS,C167
4693,286,U128,1.0,LOG,AUTH_SUCCESS,C176
4694,287,U57,1.0,LOG,AUTH_SUCCESS,C62
4695,287,U791,1.0,LOG,AUTH_SUCCESS,C932
4696,287,U792,1.0,LOG,AUTH_SUCCESS,C933
4697,287,U792,1.0,LOG,AUTH_SUCCESS,C151
4698,287,U53,1.0,LOG,AUTH_SUCCESS,C58
4699,287,U3,1.0,LOG,AUTH_SUCCESS,C4
4700,287,U3,1.0,LOG,AUTH_SUCCESS,C151
4701,287,U769,1.0,LOG,AUTH_SUCCESS,C912
4702,287,U786,1.0,LOG,AUTH_SUCCESS,C927
4703,287,U784,1.0,LOG,AUTH_SUCCESS,C926
4704,287,U784,1.0,LOG,AUTH_SUCCESS,C151
4705,287,U202,1.0,LOG,AUTH_SUCCESS,C239
4706,287,U202,1.0,LOG,AUTH_SUCCESS,C275
4707,287,U125,1.0,LOG,AUTH_SUCCESS,C928
4708,287,U789,1.0,LOG,AUTH_SUCCESS,C930
4709,287,U790,1.0,LOG,AUTH_SUCCESS,C931
4710,287,U509,1.0,LOG,AUTH_SUCCESS,C200
4711,287,U509,1.0,LOG,AUTH_SUCCESS,C642
4712,287,U244,1.0,LOG,AUTH_SUCCESS,C219
4713,287,U244,1.0,LOG,AUTH_SUCCESS,C330
4714,287,U793,1.0,LOG,AUTH_SUCCESS,C934
4715,287,U127,1.0,LOG,AUTH_SUCCESS,C155
4716,287,U13,1.0,LOG,AUTH_SUCCESS,C32
4717,287,U94,1.0,LOG,AUTH_SUCCESS,C211
4718,287,U94,1.0,LOG,AUTH_SUCCESS,C110
4719,287,U12,1.0,LOG,AUTH_SUCCESS,C213
4720,287,U204,1.0,LOG,AUTH_SUCCESS,C154
4721,287,U128,1.0,LOG,AUTH_SUCCESS,C167
4722,287,U128,1.0,LOG,AUTH_SUCCESS,C176
4723,288,U794,1.0,LOG,AUTH_SUCCESS,C935
4724,288,U57,1.0,LOG,AUTH_SUCCESS,C62
4725,288,U53,1.0,LOG,AUTH_SUCCESS,C58
4726,288,U769,1.0,LOG,AUTH_SUCCESS,C912
4727,288,U713,1.0,LOG,AUTH_SUCCESS,C856
4728,288,U713,1.0,LOG,AUTH_SUCCESS,C936
4729,288,U789,1.0,LOG,AUTH_SUCCESS,C930
4730,288,U12,1.0,LOG,AUTH_SUCCESS,C428
4731,288,U179,1.0,LOG,AUTH_SUCCESS,C175
4732,289,U795,1.0,LOG,AUTH_SUCCESS,C937
4733,289,U794,1.0,LOG,AUTH_SUCCESS,C935
4734,289,U796,1.0,LOG,AUTH_SUCCESS,C938
4735,289,U295,1.0,LOG,AUTH_SUCCESS,C391
4736,289,U797,1.0,LOG,AUTH_SUCCESS,C939
4737,289,U769,1.0,LOG,AUTH_SUCCESS,C912
4738,289,U565,1.0,LOG,AUTH_SUCCESS,C698
4739,289,U798,1.0,LOG,AUTH_SUCCESS,C940
4740,289,U70,1.0,LOG,AUTH_SUCCESS,C122
4741,289,U77,1.0,LOG,AUTH_SUCCESS,C234
4742,289,U77,1.0,LOG,AUTH_SUCCESS,C78
4743,289,U101,1.0,LOG,AUTH_SUCCESS,C123
4744,289,U793,1.0,LOG,AUTH_SUCCESS,C934
4745,289,U93,1.0,LOG,AUTH_SUCCESS,C53
4746,289,U93,1.0,LOG,AUTH_SUCCESS,C107
4747,289,U112,1.0,LOG,AUTH_SUCCESS,C476
4748,290,U795,1.0,LOG,AUTH_SUCCESS,C937
4749,290,U106,1.0,LOG,AUTH_SUCCESS,C136
4750,290,U799,1.0,LOG,AUTH_SUCCESS,C941
4751,290,U295,1.0,LOG,AUTH_SUCCESS,C391
4752,290,U565,1.0,LOG,AUTH_SUCCESS,C698
4753,290,U6,1.0,LOG,AUTH_SUCCESS,C7
4754,290,U6,1.0,LOG,AUTH_SUCCESS,C148
4755,290,U800,1.0,LOG,AUTH_SUCCESS,C942
4756,290,U798,1.0,LOG,AUTH_SUCCESS,C940
4757,290,U70,1.0,LOG,AUTH_SUCCESS,C122
4758,290,U101,1.0,LOG,AUTH_SUCCESS,C123
4759,290,U12,1.0,LOG,AUTH_SUCCESS,C943
4760,290,U12,1.0,LOG,AUTH_SUCCESS,C944
4761,290,U159,1.0,LOG,AUTH_SUCCESS,C160
4762,290,U179,1.0,LOG,AUTH_SUCCESS,C175
4763,291,U795,1.0,LOG,AUTH_SUCCESS,C134
4764,291,U795,1.0,LOG,AUTH_SUCCESS,C937
4765,291,U106,1.0,LOG,AUTH_SUCCESS,C136
4766,291,U801,1.0,LOG,AUTH_SUCCESS,C83
4767,291,U295,1.0,LOG,AUTH_SUCCESS,C391
4768,291,U797,1.0,LOG,AUTH_SUCCESS,C939
4769,291,U6,1.0,LOG,AUTH_SUCCESS,C7
4770,291,U800,1.0,LOG,AUTH_SUCCESS,C942
4771,291,U802,1.0,LOG,AUTH_SUCCESS,C945
4772,291,U93,1.0,LOG,AUTH_SUCCESS,C107
4773,291,U60,1.0,LOG,AUTH_SUCCESS,C173
4774,291,U12,1.0,LOG,AUTH_SUCCESS,C221
4775,291,U128,1.0,LOG,AUTH_SUCCESS,C167
4776,291,U128,1.0,LOG,AUTH_SUCCESS,C176
4777,292,U781,1.0,LOG,AUTH_SUCCESS,C151
4778,292,U781,1.0,LOG,AUTH_SUCCESS,C924
4779,292,U113,1.0,LOG,AUTH_SUCCESS,C147
4780,292,U113,1.0,LOG,AUTH_SUCCESS,C148
4781,292,U539,1.0,LOG,AUTH_SUCCESS,C674
4782,292,U803,1.0,LOG,AUTH_SUCCESS,C946
4783,292,U252,1.0,LOG,AUTH_SUCCESS,C339
4784,292,U252,1.0,LOG,AUTH_SUCCESS,C225
4785,292,U804,1.0,LOG,AUTH_SUCCESS,C947
4786,292,U120,1.0,LOG,AUTH_SUCCESS,C164
4787,292,U120,1.0,LOG,AUTH_SUCCESS,C148
4788,292,U805,1.0,LOG,AUTH_SUCCESS,C948
4789,292,U806,1.0,LOG,AUTH_SUCCESS,C150
4790,292,U806,1.0,LOG,AUTH_SUCCESS,C949
4791,292,U425,1.0,LOG,AUTH_SUCCESS,C549
4792,292,U800,1.0,LOG,AUTH_SUCCESS,C942
4793,292,U114,1.0,LOG,AUTH_SUCCESS,C149
4794,292,U114,1.0,LOG,AUTH_SUCCESS,C148
4795,292,U115,1.0,LOG,AUTH_SUCCESS,C148
4796,292,U115,1.0,LOG,AUTH_SUCCESS,C152
4797,292,U179,1.0,LOG,AUTH_SUCCESS,C175
4798,292,U128,1.0,LOG,AUTH_SUCCESS,C167
4799,292,U128,1.0,LOG,AUTH_SUCCESS,C176
4800,292,U112,1.0,LOG,AUTH_SUCCESS,C145
4801,293,U795,1.0,LOG,AUTH_SUCCESS,C134
4802,293,U795,1.0,LOG,AUTH_SUCCESS,C937
4803,293,U807,1.0,LOG,AUTH_SUCCESS,C950
4804,293,U539,1.0,LOG,AUTH_SUCCESS,C674
4805,293,U803,1.0,LOG,AUTH_SUCCESS,C946
4806,293,U805,1.0,LOG,AUTH_SUCCESS,C948
4807,293,U21,1.0,LOG,AUTH_SUCCESS,C22
4808,293,U800,1.0,LOG,AUTH_SUCCESS,C942
4809,293,U125,1.0,LOG,AUTH_SUCCESS,C928
4810,294,U807,1.0,LOG,AUTH_SUCCESS,C950
4811,294,U808,1.0,LOG,AUTH_SUCCESS,C951
4812,294,U809,1.0,LOG,AUTH_SUCCESS,C952
4813,294,U136,1.0,LOG,AUTH_SUCCESS,C185
4814,294,U97,1.0,LOG,AUTH_SUCCESS,C161
4815,294,U112,1.0,LOG,AUTH_SUCCESS,C82
4816,294,U112,1.0,LOG,AUTH_SUCCESS,C145
4817,295,U144,1.0,LOG,AUTH_SUCCESS,C195
4818,295,U810,1.0,LOG,AUTH_SUCCESS,C953
4819,295,U811,1.0,LOG,AUTH_SUCCESS,C954
4820,295,U140,1.0,LOG,AUTH_SUCCESS,C190
4821,295,U124,1.0,LOG,AUTH_SUCCESS,C192
4822,295,U125,1.0,LOG,AUTH_SUCCESS,C928
4823,295,U812,1.0,LOG,AUTH_SUCCESS,C955
4824,295,U12,1.0,LOG,AUTH_SUCCESS,C943
4825,295,U12,1.0,LOG,AUTH_SUCCESS,C54
4826,295,U95,1.0,LOG,AUTH_SUCCESS,C154
4827,295,U112,1.0,LOG,AUTH_SUCCESS,C145
4828,295,U112,1.0,LOG,AUTH_SUCCESS,C83
4829,296,U144,1.0,LOG,AUTH_SUCCESS,C195
4830,296,U813,1.0,LOG,AUTH_SUCCESS,C956
4831,296,U130,1.0,LOG,AUTH_SUCCESS,C179
4832,296,U130,1.0,LOG,AUTH_SUCCESS,C148
4833,296,U676,1.0,LOG,AUTH_SUCCESS,C815
4834,296,U147,1.0,LOG,AUTH_SUCCESS,C198
4835,296,U132,1.0,LOG,AUTH_SUCCESS,C181
4836,296,U132,1.0,LOG,AUTH_SUCCESS,C148
4837,296,U140,1.0,LOG,AUTH_SUCCESS,C190
4838,296,U124,1.0,LOG,AUTH_SUCCESS,C192
4839,296,U124,1.0,LOG,AUTH_SUCCESS,C168
4840,296,U125,1.0,LOG,AUTH_SUCCESS,C928
4841,296,U152,1.0,LOG,AUTH_SUCCESS,C206
4842,296,U154,1.0,LOG,AUTH_SUCCESS,C208
4843,296,U154,1.0,LOG,AUTH_SUCCESS,C148
4844,296,U127,1.0,LOG,AUTH_SUCCESS,C155
4845,296,U93,1.0,LOG,AUTH_SUCCESS,C251
4846,296,U93,1.0,LOG,AUTH_SUCCESS,C107
4847,296,U12,1.0,LOG,AUTH_SUCCESS,C957
4848,296,U128,1.0,LOG,AUTH_SUCCESS,C167
4849,296,U128,1.0,LOG,AUTH_SUCCESS,C176
4850,296,U112,1.0,LOG,AUTH_SUCCESS,C301
4851,297,U814,1.0,LOG,AUTH_SUCCESS,C958
4852,297,U813,1.0,LOG,AUTH_SUCCESS,C956
4853,297,U539,1.0,LOG,AUTH_SUCCESS,C151
4854,297,U539,1.0,LOG,AUTH_SUCCESS,C674
4855,297,U147,1.0,LOG,AUTH_SUCCESS,C198
4856,297,U769,1.0,LOG,AUTH_SUCCESS,C912
4857,297,U815,1.0,LOG,AUTH_SUCCESS,C959
4858,297,U634,1.0,LOG,AUTH_SUCCESS,C151
4859,297,U634,1.0,LOG,AUTH_SUCCESS,C765
4860,297,U152,1.0,LOG,AUTH_SUCCESS,C206
4861,297,U116,1.0,LOG,AUTH_SUCCESS,C155
4862,297,U127,1.0,LOG,AUTH_SUCCESS,C155
4863,297,U12,1.0,LOG,AUTH_SUCCESS,C236
4864,297,U12,1.0,LOG,AUTH_SUCCESS,C404
4865,297,U12,1.0,LOG,AUTH_SUCCESS,C415
4866,297,U12,1.0,LOG,AUTH_SUCCESS,C13
4867,297,U12,1.0,LOG,AUTH_SUCCESS,C54
4868,297,U184,1.0,LOG,AUTH_SUCCESS,C154
4869,297,U105,1.0,LOG,AUTH_SUCCESS,C160
4870,297,U128,1.0,LOG,AUTH_SUCCESS,C167
4871,297,U128,1.0,LOG,AUTH_SUCCESS,C176
4872,298,U814,1.0,LOG,AUTH_SUCCESS,C958
4873,298,U676,1.0,LOG,AUTH_SUCCESS,C815
4874,298,U750,1.0,LOG,AUTH_SUCCESS,C894
4875,298,U815,1.0,LOG,AUTH_SUCCESS,C134
4876,298,U815,1.0,LOG,AUTH_SUCCESS,C959
4877,298,U152,1.0,LOG,AUTH_SUCCESS,C206
4878,298,U153,1.0,LOG,AUTH_SUCCESS,C207
4879,298,U153,1.0,LOG,AUTH_SUCCESS,C148
4880,298,U77,1.0,LOG,AUTH_SUCCESS,C78
4881,298,U127,1.0,LOG,AUTH_SUCCESS,C155
4882,298,U12,1.0,LOG,AUTH_SUCCESS,C174
4883,298,U159,1.0,LOG,AUTH_SUCCESS,C160
4884,298,U97,1.0,LOG,AUTH_SUCCESS,C161
4885,299,U676,1.0,LOG,AUTH_SUCCESS,C815
4886,299,U356,1.0,LOG,AUTH_SUCCESS,C474
4887,299,U816,1.0,LOG,AUTH_SUCCESS,C960
4888,299,U163,1.0,LOG,AUTH_SUCCESS,C219
4889,299,U163,1.0,LOG,AUTH_SUCCESS,C220
4890,299,U116,1.0,LOG,AUTH_SUCCESS,C155
4891,299,U159,1.0,LOG,AUTH_SUCCESS,C160
4892,300,U817,1.0,LOG,AUTH_SUCCESS,C961
4893,300,U818,1.0,LOG,AUTH_SUCCESS,C962
4894,300,U819,1.0,LOG,AUTH_SUCCESS,C963
4895,300,U429,1.0,LOG,AUTH_SUCCESS,C767
4896,300,U165,1.0,LOG,AUTH_SUCCESS,C223
4897,300,U820,1.0,LOG,AUTH_SUCCESS,C964
4898,300,U341,1.0,LOG,AUTH_SUCCESS,C455
4899,300,U821,1.0,LOG,AUTH_SUCCESS,C965
4900,300,U356,1.0,LOG,AUTH_SUCCESS,C150
4901,300,U356,1.0,LOG,AUTH_SUCCESS,C474
4902,300,U39,1.0,LOG,AUTH_SUCCESS,C41
4903,300,U167,1.0,LOG,AUTH_SUCCESS,C225
4904,300,U167,1.0,LOG,AUTH_SUCCESS,C226
4905,300,U822,1.0,LOG,AUTH_SUCCESS,C966
4906,300,U816,1.0,LOG,AUTH_SUCCESS,C960
4907,300,U127,1.0,LOG,AUTH_SUCCESS,C155
4908,300,U13,1.0,LOG,AUTH_SUCCESS,C209
4909,300,U12,1.0,LOG,AUTH_SUCCESS,C809
4910,301,U431,1.0,LOG,AUTH_SUCCESS,C556
4911,301,U431,1.0,LOG,AUTH_SUCCESS,C248
4912,301,U170,1.0,LOG,AUTH_SUCCESS,C229
4913,301,U817,1.0,LOG,AUTH_SUCCESS,C961
4914,301,U819,1.0,LOG,AUTH_SUCCESS,C963
4915,301,U429,1.0,LOG,AUTH_SUCCESS,C767
4916,301,U165,1.0,LOG,AUTH_SUCCESS,C223
4917,301,U80,1.0,LOG,AUTH_SUCCESS,C81
4918,301,U341,1.0,LOG,AUTH_SUCCESS,C150
4919,301,U341,1.0,LOG,AUTH_SUCCESS,C455
4920,301,U39,1.0,LOG,AUTH_SUCCESS,C41
4921,301,U822,1.0,LOG,AUTH_SUCCESS,C966
4922,301,U816,1.0,LOG,AUTH_SUCCESS,C960
4923,301,U823,1.0,LOG,AUTH_SUCCESS,C967
4924,301,U77,1.0,LOG,AUTH_SUCCESS,C234
4925,301,U77,1.0,LOG,AUTH_SUCCESS,C78
4926,301,U373,1.0,LOG,AUTH_SUCCESS,C154
4927,301,U116,1.0,LOG,AUTH_SUCCESS,C155
4928,301,U60,1.0,LOG,AUTH_SUCCESS,C173
4929,301,U159,1.0,LOG,AUTH_SUCCESS,C160
4930,301,U128,1.0,LOG,AUTH_SUCCESS,C167
4931,301,U128,1.0,LOG,AUTH_SUCCESS,C176
4932,301,U112,1.0,LOG,AUTH_SUCCESS,C82
4933,302,U130,1.0,LOG,AUTH_SUCCESS,C179
4934,302,U130,1.0,LOG,AUTH_SUCCESS,C239
4935,302,U539,1.0,LOG,AUTH_SUCCESS,C674
4936,302,U539,1.0,LOG,AUTH_SUCCESS,C200
4937,302,U679,1.0,LOG,AUTH_SUCCESS,C820
4938,302,U824,1.0,LOG,AUTH_SUCCESS,C968
4939,302,U824,1.0,LOG,AUTH_SUCCESS,C200
4940,302,U175,1.0,LOG,AUTH_SUCCESS,C240
4941,302,U175,1.0,LOG,AUTH_SUCCESS,C200
4942,302,U819,1.0,LOG,AUTH_SUCCESS,C963
4943,302,U429,1.0,LOG,AUTH_SUCCESS,C767
4944,302,U825,1.0,LOG,AUTH_SUCCESS,C969
4945,302,U825,1.0,LOG,AUTH_SUCCESS,C151
4946,302,U177,1.0,LOG,AUTH_SUCCESS,C242
4947,302,U177,1.0,LOG,AUTH_SUCCESS,C148
4948,302,U120,1.0,LOG,AUTH_SUCCESS,C164
4949,302,U120,1.0,LOG,AUTH_SUCCESS,C239
4950,302,U821,1.0,LOG,AUTH_SUCCESS,C965
4951,302,U826,1.0,LOG,AUTH_SUCCESS,C200
4952,302,U826,1.0,LOG,AUTH_SUCCESS,C970
4953,302,U827,1.0,LOG,AUTH_SUCCESS,C971
4954,302,U828,1.0,LOG,AUTH_SUCCESS,C972
4955,302,U89,1.0,LOG,AUTH_SUCCESS,C98
4956,302,U89,1.0,LOG,AUTH_SUCCESS,C151
4957,302,U822,1.0,LOG,AUTH_SUCCESS,C966
4958,302,U153,1.0,LOG,AUTH_SUCCESS,C207
4959,302,U153,1.0,LOG,AUTH_SUCCESS,C239
4960,302,U823,1.0,LOG,AUTH_SUCCESS,C967
4961,302,U336,1.0,LOG,AUTH_SUCCESS,C448
4962,302,U336,1.0,LOG,AUTH_SUCCESS,C200
4963,302,U12,1.0,LOG,AUTH_SUCCESS,C215
4964,302,U12,1.0,LOG,AUTH_SUCCESS,C13
4965,302,U128,1.0,LOG,AUTH_SUCCESS,C167
4966,302,U128,1.0,LOG,AUTH_SUCCESS,C176
4967,302,U112,1.0,LOG,AUTH_SUCCESS,C82
4968,303,U180,1.0,LOG,AUTH_SUCCESS,C246
4969,303,U679,1.0,LOG,AUTH_SUCCESS,C820
4970,303,U828,1.0,LOG,AUTH_SUCCESS,C972
4971,303,U135,1.0,LOG,AUTH_SUCCESS,C184
4972,303,U12,1.0,LOG,AUTH_SUCCESS,C842
4973,303,U12,1.0,LOG,AUTH_SUCCESS,C404
4974,303,U12,1.0,LOG,AUTH_SUCCESS,C13
4975,303,U184,1.0,LOG,AUTH_SUCCESS,C154
4976,303,U159,1.0,LOG,AUTH_SUCCESS,C160
4977,303,U112,1.0,LOG,AUTH_SUCCESS,C82
4978,304,U180,1.0,LOG,AUTH_SUCCESS,C246
4979,304,U829,1.0,LOG,AUTH_SUCCESS,C973
4980,304,U191,1.0,LOG,AUTH_SUCCESS,C258
4981,304,U830,1.0,LOG,AUTH_SUCCESS,C974
4982,304,U828,1.0,LOG,AUTH_SUCCESS,C972
4983,304,U417,1.0,LOG,AUTH_SUCCESS,C540
4984,304,U135,1.0,LOG,AUTH_SUCCESS,C184
4985,304,U182,1.0,LOG,AUTH_SUCCESS,C248
4986,304,U182,1.0,LOG,AUTH_SUCCESS,C249
4987,304,U183,1.0,LOG,AUTH_SUCCESS,C250
4988,304,U184,1.0,LOG,AUTH_SUCCESS,C154
4989,304,U67,1.0,LOG,AUTH_SUCCESS,C49
4990,305,U180,1.0,LOG,AUTH_SUCCESS,C246
4991,305,U1,1.0,LOG,AUTH_SUCCESS,C1
4992,305,U1,1.0,LOG,AUTH_SUCCESS,C975
4993,305,U1,1.0,LOG,AUTH_SUCCESS,C976
4994,305,U1,1.0,LOG,AUTH_SUCCESS,C2
4995,305,U1,1.0,LOG,AUTH_SUCCESS,C977
4996,305,U1,1.0,LOG,AUTH_SUCCESS,C978
4997,305,U829,1.0,LOG,AUTH_SUCCESS,C973
4998,305,U191,1.0,LOG,AUTH_SUCCESS,C258
4999,305,U831,1.0,LOG,AUTH_SUCCESS,C979
5000,305,U830,1.0,LOG,AUTH_SUCCESS,C974
5001,305,U832,1.0,LOG,AUTH_SUCCESS,C980
5002,305,U193,1.0,LOG,AUTH_SUCCESS,C260
5003,305,U111,1.0,LOG,AUTH_SUCCESS,C143
5004,305,U833,1.0,LOG,AUTH_SUCCESS,C981
5005,305,U60,1.0,LOG,AUTH_SUCCESS,C108
5006,305,U12,1.0,LOG,AUTH_SUCCESS,C236
5007,305,U12,1.0,LOG,AUTH_SUCCESS,C350
5008,305,U12,1.0,LOG,AUTH_SUCCESS,C54
5009,305,U184,1.0,LOG,AUTH_SUCCESS,C154
5010,305,U834,1.0,LOG,AUTH_SUCCESS,C2
5011,305,U67,1.0,LOG,AUTH_SUCCESS,C154
5012,305,U67,1.0,LOG,AUTH_SUCCESS,C49
5013,306,U1,1.0,LOG,AUTH_SUCCESS,C1
5014,306,U1,1.0,LOG,AUTH_SUCCESS,C975
5015,306,U1,1.0,LOG,AUTH_SUCCESS,C976
5016,306,U1,1.0,LOG,AUTH_SUCCESS,C2
5017,306,U1,1.0,LOG,AUTH_SUCCESS,C977
5018,306,U1,1.0,LOG,AUTH_SUCCESS,C978
5019,306,U829,1.0,LOG,AUTH_SUCCESS,C973
5020,306,U186,1.0,LOG,AUTH_SUCCESS,C254
5021,306,U186,1.0,LOG,AUTH_SUCCESS,C148
5022,306,U830,1.0,LOG,AUTH_SUCCESS,C974
5023,306,U396,1.0,LOG,AUTH_SUCCESS,C516
5024,306,U832,1.0,LOG,AUTH_SUCCESS,C980
5025,306,U504,1.0,LOG,AUTH_SUCCESS,C982
5026,306,U111,1.0,LOG,AUTH_SUCCESS,C143
5027,306,U111,1.0,LOG,AUTH_SUCCESS,C150
5028,306,U194,1.0,LOG,AUTH_SUCCESS,C268
5029,306,U194,1.0,LOG,AUTH_SUCCESS,C262
5030,306,U194,1.0,LOG,AUTH_SUCCESS,C263
5031,306,U833,1.0,LOG,AUTH_SUCCESS,C981
5032,306,U188,1.0,LOG,AUTH_SUCCESS,C148
5033,306,U188,1.0,LOG,AUTH_SUCCESS,C256
5034,306,U60,1.0,LOG,AUTH_SUCCESS,C173
5035,306,U12,1.0,LOG,AUTH_SUCCESS,C215
5036,306,U12,1.0,LOG,AUTH_SUCCESS,C13
5037,306,U184,1.0,LOG,AUTH_SUCCESS,C154
5038,306,U97,1.0,LOG,AUTH_SUCCESS,C161
5039,306,U179,1.0,LOG,AUTH_SUCCESS,C175
5040,306,U128,1.0,LOG,AUTH_SUCCESS,C167
5041,306,U128,1.0,LOG,AUTH_SUCCESS,C176
5042,306,U112,1.0,LOG,AUTH_SUCCESS,C82
5043,306,U834,1.0,LOG,AUTH_SUCCESS,C2
5044,307,U1,1.0,LOG,AUTH_SUCCESS,C1
5045,307,U1,1.0,LOG,AUTH_SUCCESS,C2
5046,307,U835,1.0,LOG,AUTH_SUCCESS,C983
5047,307,U64,1.0,LOG,AUTH_SUCCESS,C69
5048,307,U832,1.0,LOG,AUTH_SUCCESS,C980
5049,307,U504,1.0,LOG,AUTH_SUCCESS,C982
5050,307,U197,1.0,LOG,AUTH_SUCCESS,C269
5051,307,U197,1.0,LOG,AUTH_SUCCESS,C280
5052,307,U836,1.0,LOG,AUTH_SUCCESS,C984
5053,307,U836,1.0,LOG,AUTH_SUCCESS,C115
5054,307,U837,1.0,LOG,AUTH_SUCCESS,C985
5055,307,U837,1.0,LOG,AUTH_SUCCESS,C151
5056,307,U188,1.0,LOG,AUTH_SUCCESS,C239
5057,307,U188,1.0,LOG,AUTH_SUCCESS,C256
5058,307,U12,1.0,LOG,AUTH_SUCCESS,C211
5059,307,U12,1.0,LOG,AUTH_SUCCESS,C364
5060,307,U12,1.0,LOG,AUTH_SUCCESS,C351
5061,307,U204,1.0,LOG,AUTH_SUCCESS,C154
5062,307,U128,1.0,LOG,AUTH_SUCCESS,C167
5063,307,U128,1.0,LOG,AUTH_SUCCESS,C176
5064,307,U112,1.0,LOG,AUTH_SUCCESS,C82
5065,308,U835,1.0,LOG,AUTH_SUCCESS,C983
5066,308,U205,1.0,LOG,AUTH_SUCCESS,C277
5067,308,U64,1.0,LOG,AUTH_SUCCESS,C150
5068,308,U64,1.0,LOG,AUTH_SUCCESS,C69
5069,308,U207,1.0,LOG,AUTH_SUCCESS,C279
5070,308,U504,1.0,LOG,AUTH_SUCCESS,C982
5071,308,U202,1.0,LOG,AUTH_SUCCESS,C148
5072,308,U202,1.0,LOG,AUTH_SUCCESS,C275
5073,308,U197,1.0,LOG,AUTH_SUCCESS,C269
5074,308,U48,1.0,LOG,AUTH_SUCCESS,C292
5075,308,U13,1.0,LOG,AUTH_SUCCESS,C282
5076,308,U156,1.0,LOG,AUTH_SUCCESS,C161
5077,308,U97,1.0,LOG,AUTH_SUCCESS,C161
5078,308,U179,1.0,LOG,AUTH_SUCCESS,C175
5079,309,U838,1.0,LOG,AUTH_SUCCESS,C986
5080,309,U835,1.0,LOG,AUTH_SUCCESS,C983
5081,309,U839,1.0,LOG,AUTH_SUCCESS,C987
5082,309,U64,1.0,LOG,AUTH_SUCCESS,C69
5083,309,U840,1.0,LOG,AUTH_SUCCESS,C988
5084,309,U841,1.0,LOG,AUTH_SUCCESS,C989
5085,309,U216,1.0,LOG,AUTH_SUCCESS,C219
5086,309,U216,1.0,LOG,AUTH_SUCCESS,C291
5087,309,U125,1.0,LOG,AUTH_SUCCESS,C928
5088,309,U837,1.0,LOG,AUTH_SUCCESS,C985
5089,309,U12,1.0,LOG,AUTH_SUCCESS,C112
5090,309,U12,1.0,LOG,AUTH_SUCCESS,C13
5091,310,U838,1.0,LOG,AUTH_SUCCESS,C986
5092,310,U16,1.0,LOG,AUTH_SUCCESS,C148
5093,310,U16,1.0,LOG,AUTH_SUCCESS,C17
5094,310,U840,1.0,LOG,AUTH_SUCCESS,C988
5095,310,U125,1.0,LOG,AUTH_SUCCESS,C928
5096,310,U77,1.0,LOG,AUTH_SUCCESS,C78
5097,310,U12,1.0,LOG,AUTH_SUCCESS,C13
5098,310,U159,1.0,LOG,AUTH_SUCCESS,C160
5099,310,U179,1.0,LOG,AUTH_SUCCESS,C175
5100,310,U179,1.0,LOG,AUTH_SUCCESS,C161
5101,311,U842,1.0,LOG,AUTH_SUCCESS,C990
5102,311,U839,1.0,LOG,AUTH_SUCCESS,C987
5103,311,U211,1.0,LOG,AUTH_SUCCESS,C248
5104,311,U211,1.0,LOG,AUTH_SUCCESS,C286
5105,311,U212,1.0,LOG,AUTH_SUCCESS,C295
5106,311,U212,1.0,LOG,AUTH_SUCCESS,C280
5107,311,U212,1.0,LOG,AUTH_SUCCESS,C287
5108,311,U63,1.0,LOG,AUTH_SUCCESS,C68
5109,311,U843,1.0,LOG,AUTH_SUCCESS,C991
5110,311,U207,1.0,LOG,AUTH_SUCCESS,C234
5111,311,U207,1.0,LOG,AUTH_SUCCESS,C279
5112,311,U844,1.0,LOG,AUTH_SUCCESS,C992
5113,311,U218,1.0,LOG,AUTH_SUCCESS,C219
5114,311,U218,1.0,LOG,AUTH_SUCCESS,C296
5115,311,U60,1.0,LOG,AUTH_SUCCESS,C173
5116,311,U12,1.0,LOG,AUTH_SUCCESS,C162
5117,311,U128,1.0,LOG,AUTH_SUCCESS,C167
5118,311,U128,1.0,LOG,AUTH_SUCCESS,C176
5119,312,U845,1.0,LOG,AUTH_SUCCESS,C993
5120,312,U131,1.0,LOG,AUTH_SUCCESS,C180
5121,312,U131,1.0,LOG,AUTH_SUCCESS,C151
5122,312,U842,1.0,LOG,AUTH_SUCCESS,C990
5123,312,U838,1.0,LOG,AUTH_SUCCESS,C986
5124,312,U846,1.0,LOG,AUTH_SUCCESS,C994
5125,312,U847,1.0,LOG,AUTH_SUCCESS,C995
5126,312,U372,1.0,LOG,AUTH_SUCCESS,C495
5127,312,U372,1.0,LOG,AUTH_SUCCESS,C200
5128,312,U16,1.0,LOG,AUTH_SUCCESS,C17
5129,312,U848,1.0,LOG,AUTH_SUCCESS,C200
5130,312,U848,1.0,LOG,AUTH_SUCCESS,C996
5131,312,U653,1.0,LOG,AUTH_SUCCESS,C789
5132,312,U849,1.0,LOG,AUTH_SUCCESS,C997
5133,312,U225,1.0,LOG,AUTH_SUCCESS,C304
5134,312,U225,1.0,LOG,AUTH_SUCCESS,C305
5135,312,U832,1.0,LOG,AUTH_SUCCESS,C151
5136,312,U832,1.0,LOG,AUTH_SUCCESS,C980
5137,312,U850,1.0,LOG,AUTH_SUCCESS,C998
5138,312,U214,1.0,LOG,AUTH_SUCCESS,C289
5139,312,U214,1.0,LOG,AUTH_SUCCESS,C148
5140,312,U173,1.0,LOG,AUTH_SUCCESS,C233
5141,312,U227,1.0,LOG,AUTH_SUCCESS,C308
5142,312,U227,1.0,LOG,AUTH_SUCCESS,C148
5143,312,U9,1.0,LOG,AUTH_SUCCESS,C10
5144,312,U837,1.0,LOG,AUTH_SUCCESS,C985
5145,312,U837,1.0,LOG,AUTH_SUCCESS,C200
5146,312,U12,1.0,LOG,AUTH_SUCCESS,C819
5147,312,U97,1.0,LOG,AUTH_SUCCESS,C161
5148,312,U179,1.0,LOG,AUTH_SUCCESS,C175
5149,312,U128,1.0,LOG,AUTH_SUCCESS,C167
5150,312,U128,1.0,LOG,AUTH_SUCCESS,C176
5151,313,U851,1.0,LOG,AUTH_SUCCESS,C999
5152,313,U845,1.0,LOG,AUTH_SUCCESS,C993
5153,313,U838,1.0,LOG,AUTH_SUCCESS,C986
5154,313,U847,1.0,LOG,AUTH_SUCCESS,C995
5155,313,U16,1.0,LOG,AUTH_SUCCESS,C17
5156,313,U148,1.0,LOG,AUTH_SUCCESS,C134
5157,313,U148,1.0,LOG,AUTH_SUCCESS,C199
5158,313,U852,1.0,LOG,AUTH_SUCCESS,C1000
5159,313,U853,1.0,LOG,AUTH_SUCCESS,C1001
5160,313,U820,1.0,LOG,AUTH_SUCCESS,C134
5161,313,U820,1.0,LOG,AUTH_SUCCESS,C964
5162,313,U63,1.0,LOG,AUTH_SUCCESS,C234
5163,313,U63,1.0,LOG,AUTH_SUCCESS,C68
5164,313,U843,1.0,LOG,AUTH_SUCCESS,C991
5165,313,U844,1.0,LOG,AUTH_SUCCESS,C992
5166,313,U849,1.0,LOG,AUTH_SUCCESS,C997
5167,313,U850,1.0,LOG,AUTH_SUCCESS,C150
5168,313,U850,1.0,LOG,AUTH_SUCCESS,C998
5169,313,U125,1.0,LOG,AUTH_SUCCESS,C928
5170,313,U173,1.0,LOG,AUTH_SUCCESS,C233
5171,313,U29,1.0,LOG,AUTH_SUCCESS,C30
5172,313,U9,1.0,LOG,AUTH_SUCCESS,C10
5173,313,U77,1.0,LOG,AUTH_SUCCESS,C234
5174,313,U77,1.0,LOG,AUTH_SUCCESS,C78
5175,313,U94,1.0,LOG,AUTH_SUCCESS,C186
5176,313,U94,1.0,LOG,AUTH_SUCCESS,C110
5177,313,U12,1.0,LOG,AUTH_SUCCESS,C694
5178,313,U12,1.0,LOG,AUTH_SUCCESS,C13
5179,313,U12,1.0,LOG,AUTH_SUCCESS,C801
5180,313,U105,1.0,LOG,AUTH_SUCCESS,C160
5181,314,U851,1.0,LOG,AUTH_SUCCESS,C999
5182,314,U223,1.0,LOG,AUTH_SUCCESS,C148
5183,314,U223,1.0,LOG,AUTH_SUCCESS,C302
5184,314,U838,1.0,LOG,AUTH_SUCCESS,C986
5185,314,U846,1.0,LOG,AUTH_SUCCESS,C994
5186,314,U230,1.0,LOG,AUTH_SUCCESS,C315
5187,314,U16,1.0,LOG,AUTH_SUCCESS,C148
5188,314,U16,1.0,LOG,AUTH_SUCCESS,C17
5189,314,U853,1.0,LOG,AUTH_SUCCESS,C1001
5190,314,U63,1.0,LOG,AUTH_SUCCESS,C68
5191,314,U840,1.0,LOG,AUTH_SUCCESS,C134
5192,314,U840,1.0,LOG,AUTH_SUCCESS,C988
5193,314,U854,1.0,LOG,AUTH_SUCCESS,C1002
5194,314,U832,1.0,LOG,AUTH_SUCCESS,C134
5195,314,U832,1.0,LOG,AUTH_SUCCESS,C980
5196,314,U504,1.0,LOG,AUTH_SUCCESS,C134
5197,314,U504,1.0,LOG,AUTH_SUCCESS,C982
5198,314,U850,1.0,LOG,AUTH_SUCCESS,C998
5199,314,U125,1.0,LOG,AUTH_SUCCESS,C928
5200,314,U833,1.0,LOG,AUTH_SUCCESS,C134
5201,314,U833,1.0,LOG,AUTH_SUCCESS,C981
5202,314,U13,1.0,LOG,AUTH_SUCCESS,C172
5203,314,U13,1.0,LOG,AUTH_SUCCESS,C14
5204,314,U12,1.0,LOG,AUTH_SUCCESS,C814
5205,314,U12,1.0,LOG,AUTH_SUCCESS,C13
5206,315,U235,1.0,LOG,AUTH_SUCCESS,C219
5207,315,U235,1.0,LOG,AUTH_SUCCESS,C320
5208,315,U855,1.0,LOG,AUTH_SUCCESS,C1003
5209,315,U230,1.0,LOG,AUTH_SUCCESS,C315
5210,315,U856,1.0,LOG,AUTH_SUCCESS,C1004
5211,315,U16,1.0,LOG,AUTH_SUCCESS,C17
5212,315,U854,1.0,LOG,AUTH_SUCCESS,C1002
5213,315,U14,1.0,LOG,AUTH_SUCCESS,C219
5214,315,U14,1.0,LOG,AUTH_SUCCESS,C15
5215,315,U29,1.0,LOG,AUTH_SUCCESS,C30
5216,315,U13,1.0,LOG,AUTH_SUCCESS,C172
5217,315,U13,1.0,LOG,AUTH_SUCCESS,C14
5218,315,U12,1.0,LOG,AUTH_SUCCESS,C342
5219,315,U12,1.0,LOG,AUTH_SUCCESS,C805
5220,315,U12,1.0,LOG,AUTH_SUCCESS,C110
5221,315,U12,1.0,LOG,AUTH_SUCCESS,C13
5222,315,U95,1.0,LOG,AUTH_SUCCESS,C154
5223,316,U855,1.0,LOG,AUTH_SUCCESS,C1003
5224,316,U856,1.0,LOG,AUTH_SUCCESS,C1004
5225,316,U857,1.0,LOG,AUTH_SUCCESS,C1005
5226,316,U124,1.0,LOG,AUTH_SUCCESS,C192
5227,316,U124,1.0,LOG,AUTH_SUCCESS,C168
5228,316,U858,1.0,LOG,AUTH_SUCCESS,C1006
5229,316,U29,1.0,LOG,AUTH_SUCCESS,C300
5230,316,U29,1.0,LOG,AUTH_SUCCESS,C30
5231,316,U859,1.0,LOG,AUTH_SUCCESS,C1007
5232,316,U60,1.0,LOG,AUTH_SUCCESS,C173
5233,316,U12,1.0,LOG,AUTH_SUCCESS,C270
5234,316,U12,1.0,LOG,AUTH_SUCCESS,C428
5235,316,U97,1.0,LOG,AUTH_SUCCESS,C161
5236,316,U128,1.0,LOG,AUTH_SUCCESS,C167
5237,316,U128,1.0,LOG,AUTH_SUCCESS,C176
5238,317,U860,1.0,LOG,AUTH_SUCCESS,C1008
5239,317,U63,1.0,LOG,AUTH_SUCCESS,C234
5240,317,U63,1.0,LOG,AUTH_SUCCESS,C68
5241,317,U861,1.0,LOG,AUTH_SUCCESS,C1009
5242,317,U861,1.0,LOG,AUTH_SUCCESS,C151
5243,317,U857,1.0,LOG,AUTH_SUCCESS,C1005
5244,317,U862,1.0,LOG,AUTH_SUCCESS,C1010
5245,317,U29,1.0,LOG,AUTH_SUCCESS,C30
5246,317,U859,1.0,LOG,AUTH_SUCCESS,C1007
5247,317,U9,1.0,LOG,AUTH_SUCCESS,C10
5248,317,U9,1.0,LOG,AUTH_SUCCESS,C151
5249,317,U244,1.0,LOG,AUTH_SUCCESS,C219
5250,317,U244,1.0,LOG,AUTH_SUCCESS,C330
5251,317,U105,1.0,LOG,AUTH_SUCCESS,C160
5252,317,U128,1.0,LOG,AUTH_SUCCESS,C167
5253,317,U128,1.0,LOG,AUTH_SUCCESS,C176
5254,318,U863,1.0,LOG,AUTH_SUCCESS,C1011
5255,318,U864,1.0,LOG,AUTH_SUCCESS,C1012
5256,318,U860,1.0,LOG,AUTH_SUCCESS,C1008
5257,318,U865,1.0,LOG,AUTH_SUCCESS,C1013
5258,318,U856,1.0,LOG,AUTH_SUCCESS,C134
5259,318,U856,1.0,LOG,AUTH_SUCCESS,C1004
5260,318,U206,1.0,LOG,AUTH_SUCCESS,C134
5261,318,U206,1.0,LOG,AUTH_SUCCESS,C278
5262,318,U866,1.0,LOG,AUTH_SUCCESS,C1014
5263,318,U857,1.0,LOG,AUTH_SUCCESS,C1005
5264,318,U867,1.0,LOG,AUTH_SUCCESS,C1015
5265,318,U862,1.0,LOG,AUTH_SUCCESS,C1010
5266,318,U868,1.0,LOG,AUTH_SUCCESS,C1016
5267,318,U859,1.0,LOG,AUTH_SUCCESS,C1007
5268,318,U13,1.0,LOG,AUTH_SUCCESS,C282
5269,318,U12,1.0,LOG,AUTH_SUCCESS,C13
5270,318,U184,1.0,LOG,AUTH_SUCCESS,C154
5271,318,U159,1.0,LOG,AUTH_SUCCESS,C160
5272,318,U97,1.0,LOG,AUTH_SUCCESS,C161
5273,319,U863,1.0,LOG,AUTH_SUCCESS,C1011
5274,319,U864,1.0,LOG,AUTH_SUCCESS,C1012
5275,319,U744,1.0,LOG,AUTH_SUCCESS,C887
5276,319,U856,1.0,LOG,AUTH_SUCCESS,C234
5277,319,U856,1.0,LOG,AUTH_SUCCESS,C1004
5278,319,U866,1.0,LOG,AUTH_SUCCESS,C1014
5279,319,U857,1.0,LOG,AUTH_SUCCESS,C1005
5280,319,U19,1.0,LOG,AUTH_SUCCESS,C20
5281,319,U869,1.0,LOG,AUTH_SUCCESS,C1017
5282,319,U868,1.0,LOG,AUTH_SUCCESS,C1016
5283,319,U870,1.0,LOG,AUTH_SUCCESS,C1018
5284,319,U238,1.0,LOG,AUTH_SUCCESS,C323
5285,319,U13,1.0,LOG,AUTH_SUCCESS,C282
5286,319,U13,1.0,LOG,AUTH_SUCCESS,C209
5287,319,U12,1.0,LOG,AUTH_SUCCESS,C805
5288,319,U12,1.0,LOG,AUTH_SUCCESS,C582
5289,319,U12,1.0,LOG,AUTH_SUCCESS,C107
5290,319,U12,1.0,LOG,AUTH_SUCCESS,C13
5291,319,U159,1.0,LOG,AUTH_SUCCESS,C160
5292,320,U6,1.0,LOG,AUTH_SUCCESS,C7
5293,320,U6,1.0,LOG,AUTH_SUCCESS,C148
5294,320,U871,1.0,LOG,AUTH_SUCCESS,C1019
5295,320,U12,1.0,LOG,AUTH_SUCCESS,C13
5296,321,U872,1.0,LOG,AUTH_SUCCESS,C1020
5297,321,U744,1.0,LOG,AUTH_SUCCESS,C887
5298,321,U750,1.0,LOG,AUTH_SUCCESS,C894
5299,321,U6,1.0,LOG,AUTH_SUCCESS,C7
5300,321,U870,1.0,LOG,AUTH_SUCCESS,C1018
5301,321,U259,1.0,LOG,AUTH_SUCCESS,C348
5302,321,U60,1.0,LOG,AUTH_SUCCESS,C173
5303,321,U12,1.0,LOG,AUTH_SUCCESS,C112
5304,321,U12,1.0,LOG,AUTH_SUCCESS,C957
5305,321,U12,1.0,LOG,AUTH_SUCCESS,C694
5306,321,U12,1.0,LOG,AUTH_SUCCESS,C13
5307,321,U159,1.0,LOG,AUTH_SUCCESS,C160
5308,321,U128,1.0,LOG,AUTH_SUCCESS,C167
5309,321,U128,1.0,LOG,AUTH_SUCCESS,C176
5310,322,U61,1.0,LOG,AUTH_SUCCESS,C66
5311,322,U180,1.0,LOG,AUTH_SUCCESS,C1021
5312,322,U113,1.0,LOG,AUTH_SUCCESS,C147
5313,322,U113,1.0,LOG,AUTH_SUCCESS,C148
5314,322,U872,1.0,LOG,AUTH_SUCCESS,C1020
5315,322,U873,1.0,LOG,AUTH_SUCCESS,C1022
5316,322,U252,1.0,LOG,AUTH_SUCCESS,C339
5317,322,U252,1.0,LOG,AUTH_SUCCESS,C225
5318,322,U68,1.0,LOG,AUTH_SUCCESS,C71
5319,322,U120,1.0,LOG,AUTH_SUCCESS,C164
5320,322,U120,1.0,LOG,AUTH_SUCCESS,C148
5321,322,U750,1.0,LOG,AUTH_SUCCESS,C894
5322,322,U6,1.0,LOG,AUTH_SUCCESS,C7
5323,322,U6,1.0,LOG,AUTH_SUCCESS,C148
5324,322,U114,1.0,LOG,AUTH_SUCCESS,C149
5325,322,U114,1.0,LOG,AUTH_SUCCESS,C148
5326,322,U59,1.0,LOG,AUTH_SUCCESS,C200
5327,322,U59,1.0,LOG,AUTH_SUCCESS,C64
5328,322,U115,1.0,LOG,AUTH_SUCCESS,C148
5329,322,U115,1.0,LOG,AUTH_SUCCESS,C152
5330,322,U77,1.0,LOG,AUTH_SUCCESS,C78
5331,322,U259,1.0,LOG,AUTH_SUCCESS,C348
5332,322,U13,1.0,LOG,AUTH_SUCCESS,C14
5333,322,U13,1.0,LOG,AUTH_SUCCESS,C32
5334,322,U128,1.0,LOG,AUTH_SUCCESS,C167
5335,322,U128,1.0,LOG,AUTH_SUCCESS,C176
5336,322,U169,1.0,LOG,AUTH_SUCCESS,C1023
5337,323,U180,1.0,LOG,AUTH_SUCCESS,C1021
5338,323,U25,1.0,LOG,AUTH_SUCCESS,C26
5339,323,U873,1.0,LOG,AUTH_SUCCESS,C1022
5340,323,U68,1.0,LOG,AUTH_SUCCESS,C71
5341,323,U750,1.0,LOG,AUTH_SUCCESS,C894
5342,323,U6,1.0,LOG,AUTH_SUCCESS,C7
5343,323,U21,1.0,LOG,AUTH_SUCCESS,C22
5344,323,U19,1.0,LOG,AUTH_SUCCESS,C20
5345,323,U871,1.0,LOG,AUTH_SUCCESS,C1019
5346,323,U13,1.0,LOG,AUTH_SUCCESS,C14
5347,323,U13,1.0,LOG,AUTH_SUCCESS,C32
5348,323,U12,1.0,LOG,AUTH_SUCCESS,C944
5349,323,U184,1.0,LOG,AUTH_SUCCESS,C154
5350,323,U159,1.0,LOG,AUTH_SUCCESS,C160
5351,324,U874,1.0,LOG,AUTH_SUCCESS,C1024
5352,324,U258,1.0,LOG,AUTH_SUCCESS,C347
5353,324,U258,1.0,LOG,AUTH_SUCCESS,C120
5354,324,U28,1.0,LOG,AUTH_SUCCESS,C29
5355,324,U871,1.0,LOG,AUTH_SUCCESS,C1019
5356,324,U107,1.0,LOG,AUTH_SUCCESS,C138
5357,324,U13,1.0,LOG,AUTH_SUCCESS,C209
5358,324,U60,1.0,LOG,AUTH_SUCCESS,C108
5359,324,U12,1.0,LOG,AUTH_SUCCESS,C428
5360,324,U184,1.0,LOG,AUTH_SUCCESS,C154
5361,324,U46,1.0,LOG,AUTH_SUCCESS,C154
5362,324,U67,1.0,LOG,AUTH_SUCCESS,C49
5363,325,U874,1.0,LOG,AUTH_SUCCESS,C1024
5364,325,U875,1.0,LOG,AUTH_SUCCESS,C1025
5365,325,U19,1.0,LOG,AUTH_SUCCESS,C20
5366,325,U28,1.0,LOG,AUTH_SUCCESS,C29
5367,325,U876,1.0,LOG,AUTH_SUCCESS,C1026
5368,325,U107,1.0,LOG,AUTH_SUCCESS,C138
5369,325,U107,1.0,LOG,AUTH_SUCCESS,C150
5370,325,U77,1.0,LOG,AUTH_SUCCESS,C234
5371,325,U77,1.0,LOG,AUTH_SUCCESS,C78
5372,325,U12,1.0,LOG,AUTH_SUCCESS,C174
5373,325,U12,1.0,LOG,AUTH_SUCCESS,C801
5374,325,U184,1.0,LOG,AUTH_SUCCESS,C154
5375,325,U67,1.0,LOG,AUTH_SUCCESS,C154
5376,325,U67,1.0,LOG,AUTH_SUCCESS,C49
5377,326,U130,1.0,LOG,AUTH_SUCCESS,C179
5378,326,U130,1.0,LOG,AUTH_SUCCESS,C148
5379,326,U160,1.0,LOG,AUTH_SUCCESS,C216
5380,326,U874,1.0,LOG,AUTH_SUCCESS,C1024
5381,326,U162,1.0,LOG,AUTH_SUCCESS,C218
5382,326,U132,1.0,LOG,AUTH_SUCCESS,C181
5383,326,U132,1.0,LOG,AUTH_SUCCESS,C148
5384,326,U875,1.0,LOG,AUTH_SUCCESS,C1025
5385,326,U877,1.0,LOG,AUTH_SUCCESS,C1027
5386,326,U876,1.0,LOG,AUTH_SUCCESS,C1026
5387,326,U107,1.0,LOG,AUTH_SUCCESS,C138
5388,326,U154,1.0,LOG,AUTH_SUCCESS,C208
5389,326,U154,1.0,LOG,AUTH_SUCCESS,C148
5390,326,U60,1.0,LOG,AUTH_SUCCESS,C173
5391,326,U12,1.0,LOG,AUTH_SUCCESS,C213
5392,326,U12,1.0,LOG,AUTH_SUCCESS,C957
5393,326,U184,1.0,LOG,AUTH_SUCCESS,C154
5394,326,U179,1.0,LOG,AUTH_SUCCESS,C175
5395,326,U128,1.0,LOG,AUTH_SUCCESS,C167
5396,326,U128,1.0,LOG,AUTH_SUCCESS,C176
5397,327,U878,1.0,LOG,AUTH_SUCCESS,C1028
5398,327,U160,1.0,LOG,AUTH_SUCCESS,C216
5399,327,U281,1.0,LOG,AUTH_SUCCESS,C375
5400,327,U877,1.0,LOG,AUTH_SUCCESS,C1027
5401,327,U879,1.0,LOG,AUTH_SUCCESS,C1029
5402,327,U876,1.0,LOG,AUTH_SUCCESS,C1026
5403,327,U348,1.0,LOG,AUTH_SUCCESS,C464
5404,327,U245,1.0,LOG,AUTH_SUCCESS,C331
5405,327,U245,1.0,LOG,AUTH_SUCCESS,C150
5406,327,U12,1.0,LOG,AUTH_SUCCESS,C943
5407,327,U12,1.0,LOG,AUTH_SUCCESS,C13
5408,327,U12,1.0,LOG,AUTH_SUCCESS,C801
5409,327,U204,1.0,LOG,AUTH_SUCCESS,C154
5410,327,U128,1.0,LOG,AUTH_SUCCESS,C167
5411,327,U128,1.0,LOG,AUTH_SUCCESS,C176
5412,328,U878,1.0,LOG,AUTH_SUCCESS,C1028
5413,328,U275,1.0,LOG,AUTH_SUCCESS,C367
5414,328,U275,1.0,LOG,AUTH_SUCCESS,C368
5415,328,U880,1.0,LOG,AUTH_SUCCESS,C1030
5416,328,U34,1.0,LOG,AUTH_SUCCESS,C36
5417,328,U879,1.0,LOG,AUTH_SUCCESS,C1029
5418,328,U153,1.0,LOG,AUTH_SUCCESS,C207
5419,328,U153,1.0,LOG,AUTH_SUCCESS,C148
5420,328,U881,1.0,LOG,AUTH_SUCCESS,C1031
5421,328,U348,1.0,LOG,AUTH_SUCCESS,C464
5422,328,U127,1.0,LOG,AUTH_SUCCESS,C155
5423,328,U95,1.0,LOG,AUTH_SUCCESS,C154
5424,328,U179,1.0,LOG,AUTH_SUCCESS,C175
5425,329,U281,1.0,LOG,AUTH_SUCCESS,C234
5426,329,U281,1.0,LOG,AUTH_SUCCESS,C375
5427,329,U283,1.0,LOG,AUTH_SUCCESS,C377
5428,329,U283,1.0,LOG,AUTH_SUCCESS,C378
5429,329,U880,1.0,LOG,AUTH_SUCCESS,C1030
5430,329,U34,1.0,LOG,AUTH_SUCCESS,C36
5431,329,U163,1.0,LOG,AUTH_SUCCESS,C219
5432,329,U163,1.0,LOG,AUTH_SUCCESS,C220
5433,329,U245,1.0,LOG,AUTH_SUCCESS,C331
5434,329,U245,1.0,LOG,AUTH_SUCCESS,C150
5435,329,U116,1.0,LOG,AUTH_SUCCESS,C155
5436,329,U13,1.0,LOG,AUTH_SUCCESS,C309
5437,329,U13,1.0,LOG,AUTH_SUCCESS,C282
5438,329,U60,1.0,LOG,AUTH_SUCCESS,C65
5439,329,U12,1.0,LOG,AUTH_SUCCESS,C451
5440,329,U12,1.0,LOG,AUTH_SUCCESS,C13
5441,329,U12,1.0,LOG,AUTH_SUCCESS,C801
5442,330,U40,1.0,LOG,AUTH_SUCCESS,C43
5443,330,U37,1.0,LOG,AUTH_SUCCESS,C39
5444,330,U34,1.0,LOG,AUTH_SUCCESS,C36
5445,330,U882,1.0,LOG,AUTH_SUCCESS,C146
5446,330,U39,1.0,LOG,AUTH_SUCCESS,C41
5447,330,U290,1.0,LOG,AUTH_SUCCESS,C386
5448,330,U13,1.0,LOG,AUTH_SUCCESS,C309
5449,330,U13,1.0,LOG,AUTH_SUCCESS,C282
5450,330,U13,1.0,LOG,AUTH_SUCCESS,C32
5451,330,U13,1.0,LOG,AUTH_SUCCESS,C42
5452,330,U159,1.0,LOG,AUTH_SUCCESS,C160
5453,330,U179,1.0,LOG,AUTH_SUCCESS,C175
5454,331,U883,1.0,LOG,AUTH_SUCCESS,C1032
5455,331,U170,1.0,LOG,AUTH_SUCCESS,C229
5456,331,U884,1.0,LOG,AUTH_SUCCESS,C1033
5457,331,U40,1.0,LOG,AUTH_SUCCESS,C43
5458,331,U37,1.0,LOG,AUTH_SUCCESS,C39
5459,331,U34,1.0,LOG,AUTH_SUCCESS,C36
5460,331,U885,1.0,LOG,AUTH_SUCCESS,C1034
5461,331,U882,1.0,LOG,AUTH_SUCCESS,C146
5462,331,U886,1.0,LOG,AUTH_SUCCESS,C1035
5463,331,U39,1.0,LOG,AUTH_SUCCESS,C41
5464,331,U58,1.0,LOG,AUTH_SUCCESS,C63
5465,331,U290,1.0,LOG,AUTH_SUCCESS,C386
5466,331,U13,1.0,LOG,AUTH_SUCCESS,C32
5467,331,U13,1.0,LOG,AUTH_SUCCESS,C42
5468,331,U60,1.0,LOG,AUTH_SUCCESS,C173
5469,331,U12,1.0,LOG,AUTH_SUCCESS,C632
5470,332,U883,1.0,LOG,AUTH_SUCCESS,C1032
5471,332,U130,1.0,LOG,AUTH_SUCCESS,C179
5472,332,U130,1.0,LOG,AUTH_SUCCESS,C239
5473,332,U887,1.0,LOG,AUTH_SUCCESS,C1036
5474,332,U884,1.0,LOG,AUTH_SUCCESS,C1033
5475,332,U177,1.0,LOG,AUTH_SUCCESS,C242
5476,332,U177,1.0,LOG,AUTH_SUCCESS,C148
5477,332,U120,1.0,LOG,AUTH_SUCCESS,C164
5478,332,U120,1.0,LOG,AUTH_SUCCESS,C239
5479,332,U885,1.0,LOG,AUTH_SUCCESS,C1034
5480,332,U888,1.0,LOG,AUTH_SUCCESS,C1037
5481,332,U886,1.0,LOG,AUTH_SUCCESS,C1035
5482,332,U167,1.0,LOG,AUTH_SUCCESS,C225
5483,332,U167,1.0,LOG,AUTH_SUCCESS,C226
5484,332,U202,1.0,LOG,AUTH_SUCCESS,C239
5485,332,U202,1.0,LOG,AUTH_SUCCESS,C275
5486,332,U153,1.0,LOG,AUTH_SUCCESS,C207
5487,332,U153,1.0,LOG,AUTH_SUCCESS,C239
5488,332,U13,1.0,LOG,AUTH_SUCCESS,C42
5489,332,U12,1.0,LOG,AUTH_SUCCESS,C401
5490,332,U105,1.0,LOG,AUTH_SUCCESS,C160
5491,332,U156,1.0,LOG,AUTH_SUCCESS,C161
5492,332,U179,1.0,LOG,AUTH_SUCCESS,C175
5493,333,U864,1.0,LOG,AUTH_SUCCESS,C134
5494,333,U864,1.0,LOG,AUTH_SUCCESS,C1012
5495,333,U887,1.0,LOG,AUTH_SUCCESS,C1036
5496,333,U884,1.0,LOG,AUTH_SUCCESS,C1033
5497,333,U300,1.0,LOG,AUTH_SUCCESS,C397
5498,333,U236,1.0,LOG,AUTH_SUCCESS,C134
5499,333,U236,1.0,LOG,AUTH_SUCCESS,C321
5500,333,U304,1.0,LOG,AUTH_SUCCESS,C402
5501,333,U885,1.0,LOG,AUTH_SUCCESS,C134
5502,333,U885,1.0,LOG,AUTH_SUCCESS,C1034
5503,333,U888,1.0,LOG,AUTH_SUCCESS,C1037
5504,333,U886,1.0,LOG,AUTH_SUCCESS,C1035
5505,333,U151,1.0,LOG,AUTH_SUCCESS,C202
5506,333,U182,1.0,LOG,AUTH_SUCCESS,C248
5507,333,U182,1.0,LOG,AUTH_SUCCESS,C249
5508,333,U13,1.0,LOG,AUTH_SUCCESS,C172
5509,333,U12,1.0,LOG,AUTH_SUCCESS,C814
5510,333,U46,1.0,LOG,AUTH_SUCCESS,C49
5511,333,U169,1.0,LOG,AUTH_SUCCESS,C238
5512,334,U47,1.0,LOG,AUTH_SUCCESS,C50
5513,334,U889,1.0,LOG,AUTH_SUCCESS,C144
5514,334,U889,1.0,LOG,AUTH_SUCCESS,C301
5515,334,U304,1.0,LOG,AUTH_SUCCESS,C402
5516,334,U890,1.0,LOG,AUTH_SUCCESS,C1038
5517,334,U291,1.0,LOG,AUTH_SUCCESS,C238
5518,334,U885,1.0,LOG,AUTH_SUCCESS,C134
5519,334,U885,1.0,LOG,AUTH_SUCCESS,C720
5520,334,U885,1.0,LOG,AUTH_SUCCESS,C151
5521,334,U885,1.0,LOG,AUTH_SUCCESS,C135
5522,334,U885,1.0,LOG,AUTH_SUCCESS,C1034
5523,334,U891,1.0,LOG,AUTH_SUCCESS,C1039
5524,334,U182,1.0,LOG,AUTH_SUCCESS,C248
5525,334,U182,1.0,LOG,AUTH_SUCCESS,C249
5526,334,U77,1.0,LOG,AUTH_SUCCESS,C78
5527,334,U183,1.0,LOG,AUTH_SUCCESS,C250
5528,334,U13,1.0,LOG,AUTH_SUCCESS,C172
5529,334,U13,1.0,LOG,AUTH_SUCCESS,C209
5530,334,U156,1.0,LOG,AUTH_SUCCESS,C161
5531,335,U268,1.0,LOG,AUTH_SUCCESS,C358
5532,335,U47,1.0,LOG,AUTH_SUCCESS,C50
5533,335,U310,1.0,LOG,AUTH_SUCCESS,C412
5534,335,U311,1.0,LOG,AUTH_SUCCESS,C413
5535,335,U311,1.0,LOG,AUTH_SUCCESS,C414
5536,335,U193,1.0,LOG,AUTH_SUCCESS,C260
5537,335,U892,1.0,LOG,AUTH_SUCCESS,C150
5538,335,U892,1.0,LOG,AUTH_SUCCESS,C1040
5539,335,U124,1.0,LOG,AUTH_SUCCESS,C192
5540,335,U125,1.0,LOG,AUTH_SUCCESS,C928
5541,335,U12,1.0,LOG,AUTH_SUCCESS,C342
5542,335,U12,1.0,LOG,AUTH_SUCCESS,C53
5543,335,U12,1.0,LOG,AUTH_SUCCESS,C451
5544,335,U12,1.0,LOG,AUTH_SUCCESS,C13
5545,335,U12,1.0,LOG,AUTH_SUCCESS,C54
5546,335,U95,1.0,LOG,AUTH_SUCCESS,C154
5547,336,U268,1.0,LOG,AUTH_SUCCESS,C150
5548,336,U268,1.0,LOG,AUTH_SUCCESS,C358
5549,336,U186,1.0,LOG,AUTH_SUCCESS,C254
5550,336,U186,1.0,LOG,AUTH_SUCCESS,C148
5551,336,U890,1.0,LOG,AUTH_SUCCESS,C1038
5552,336,U51,1.0,LOG,AUTH_SUCCESS,C56
5553,336,U124,1.0,LOG,AUTH_SUCCESS,C192
5554,336,U124,1.0,LOG,AUTH_SUCCESS,C168
5555,336,U125,1.0,LOG,AUTH_SUCCESS,C928
5556,336,U194,1.0,LOG,AUTH_SUCCESS,C268
5557,336,U194,1.0,LOG,AUTH_SUCCESS,C262
5558,336,U194,1.0,LOG,AUTH_SUCCESS,C263
5559,336,U188,1.0,LOG,AUTH_SUCCESS,C148
5560,336,U188,1.0,LOG,AUTH_SUCCESS,C256
5561,336,U60,1.0,LOG,AUTH_SUCCESS,C173
5562,336,U95,1.0,LOG,AUTH_SUCCESS,C154
5563,337,U782,1.0,LOG,AUTH_SUCCESS,C925
5564,337,U782,1.0,LOG,AUTH_SUCCESS,C200
5565,337,U280,1.0,LOG,AUTH_SUCCESS,C374
5566,337,U280,1.0,LOG,AUTH_SUCCESS,C151
5567,337,U52,1.0,LOG,AUTH_SUCCESS,C57
5568,337,U878,1.0,LOG,AUTH_SUCCESS,C1028
5569,337,U878,1.0,LOG,AUTH_SUCCESS,C151
5570,337,U199,1.0,LOG,AUTH_SUCCESS,C272
5571,337,U199,1.0,LOG,AUTH_SUCCESS,C151
5572,337,U893,1.0,LOG,AUTH_SUCCESS,C1041
5573,337,U893,1.0,LOG,AUTH_SUCCESS,C151
5574,337,U18,1.0,LOG,AUTH_SUCCESS,C200
5575,337,U18,1.0,LOG,AUTH_SUCCESS,C19
5576,337,U894,1.0,LOG,AUTH_SUCCESS,C1042
5577,337,U53,1.0,LOG,AUTH_SUCCESS,C58
5578,337,U885,1.0,LOG,AUTH_SUCCESS,C151
5579,337,U885,1.0,LOG,AUTH_SUCCESS,C1034
5580,337,U51,1.0,LOG,AUTH_SUCCESS,C56
5581,337,U307,1.0,LOG,AUTH_SUCCESS,C408
5582,337,U307,1.0,LOG,AUTH_SUCCESS,C409
5583,337,U784,1.0,LOG,AUTH_SUCCESS,C926
5584,337,U784,1.0,LOG,AUTH_SUCCESS,C151
5585,337,U311,1.0,LOG,AUTH_SUCCESS,C413
5586,337,U39,1.0,LOG,AUTH_SUCCESS,C41
5587,337,U39,1.0,LOG,AUTH_SUCCESS,C151
5588,337,U226,1.0,LOG,AUTH_SUCCESS,C151
5589,337,U226,1.0,LOG,AUTH_SUCCESS,C306
5590,337,U895,1.0,LOG,AUTH_SUCCESS,C1043
5591,337,U261,1.0,LOG,AUTH_SUCCESS,C200
5592,337,U261,1.0,LOG,AUTH_SUCCESS,C352
5593,337,U125,1.0,LOG,AUTH_SUCCESS,C928
5594,337,U194,1.0,LOG,AUTH_SUCCESS,C262
5595,337,U194,1.0,LOG,AUTH_SUCCESS,C263
5596,337,U197,1.0,LOG,AUTH_SUCCESS,C269
5597,337,U197,1.0,LOG,AUTH_SUCCESS,C280
5598,337,U77,1.0,LOG,AUTH_SUCCESS,C234
5599,337,U77,1.0,LOG,AUTH_SUCCESS,C78
5600,337,U188,1.0,LOG,AUTH_SUCCESS,C239
5601,337,U188,1.0,LOG,AUTH_SUCCESS,C256
5602,337,U55,1.0,LOG,AUTH_SUCCESS,C60
5603,337,U48,1.0,LOG,AUTH_SUCCESS,C51
5604,337,U95,1.0,LOG,AUTH_SUCCESS,C154
5605,337,U105,1.0,LOG,AUTH_SUCCESS,C160
5606,338,U52,1.0,LOG,AUTH_SUCCESS,C57
5607,338,U53,1.0,LOG,AUTH_SUCCESS,C58
5608,338,U896,1.0,LOG,AUTH_SUCCESS,C1044
5609,338,U897,1.0,LOG,AUTH_SUCCESS,C1045
5610,338,U202,1.0,LOG,AUTH_SUCCESS,C148
5611,338,U202,1.0,LOG,AUTH_SUCCESS,C275
5612,338,U125,1.0,LOG,AUTH_SUCCESS,C928
5613,338,U197,1.0,LOG,AUTH_SUCCESS,C269
5614,338,U55,1.0,LOG,AUTH_SUCCESS,C60
5615,338,U95,1.0,LOG,AUTH_SUCCESS,C154
5616,338,U159,1.0,LOG,AUTH_SUCCESS,C160
5617,338,U156,1.0,LOG,AUTH_SUCCESS,C161
5618,339,U898,1.0,LOG,AUTH_SUCCESS,C1046
5619,339,U899,1.0,LOG,AUTH_SUCCESS,C1047
5620,339,U896,1.0,LOG,AUTH_SUCCESS,C1044
5621,339,U897,1.0,LOG,AUTH_SUCCESS,C1045
5622,339,U900,1.0,LOG,AUTH_SUCCESS,C1048
5623,339,U901,1.0,LOG,AUTH_SUCCESS,C1049
5624,339,U216,1.0,LOG,AUTH_SUCCESS,C219
5625,339,U216,1.0,LOG,AUTH_SUCCESS,C291
5626,339,U12,1.0,LOG,AUTH_SUCCESS,C53
5627,339,U12,1.0,LOG,AUTH_SUCCESS,C451
5628,339,U12,1.0,LOG,AUTH_SUCCESS,C13
5629,339,U12,1.0,LOG,AUTH_SUCCESS,C54
5630,339,U159,1.0,LOG,AUTH_SUCCESS,C160
5631,339,U128,1.0,LOG,AUTH_SUCCESS,C167
5632,339,U128,1.0,LOG,AUTH_SUCCESS,C176
5633,340,U211,1.0,LOG,AUTH_SUCCESS,C248
5634,340,U211,1.0,LOG,AUTH_SUCCESS,C286
5635,340,U26,1.0,LOG,AUTH_SUCCESS,C27
5636,340,U231,1.0,LOG,AUTH_SUCCESS,C316
5637,340,U231,1.0,LOG,AUTH_SUCCESS,C317
5638,340,U897,1.0,LOG,AUTH_SUCCESS,C1045
5639,340,U900,1.0,LOG,AUTH_SUCCESS,C1048
5640,340,U589,1.0,LOG,AUTH_SUCCESS,C145
5641,340,U60,1.0,LOG,AUTH_SUCCESS,C65
5642,340,U95,1.0,LOG,AUTH_SUCCESS,C154
5643,340,U156,1.0,LOG,AUTH_SUCCESS,C161
5644,341,U898,1.0,LOG,AUTH_SUCCESS,C1046
5645,341,U62,1.0,LOG,AUTH_SUCCESS,C67
5646,341,U26,1.0,LOG,AUTH_SUCCESS,C150
5647,341,U26,1.0,LOG,AUTH_SUCCESS,C27
5648,341,U212,1.0,LOG,AUTH_SUCCESS,C295
5649,341,U212,1.0,LOG,AUTH_SUCCESS,C280
5650,341,U212,1.0,LOG,AUTH_SUCCESS,C287
5651,341,U311,1.0,LOG,AUTH_SUCCESS,C300
5652,341,U311,1.0,LOG,AUTH_SUCCESS,C413
5653,341,U218,1.0,LOG,AUTH_SUCCESS,C219
5654,341,U218,1.0,LOG,AUTH_SUCCESS,C296
5655,341,U902,1.0,LOG,AUTH_SUCCESS,C1050
5656,341,U903,1.0,LOG,AUTH_SUCCESS,C1051
5657,341,U859,1.0,LOG,AUTH_SUCCESS,C150
5658,341,U859,1.0,LOG,AUTH_SUCCESS,C1007
5659,341,U12,1.0,LOG,AUTH_SUCCESS,C1052
5660,341,U12,1.0,LOG,AUTH_SUCCESS,C1053
5661,341,U12,1.0,LOG,AUTH_SUCCESS,C313
5662,341,U12,1.0,LOG,AUTH_SUCCESS,C13
5663,341,U159,1.0,LOG,AUTH_SUCCESS,C160
5664,342,U62,1.0,LOG,AUTH_SUCCESS,C67
5665,342,U419,1.0,LOG,AUTH_SUCCESS,C543
5666,342,U419,1.0,LOG,AUTH_SUCCESS,C151
5667,342,U419,1.0,LOG,AUTH_SUCCESS,C200
5668,342,U904,1.0,LOG,AUTH_SUCCESS,C1054
5669,342,U225,1.0,LOG,AUTH_SUCCESS,C304
5670,342,U225,1.0,LOG,AUTH_SUCCESS,C305
5671,342,U901,1.0,LOG,AUTH_SUCCESS,C1049
5672,342,U901,1.0,LOG,AUTH_SUCCESS,C151
5673,342,U214,1.0,LOG,AUTH_SUCCESS,C289
5674,342,U214,1.0,LOG,AUTH_SUCCESS,C148
5675,342,U227,1.0,LOG,AUTH_SUCCESS,C308
5676,342,U227,1.0,LOG,AUTH_SUCCESS,C148
5677,342,U902,1.0,LOG,AUTH_SUCCESS,C150
5678,342,U902,1.0,LOG,AUTH_SUCCESS,C1050
5679,342,U903,1.0,LOG,AUTH_SUCCESS,C1051
5680,342,U9,1.0,LOG,AUTH_SUCCESS,C10
5681,343,U61,1.0,LOG,AUTH_SUCCESS,C66
5682,343,U26,1.0,LOG,AUTH_SUCCESS,C150
5683,343,U26,1.0,LOG,AUTH_SUCCESS,C27
5684,343,U30,1.0,LOG,AUTH_SUCCESS,C31
5685,343,U307,1.0,LOG,AUTH_SUCCESS,C437
5686,343,U307,1.0,LOG,AUTH_SUCCESS,C408
5687,343,U9,1.0,LOG,AUTH_SUCCESS,C10
5688,343,U12,1.0,LOG,AUTH_SUCCESS,C685
5689,343,U12,1.0,LOG,AUTH_SUCCESS,C1053
5690,343,U12,1.0,LOG,AUTH_SUCCESS,C13
5691,343,U184,1.0,LOG,AUTH_SUCCESS,C154
5692,343,U159,1.0,LOG,AUTH_SUCCESS,C160
5693,343,U128,1.0,LOG,AUTH_SUCCESS,C167
5694,343,U128,1.0,LOG,AUTH_SUCCESS,C176
5695,344,U61,1.0,LOG,AUTH_SUCCESS,C66
5696,344,U905,1.0,LOG,AUTH_SUCCESS,C1055
5697,344,U16,1.0,LOG,AUTH_SUCCESS,C148
5698,344,U16,1.0,LOG,AUTH_SUCCESS,C17
5699,344,U30,1.0,LOG,AUTH_SUCCESS,C150
5700,344,U30,1.0,LOG,AUTH_SUCCESS,C31
5701,344,U63,1.0,LOG,AUTH_SUCCESS,C68
5702,344,U906,1.0,LOG,AUTH_SUCCESS,C1056
5703,344,U60,1.0,LOG,AUTH_SUCCESS,C108
5704,344,U12,1.0,LOG,AUTH_SUCCESS,C350
5705,344,U12,1.0,LOG,AUTH_SUCCESS,C364
5706,344,U184,1.0,LOG,AUTH_SUCCESS,C154
5707,344,U156,1.0,LOG,AUTH_SUCCESS,C161
5708,344,U67,1.0,LOG,AUTH_SUCCESS,C49
5709,345,U235,1.0,LOG,AUTH_SUCCESS,C219
5710,345,U235,1.0,LOG,AUTH_SUCCESS,C320
5711,345,U907,1.0,LOG,AUTH_SUCCESS,C1057
5712,345,U231,1.0,LOG,AUTH_SUCCESS,C316
5713,345,U231,1.0,LOG,AUTH_SUCCESS,C459
5714,345,U905,1.0,LOG,AUTH_SUCCESS,C1055
5715,345,U16,1.0,LOG,AUTH_SUCCESS,C17
5716,345,U68,1.0,LOG,AUTH_SUCCESS,C71
5717,345,U906,1.0,LOG,AUTH_SUCCESS,C1056
5718,345,U69,1.0,LOG,AUTH_SUCCESS,C72
5719,345,U14,1.0,LOG,AUTH_SUCCESS,C219
5720,345,U14,1.0,LOG,AUTH_SUCCESS,C15
5721,345,U29,1.0,LOG,AUTH_SUCCESS,C30
5722,345,U71,1.0,LOG,AUTH_SUCCESS,C74
5723,345,U116,1.0,LOG,AUTH_SUCCESS,C155
5724,345,U127,1.0,LOG,AUTH_SUCCESS,C155
5725,345,U12,1.0,LOG,AUTH_SUCCESS,C112
5726,345,U12,1.0,LOG,AUTH_SUCCESS,C943
5727,345,U12,1.0,LOG,AUTH_SUCCESS,C819
5728,345,U12,1.0,LOG,AUTH_SUCCESS,C13
5729,345,U12,1.0,LOG,AUTH_SUCCESS,C54
5730,345,U184,1.0,LOG,AUTH_SUCCESS,C154
5731,345,U66,1.0,LOG,AUTH_SUCCESS,C1
5732,345,U67,1.0,LOG,AUTH_SUCCESS,C154
5733,345,U67,1.0,LOG,AUTH_SUCCESS,C49
5734,346,U908,1.0,LOG,AUTH_SUCCESS,C1058
5735,346,U905,1.0,LOG,AUTH_SUCCESS,C1055
5736,346,U16,1.0,LOG,AUTH_SUCCESS,C148
5737,346,U16,1.0,LOG,AUTH_SUCCESS,C17
5738,346,U68,1.0,LOG,AUTH_SUCCESS,C71
5739,346,U4,1.0,LOG,AUTH_SUCCESS,C5
5740,346,U69,1.0,LOG,AUTH_SUCCESS,C72
5741,346,U70,1.0,LOG,AUTH_SUCCESS,C73
5742,346,U29,1.0,LOG,AUTH_SUCCESS,C300
5743,346,U29,1.0,LOG,AUTH_SUCCESS,C30
5744,346,U77,1.0,LOG,AUTH_SUCCESS,C78
5745,346,U71,1.0,LOG,AUTH_SUCCESS,C74
5746,346,U60,1.0,LOG,AUTH_SUCCESS,C173
5747,346,U12,1.0,LOG,AUTH_SUCCESS,C54
5748,346,U95,1.0,LOG,AUTH_SUCCESS,C154
5749,346,U184,1.0,LOG,AUTH_SUCCESS,C154
5750,346,U179,1.0,LOG,AUTH_SUCCESS,C175
5751,346,U66,1.0,LOG,AUTH_SUCCESS,C1
5752,347,U72,1.0,LOG,AUTH_SUCCESS,C75
5753,347,U57,1.0,LOG,AUTH_SUCCESS,C62
5754,347,U73,1.0,LOG,AUTH_SUCCESS,C76
5755,347,U74,1.0,LOG,AUTH_SUCCESS,C75
5756,347,U75,1.0,LOG,AUTH_SUCCESS,C77
5757,347,U16,1.0,LOG,AUTH_SUCCESS,C17
5758,347,U76,1.0,LOG,AUTH_SUCCESS,C75
5759,347,U53,1.0,LOG,AUTH_SUCCESS,C58
5760,347,U63,1.0,LOG,AUTH_SUCCESS,C234
5761,347,U63,1.0,LOG,AUTH_SUCCESS,C68
5762,347,U82,1.0,LOG,AUTH_SUCCESS,C84
5763,347,U4,1.0,LOG,AUTH_SUCCESS,C5
5764,347,U29,1.0,LOG,AUTH_SUCCESS,C30
5765,347,U244,1.0,LOG,AUTH_SUCCESS,C219
5766,347,U244,1.0,LOG,AUTH_SUCCESS,C330
5767,347,U127,1.0,LOG,AUTH_SUCCESS,C155
5768,347,U12,1.0,LOG,AUTH_SUCCESS,C886
5769,347,U12,1.0,LOG,AUTH_SUCCESS,C94
5770,347,U12,1.0,LOG,AUTH_SUCCESS,C13
5771,347,U12,1.0,LOG,AUTH_SUCCESS,C809
5772,347,U204,1.0,LOG,AUTH_SUCCESS,C154
5773,347,U105,1.0,LOG,AUTH_SUCCESS,C160
5774,347,U66,1.0,LOG,AUTH_SUCCESS,C1
5775,347,U66,1.0,LOG,AUTH_SUCCESS,C117
5776,348,U72,1.0,LOG,AUTH_SUCCESS,C75
5777,348,U57,1.0,LOG,AUTH_SUCCESS,C62
5778,348,U73,1.0,LOG,AUTH_SUCCESS,C76
5779,348,U74,1.0,LOG,AUTH_SUCCESS,C75
5780,348,U75,1.0,LOG,AUTH_SUCCESS,C77
5781,348,U76,1.0,LOG,AUTH_SUCCESS,C75
5782,348,U53,1.0,LOG,AUTH_SUCCESS,C58
5783,348,U63,1.0,LOG,AUTH_SUCCESS,C68
5784,348,U4,1.0,LOG,AUTH_SUCCESS,C150
5785,348,U4,1.0,LOG,AUTH_SUCCESS,C5
5786,348,U69,1.0,LOG,AUTH_SUCCESS,C72
5787,348,U91,1.0,LOG,AUTH_SUCCESS,C100
5788,348,U909,1.0,LOG,AUTH_SUCCESS,C1059
5789,348,U903,1.0,LOG,AUTH_SUCCESS,C134
5790,348,U903,1.0,LOG,AUTH_SUCCESS,C1051
5791,348,U93,1.0,LOG,AUTH_SUCCESS,C53
5792,348,U93,1.0,LOG,AUTH_SUCCESS,C107
5793,348,U85,1.0,LOG,AUTH_SUCCESS,C209
5794,348,U12,1.0,LOG,AUTH_SUCCESS,C886
5795,348,U204,1.0,LOG,AUTH_SUCCESS,C101
5796,348,U97,1.0,LOG,AUTH_SUCCESS,C116
5797,348,U179,1.0,LOG,AUTH_SUCCESS,C175
5798,348,U128,1.0,LOG,AUTH_SUCCESS,C167
5799,348,U128,1.0,LOG,AUTH_SUCCESS,C176
5800,348,U112,1.0,LOG,AUTH_SUCCESS,C177
5801,348,U112,1.0,LOG,AUTH_SUCCESS,C301
5802,348,U112,1.0,LOG,AUTH_SUCCESS,C310
5803,348,U112,1.0,LOG,AUTH_SUCCESS,C1060
5804,348,U112,1.0,LOG,AUTH_SUCCESS,C105
5805,348,U66,1.0,LOG,AUTH_SUCCESS,C1
5806,348,U910,1.0,LOG,AUTH_SUCCESS,C209
5807,348,U911,1.0,LOG,AUTH_SUCCESS,C200
5808,349,U72,1.0,LOG,AUTH_SUCCESS,C75
5809,349,U74,1.0,LOG,AUTH_SUCCESS,C75
5810,349,U76,1.0,LOG,AUTH_SUCCESS,C75
5811,349,U457,1.0,LOG,AUTH_SUCCESS,C585
5812,349,U457,1.0,LOG,AUTH_SUCCESS,C394
5813,349,U135,1.0,LOG,AUTH_SUCCESS,C184
5814,349,U909,1.0,LOG,AUTH_SUCCESS,C1059
5815,349,U29,1.0,LOG,AUTH_SUCCESS,C30
5816,349,U77,1.0,LOG,AUTH_SUCCESS,C234
5817,349,U77,1.0,LOG,AUTH_SUCCESS,C78
5818,349,U101,1.0,LOG,AUTH_SUCCESS,C123
5819,349,U93,1.0,LOG,AUTH_SUCCESS,C53
5820,349,U93,1.0,LOG,AUTH_SUCCESS,C107
5821,349,U60,1.0,LOG,AUTH_SUCCESS,C108
5822,349,U12,1.0,LOG,AUTH_SUCCESS,C13
5823,349,U95,1.0,LOG,AUTH_SUCCESS,C154
5824,349,U105,1.0,LOG,AUTH_SUCCESS,C160
5825,349,U97,1.0,LOG,AUTH_SUCCESS,C116
5826,349,U112,1.0,LOG,AUTH_SUCCESS,C177
5827,349,U112,1.0,LOG,AUTH_SUCCESS,C301
5828,349,U112,1.0,LOG,AUTH_SUCCESS,C82
5829,349,U112,1.0,LOG,AUTH_SUCCESS,C310
5830,349,U112,1.0,LOG,AUTH_SUCCESS,C1060
5831,349,U112,1.0,LOG,AUTH_SUCCESS,C105
5832,349,U66,1.0,LOG,AUTH_SUCCESS,C1
5833,349,U911,1.0,LOG,AUTH_SUCCESS,C200
5834,350,U106,1.0,LOG,AUTH_SUCCESS,C136
5835,350,U561,1.0,LOG,AUTH_SUCCESS,C695
5836,350,U912,1.0,LOG,AUTH_SUCCESS,C1061
5837,350,U913,1.0,LOG,AUTH_SUCCESS,C1062
5838,350,U904,1.0,LOG,AUTH_SUCCESS,C1054
5839,350,U70,1.0,LOG,AUTH_SUCCESS,C122
5840,350,U108,1.0,LOG,AUTH_SUCCESS,C139
5841,350,U101,1.0,LOG,AUTH_SUCCESS,C123
5842,350,U788,1.0,LOG,AUTH_SUCCESS,C108
5843,350,U60,1.0,LOG,AUTH_SUCCESS,C108
5844,350,U12,1.0,LOG,AUTH_SUCCESS,C364
5845,350,U12,1.0,LOG,AUTH_SUCCESS,C159
5846,350,U105,1.0,LOG,AUTH_SUCCESS,C160
5847,350,U159,1.0,LOG,AUTH_SUCCESS,C160
5848,350,U156,1.0,LOG,AUTH_SUCCESS,C161
5849,350,U179,1.0,LOG,AUTH_SUCCESS,C175
5850,351,U914,1.0,LOG,AUTH_SUCCESS,C83
5851,351,U63,1.0,LOG,AUTH_SUCCESS,C234
5852,351,U63,1.0,LOG,AUTH_SUCCESS,C68
5853,351,U912,1.0,LOG,AUTH_SUCCESS,C1061
5854,351,U904,1.0,LOG,AUTH_SUCCESS,C1054
5855,351,U909,1.0,LOG,AUTH_SUCCESS,C850
5856,351,U909,1.0,LOG,AUTH_SUCCESS,C1059
5857,351,U29,1.0,LOG,AUTH_SUCCESS,C300
5858,351,U29,1.0,LOG,AUTH_SUCCESS,C30
5859,351,U108,1.0,LOG,AUTH_SUCCESS,C139
5860,351,U60,1.0,LOG,AUTH_SUCCESS,C108
5861,351,U60,1.0,LOG,AUTH_SUCCESS,C173
5862,351,U12,1.0,LOG,AUTH_SUCCESS,C685
5863,351,U12,1.0,LOG,AUTH_SUCCESS,C158
5864,351,U12,1.0,LOG,AUTH_SUCCESS,C94
5865,351,U12,1.0,LOG,AUTH_SUCCESS,C13
5866,351,U12,1.0,LOG,AUTH_SUCCESS,C428
5867,351,U112,1.0,LOG,AUTH_SUCCESS,C310
5868,352,U113,1.0,LOG,AUTH_SUCCESS,C147
5869,352,U113,1.0,LOG,AUTH_SUCCESS,C148
5870,352,U915,1.0,LOG,AUTH_SUCCESS,C1063
5871,352,U916,1.0,LOG,AUTH_SUCCESS,C1064
5872,352,U917,1.0,LOG,AUTH_SUCCESS,C1065
5873,352,U110,1.0,LOG,AUTH_SUCCESS,C142
5874,352,U252,1.0,LOG,AUTH_SUCCESS,C339
5875,352,U252,1.0,LOG,AUTH_SUCCESS,C225
5876,352,U918,1.0,LOG,AUTH_SUCCESS,C1066
5877,352,U757,1.0,LOG,AUTH_SUCCESS,C200
5878,352,U757,1.0,LOG,AUTH_SUCCESS,C900
5879,352,U120,1.0,LOG,AUTH_SUCCESS,C164
5880,352,U120,1.0,LOG,AUTH_SUCCESS,C148
5881,352,U912,1.0,LOG,AUTH_SUCCESS,C1061
5882,352,U904,1.0,LOG,AUTH_SUCCESS,C1054
5883,352,U919,1.0,LOG,AUTH_SUCCESS,C1067
5884,352,U6,1.0,LOG,AUTH_SUCCESS,C7
5885,352,U6,1.0,LOG,AUTH_SUCCESS,C148
5886,352,U114,1.0,LOG,AUTH_SUCCESS,C149
5887,352,U114,1.0,LOG,AUTH_SUCCESS,C148
5888,352,U909,1.0,LOG,AUTH_SUCCESS,C850
5889,352,U909,1.0,LOG,AUTH_SUCCESS,C148
5890,352,U909,1.0,LOG,AUTH_SUCCESS,C1059
5891,352,U115,1.0,LOG,AUTH_SUCCESS,C148
5892,352,U115,1.0,LOG,AUTH_SUCCESS,C152
5893,352,U238,1.0,LOG,AUTH_SUCCESS,C484
5894,352,U105,1.0,LOG,AUTH_SUCCESS,C160
5895,352,U179,1.0,LOG,AUTH_SUCCESS,C175
5896,352,U118,1.0,LOG,AUTH_SUCCESS,C162
5897,352,U112,1.0,LOG,AUTH_SUCCESS,C476
5898,352,U112,1.0,LOG,AUTH_SUCCESS,C145
5899,352,U112,1.0,LOG,AUTH_SUCCESS,C88
5900,352,U911,1.0,LOG,AUTH_SUCCESS,C200
5901,353,U915,1.0,LOG,AUTH_SUCCESS,C1063
5902,353,U920,1.0,LOG,AUTH_SUCCESS,C1068
5903,353,U917,1.0,LOG,AUTH_SUCCESS,C1065
5904,353,U110,1.0,LOG,AUTH_SUCCESS,C142
5905,353,U918,1.0,LOG,AUTH_SUCCESS,C1066
5906,353,U919,1.0,LOG,AUTH_SUCCESS,C1067
5907,353,U6,1.0,LOG,AUTH_SUCCESS,C7
5908,353,U21,1.0,LOG,AUTH_SUCCESS,C22
5909,353,U909,1.0,LOG,AUTH_SUCCESS,C134
5910,353,U909,1.0,LOG,AUTH_SUCCESS,C1059
5911,353,U12,1.0,LOG,AUTH_SUCCESS,C174
5912,353,U128,1.0,LOG,AUTH_SUCCESS,C167
5913,353,U128,1.0,LOG,AUTH_SUCCESS,C176
5914,353,U112,1.0,LOG,AUTH_SUCCESS,C144
5915,353,U112,1.0,LOG,AUTH_SUCCESS,C476
5916,353,U112,1.0,LOG,AUTH_SUCCESS,C301
5917,353,U112,1.0,LOG,AUTH_SUCCESS,C88
5918,353,U112,1.0,LOG,AUTH_SUCCESS,C89
5919,354,U144,1.0,LOG,AUTH_SUCCESS,C195
5920,354,U921,1.0,LOG,AUTH_SUCCESS,C1069
5921,354,U920,1.0,LOG,AUTH_SUCCESS,C1068
5922,354,U917,1.0,LOG,AUTH_SUCCESS,C1065
5923,354,U110,1.0,LOG,AUTH_SUCCESS,C142
5924,354,U918,1.0,LOG,AUTH_SUCCESS,C1066
5925,354,U133,1.0,LOG,AUTH_SUCCESS,C182
5926,354,U922,1.0,LOG,AUTH_SUCCESS,C1070
5927,354,U122,1.0,LOG,AUTH_SUCCESS,C166
5928,354,U919,1.0,LOG,AUTH_SUCCESS,C1067
5929,354,U6,1.0,LOG,AUTH_SUCCESS,C7
5930,354,U6,1.0,LOG,AUTH_SUCCESS,C148
5931,354,U139,1.0,LOG,AUTH_SUCCESS,C189
5932,354,U923,1.0,LOG,AUTH_SUCCESS,C1071
5933,354,U136,1.0,LOG,AUTH_SUCCESS,C185
5934,354,U909,1.0,LOG,AUTH_SUCCESS,C134
5935,354,U909,1.0,LOG,AUTH_SUCCESS,C1059
5936,354,U112,1.0,LOG,AUTH_SUCCESS,C301
5937,355,U921,1.0,LOG,AUTH_SUCCESS,C1069
5938,355,U920,1.0,LOG,AUTH_SUCCESS,C1068
5939,355,U133,1.0,LOG,AUTH_SUCCESS,C182
5940,355,U122,1.0,LOG,AUTH_SUCCESS,C166
5941,355,U6,1.0,LOG,AUTH_SUCCESS,C7
5942,355,U139,1.0,LOG,AUTH_SUCCESS,C189
5943,355,U140,1.0,LOG,AUTH_SUCCESS,C190
5944,355,U124,1.0,LOG,AUTH_SUCCESS,C192
5945,355,U238,1.0,LOG,AUTH_SUCCESS,C485
5946,355,U95,1.0,LOG,AUTH_SUCCESS,C154
5947,356,U144,1.0,LOG,AUTH_SUCCESS,C195
5948,356,U924,1.0,LOG,AUTH_SUCCESS,C1072
5949,356,U145,1.0,LOG,AUTH_SUCCESS,C196
5950,356,U130,1.0,LOG,AUTH_SUCCESS,C179
5951,356,U130,1.0,LOG,AUTH_SUCCESS,C148
5952,356,U146,1.0,LOG,AUTH_SUCCESS,C197
5953,356,U917,1.0,LOG,AUTH_SUCCESS,C1065
5954,356,U147,1.0,LOG,AUTH_SUCCESS,C198
5955,356,U132,1.0,LOG,AUTH_SUCCESS,C181
5956,356,U132,1.0,LOG,AUTH_SUCCESS,C148
5957,356,U139,1.0,LOG,AUTH_SUCCESS,C189
5958,356,U151,1.0,LOG,AUTH_SUCCESS,C202
5959,356,U140,1.0,LOG,AUTH_SUCCESS,C190
5960,356,U124,1.0,LOG,AUTH_SUCCESS,C192
5961,356,U124,1.0,LOG,AUTH_SUCCESS,C168
5962,356,U925,1.0,LOG,AUTH_SUCCESS,C1073
5963,356,U925,1.0,LOG,AUTH_SUCCESS,C414
5964,356,U152,1.0,LOG,AUTH_SUCCESS,C206
5965,356,U154,1.0,LOG,AUTH_SUCCESS,C208
5966,356,U154,1.0,LOG,AUTH_SUCCESS,C148
5967,356,U13,1.0,LOG,AUTH_SUCCESS,C32
5968,356,U60,1.0,LOG,AUTH_SUCCESS,C173
5969,356,U12,1.0,LOG,AUTH_SUCCESS,C210
5970,356,U12,1.0,LOG,AUTH_SUCCESS,C211
5971,356,U12,1.0,LOG,AUTH_SUCCESS,C94
5972,356,U12,1.0,LOG,AUTH_SUCCESS,C582
5973,356,U12,1.0,LOG,AUTH_SUCCESS,C54
5974,356,U12,1.0,LOG,AUTH_SUCCESS,C428
5975,356,U95,1.0,LOG,AUTH_SUCCESS,C154
5976,356,U112,1.0,LOG,AUTH_SUCCESS,C86
5977,357,U158,1.0,LOG,AUTH_SUCCESS,C214
5978,357,U145,1.0,LOG,AUTH_SUCCESS,C196
5979,357,U146,1.0,LOG,AUTH_SUCCESS,C197
5980,357,U147,1.0,LOG,AUTH_SUCCESS,C198
5981,357,U926,1.0,LOG,AUTH_SUCCESS,C1074
5982,357,U133,1.0,LOG,AUTH_SUCCESS,C182
5983,357,U139,1.0,LOG,AUTH_SUCCESS,C189
5984,357,U151,1.0,LOG,AUTH_SUCCESS,C202
5985,357,U58,1.0,LOG,AUTH_SUCCESS,C63
5986,357,U925,1.0,LOG,AUTH_SUCCESS,C1073
5987,357,U925,1.0,LOG,AUTH_SUCCESS,C414
5988,357,U152,1.0,LOG,AUTH_SUCCESS,C206
5989,357,U833,1.0,LOG,AUTH_SUCCESS,C981
5990,357,U95,1.0,LOG,AUTH_SUCCESS,C154
5991,357,U105,1.0,LOG,AUTH_SUCCESS,C160
5992,357,U112,1.0,LOG,AUTH_SUCCESS,C310
5993,357,U112,1.0,LOG,AUTH_SUCCESS,C86
5994,357,U112,1.0,LOG,AUTH_SUCCESS,C87
5995,358,U158,1.0,LOG,AUTH_SUCCESS,C214
5996,358,U927,1.0,LOG,AUTH_SUCCESS,C1075
5997,358,U928,1.0,LOG,AUTH_SUCCESS,C1076
5998,358,U162,1.0,LOG,AUTH_SUCCESS,C218
5999,358,U151,1.0,LOG,AUTH_SUCCESS,C202
6000,358,U929,1.0,LOG,AUTH_SUCCESS,C1077
6001,358,U58,1.0,LOG,AUTH_SUCCESS,C63
6002,358,U58,1.0,LOG,AUTH_SUCCESS,C150
6003,358,U152,1.0,LOG,AUTH_SUCCESS,C206
6004,358,U153,1.0,LOG,AUTH_SUCCESS,C207
6005,358,U153,1.0,LOG,AUTH_SUCCESS,C148
6006,358,U930,1.0,LOG,AUTH_SUCCESS,C1078
6007,358,U77,1.0,LOG,AUTH_SUCCESS,C78
6008,358,U127,1.0,LOG,AUTH_SUCCESS,C155
6009,358,U60,1.0,LOG,AUTH_SUCCESS,C1079
6010,358,U60,1.0,LOG,AUTH_SUCCESS,C153
6011,358,U12,1.0,LOG,AUTH_SUCCESS,C265
6012,358,U159,1.0,LOG,AUTH_SUCCESS,C160
6013,358,U128,1.0,LOG,AUTH_SUCCESS,C167
6014,358,U128,1.0,LOG,AUTH_SUCCESS,C176
6015,358,U112,1.0,LOG,AUTH_SUCCESS,C87
6016,358,U66,1.0,LOG,AUTH_SUCCESS,C1
6017,359,U158,1.0,LOG,AUTH_SUCCESS,C214
6018,359,U931,1.0,LOG,AUTH_SUCCESS,C1080
6019,359,U907,1.0,LOG,AUTH_SUCCESS,C1057
6020,359,U161,1.0,LOG,AUTH_SUCCESS,C217
6021,359,U929,1.0,LOG,AUTH_SUCCESS,C1077
6022,359,U582,1.0,LOG,AUTH_SUCCESS,C97
6023,359,U582,1.0,LOG,AUTH_SUCCESS,C738
6024,359,U163,1.0,LOG,AUTH_SUCCESS,C219
6025,359,U163,1.0,LOG,AUTH_SUCCESS,C220
6026,359,U932,1.0,LOG,AUTH_SUCCESS,C1081
6027,359,U116,1.0,LOG,AUTH_SUCCESS,C155
6028,359,U12,1.0,LOG,AUTH_SUCCESS,C13
6029,359,U159,1.0,LOG,AUTH_SUCCESS,C160
6030,359,U112,1.0,LOG,AUTH_SUCCESS,C145
6031,359,U112,1.0,LOG,AUTH_SUCCESS,C92
6032,359,U66,1.0,LOG,AUTH_SUCCESS,C1
6033,359,U46,1.0,LOG,AUTH_SUCCESS,C154
6034,360,U933,1.0,LOG,AUTH_SUCCESS,C1082
6035,360,U931,1.0,LOG,AUTH_SUCCESS,C1080
6036,360,U907,1.0,LOG,AUTH_SUCCESS,C1057
6037,360,U907,1.0,LOG,AUTH_SUCCESS,C225
6038,360,U907,1.0,LOG,AUTH_SUCCESS,C1083
6039,360,U161,1.0,LOG,AUTH_SUCCESS,C217
6040,360,U162,1.0,LOG,AUTH_SUCCESS,C218
6041,360,U934,1.0,LOG,AUTH_SUCCESS,C1084
6042,360,U39,1.0,LOG,AUTH_SUCCESS,C41
6043,360,U582,1.0,LOG,AUTH_SUCCESS,C97
6044,360,U168,1.0,LOG,AUTH_SUCCESS,C227
6045,360,U932,1.0,LOG,AUTH_SUCCESS,C1081
6046,360,U290,1.0,LOG,AUTH_SUCCESS,C1085
6047,360,U935,1.0,LOG,AUTH_SUCCESS,C1086
6048,360,U155,1.0,LOG,AUTH_SUCCESS,C161
6049,360,U12,1.0,LOG,AUTH_SUCCESS,C13
6050,360,U156,1.0,LOG,AUTH_SUCCESS,C161
6051,360,U112,1.0,LOG,AUTH_SUCCESS,C145
6052,360,U112,1.0,LOG,AUTH_SUCCESS,C91
6053,360,U112,1.0,LOG,AUTH_SUCCESS,C92
6054,360,U66,1.0,LOG,AUTH_SUCCESS,C1
6055,361,U936,1.0,LOG,AUTH_SUCCESS,C1087
6056,361,U170,1.0,LOG,AUTH_SUCCESS,C229
6057,361,U933,1.0,LOG,AUTH_SUCCESS,C1082
6058,361,U931,1.0,LOG,AUTH_SUCCESS,C1080
6059,361,U165,1.0,LOG,AUTH_SUCCESS,C223
6060,361,U934,1.0,LOG,AUTH_SUCCESS,C1084
6061,361,U39,1.0,LOG,AUTH_SUCCESS,C41
6062,361,U582,1.0,LOG,AUTH_SUCCESS,C97
6063,361,U582,1.0,LOG,AUTH_SUCCESS,C1088
6064,361,U168,1.0,LOG,AUTH_SUCCESS,C227
6065,361,U290,1.0,LOG,AUTH_SUCCESS,C1085
6066,361,U509,1.0,LOG,AUTH_SUCCESS,C642
6067,361,U77,1.0,LOG,AUTH_SUCCESS,C234
6068,361,U77,1.0,LOG,AUTH_SUCCESS,C78
6069,361,U935,1.0,LOG,AUTH_SUCCESS,C1086
6070,361,U116,1.0,LOG,AUTH_SUCCESS,C155
6071,361,U127,1.0,LOG,AUTH_SUCCESS,C155
6072,361,U238,1.0,LOG,AUTH_SUCCESS,C1089
6073,361,U13,1.0,LOG,AUTH_SUCCESS,C42
6074,361,U60,1.0,LOG,AUTH_SUCCESS,C173
6075,361,U12,1.0,LOG,AUTH_SUCCESS,C236
6076,361,U12,1.0,LOG,AUTH_SUCCESS,C237
6077,361,U12,1.0,LOG,AUTH_SUCCESS,C13
6078,361,U159,1.0,LOG,AUTH_SUCCESS,C160
6079,361,U112,1.0,LOG,AUTH_SUCCESS,C177
6080,361,U112,1.0,LOG,AUTH_SUCCESS,C146
6081,361,U112,1.0,LOG,AUTH_SUCCESS,C1090
6082,361,U112,1.0,LOG,AUTH_SUCCESS,C91
6083,362,U936,1.0,LOG,AUTH_SUCCESS,C1087
6084,362,U130,1.0,LOG,AUTH_SUCCESS,C179
6085,362,U130,1.0,LOG,AUTH_SUCCESS,C239
6086,362,U937,1.0,LOG,AUTH_SUCCESS,C1091
6087,362,U937,1.0,LOG,AUTH_SUCCESS,C151
6088,362,U938,1.0,LOG,AUTH_SUCCESS,C1092
6089,362,U939,1.0,LOG,AUTH_SUCCESS,C1093
6090,362,U939,1.0,LOG,AUTH_SUCCESS,C151
6091,362,U120,1.0,LOG,AUTH_SUCCESS,C164
6092,362,U120,1.0,LOG,AUTH_SUCCESS,C239
6093,362,U940,1.0,LOG,AUTH_SUCCESS,C1094
6094,362,U934,1.0,LOG,AUTH_SUCCESS,C1084
6095,362,U178,1.0,LOG,AUTH_SUCCESS,C243
6096,362,U89,1.0,LOG,AUTH_SUCCESS,C98
6097,362,U89,1.0,LOG,AUTH_SUCCESS,C151
6098,362,U582,1.0,LOG,AUTH_SUCCESS,C97
6099,362,U582,1.0,LOG,AUTH_SUCCESS,C1095
6100,362,U582,1.0,LOG,AUTH_SUCCESS,C1088
6101,362,U167,1.0,LOG,AUTH_SUCCESS,C225
6102,362,U167,1.0,LOG,AUTH_SUCCESS,C226
6103,362,U202,1.0,LOG,AUTH_SUCCESS,C239
6104,362,U202,1.0,LOG,AUTH_SUCCESS,C275
6105,362,U125,1.0,LOG,AUTH_SUCCESS,C928
6106,362,U941,1.0,LOG,AUTH_SUCCESS,C1096
6107,362,U153,1.0,LOG,AUTH_SUCCESS,C207
6108,362,U153,1.0,LOG,AUTH_SUCCESS,C239
6109,362,U290,1.0,LOG,AUTH_SUCCESS,C134
6110,362,U290,1.0,LOG,AUTH_SUCCESS,C135
6111,362,U290,1.0,LOG,AUTH_SUCCESS,C1097
6112,362,U290,1.0,LOG,AUTH_SUCCESS,C1098
6113,362,U290,1.0,LOG,AUTH_SUCCESS,C1085
6114,362,U238,1.0,LOG,AUTH_SUCCESS,C1089
6115,362,U12,1.0,LOG,AUTH_SUCCESS,C209
6116,362,U156,1.0,LOG,AUTH_SUCCESS,C161
6117,362,U179,1.0,LOG,AUTH_SUCCESS,C161
6118,362,U112,1.0,LOG,AUTH_SUCCESS,C91
6119,363,U356,1.0,LOG,AUTH_SUCCESS,C474
6120,363,U940,1.0,LOG,AUTH_SUCCESS,C1094
6121,363,U934,1.0,LOG,AUTH_SUCCESS,C1084
6122,363,U178,1.0,LOG,AUTH_SUCCESS,C243
6123,363,U582,1.0,LOG,AUTH_SUCCESS,C97
6124,363,U582,1.0,LOG,AUTH_SUCCESS,C1095
6125,363,U135,1.0,LOG,AUTH_SUCCESS,C184
6126,363,U941,1.0,LOG,AUTH_SUCCESS,C1096
6127,363,U182,1.0,LOG,AUTH_SUCCESS,C248
6128,363,U182,1.0,LOG,AUTH_SUCCESS,C249
6129,363,U93,1.0,LOG,AUTH_SUCCESS,C251
6130,363,U93,1.0,LOG,AUTH_SUCCESS,C107
6131,363,U184,1.0,LOG,AUTH_SUCCESS,C154
6132,363,U159,1.0,LOG,AUTH_SUCCESS,C160
6133,363,U128,1.0,LOG,AUTH_SUCCESS,C167
6134,363,U128,1.0,LOG,AUTH_SUCCESS,C176
6135,363,U112,1.0,LOG,AUTH_SUCCESS,C83
6136,364,U180,1.0,LOG,AUTH_SUCCESS,C246
6137,364,U942,1.0,LOG,AUTH_SUCCESS,C1099
6138,364,U177,1.0,LOG,AUTH_SUCCESS,C242
6139,364,U177,1.0,LOG,AUTH_SUCCESS,C148
6140,364,U943,1.0,LOG,AUTH_SUCCESS,C1100
6141,364,U191,1.0,LOG,AUTH_SUCCESS,C258
6142,364,U356,1.0,LOG,AUTH_SUCCESS,C150
6143,364,U356,1.0,LOG,AUTH_SUCCESS,C474
6144,364,U806,1.0,LOG,AUTH_SUCCESS,C949
6145,364,U192,1.0,LOG,AUTH_SUCCESS,C259
6146,364,U193,1.0,LOG,AUTH_SUCCESS,C260
6147,364,U525,1.0,LOG,AUTH_SUCCESS,C658
6148,364,U525,1.0,LOG,AUTH_SUCCESS,C150
6149,364,U135,1.0,LOG,AUTH_SUCCESS,C184
6150,364,U125,1.0,LOG,AUTH_SUCCESS,C928
6151,364,U941,1.0,LOG,AUTH_SUCCESS,C1096
6152,364,U944,1.0,LOG,AUTH_SUCCESS,C1101
6153,364,U183,1.0,LOG,AUTH_SUCCESS,C250
6154,364,U60,1.0,LOG,AUTH_SUCCESS,C108
6155,364,U12,1.0,LOG,AUTH_SUCCESS,C13
6156,364,U184,1.0,LOG,AUTH_SUCCESS,C154
6157,364,U112,1.0,LOG,AUTH_SUCCESS,C177
6158,364,U112,1.0,LOG,AUTH_SUCCESS,C145
6159,364,U112,1.0,LOG,AUTH_SUCCESS,C310
6160,364,U112,1.0,LOG,AUTH_SUCCESS,C90
6161,364,U67,1.0,LOG,AUTH_SUCCESS,C49
6162,365,U180,1.0,LOG,AUTH_SUCCESS,C246
6163,365,U942,1.0,LOG,AUTH_SUCCESS,C1099
6164,365,U945,1.0,LOG,AUTH_SUCCESS,C1102
6165,365,U946,1.0,LOG,AUTH_SUCCESS,C1103
6166,365,U947,1.0,LOG,AUTH_SUCCESS,C1104
6167,365,U943,1.0,LOG,AUTH_SUCCESS,C1100
6168,365,U191,1.0,LOG,AUTH_SUCCESS,C258
6169,365,U934,1.0,LOG,AUTH_SUCCESS,C1084
6170,365,U192,1.0,LOG,AUTH_SUCCESS,C259
6171,365,U178,1.0,LOG,AUTH_SUCCESS,C243
6172,365,U948,1.0,LOG,AUTH_SUCCESS,C1105
6173,365,U944,1.0,LOG,AUTH_SUCCESS,C1101
6174,365,U949,1.0,LOG,AUTH_SUCCESS,C1106
6175,365,U950,1.0,LOG,AUTH_SUCCESS,C1107
6176,365,U12,1.0,LOG,AUTH_SUCCESS,C236
6177,365,U12,1.0,LOG,AUTH_SUCCESS,C237
6178,365,U12,1.0,LOG,AUTH_SUCCESS,C252
6179,365,U12,1.0,LOG,AUTH_SUCCESS,C186
6180,365,U12,1.0,LOG,AUTH_SUCCESS,C264
6181,365,U12,1.0,LOG,AUTH_SUCCESS,C53
6182,365,U12,1.0,LOG,AUTH_SUCCESS,C13
6183,365,U12,1.0,LOG,AUTH_SUCCESS,C54
6184,365,U184,1.0,LOG,AUTH_SUCCESS,C154
6185,365,U112,1.0,LOG,AUTH_SUCCESS,C145
6186,365,U112,1.0,LOG,AUTH_SUCCESS,C310
6187,365,U112,1.0,LOG,AUTH_SUCCESS,C90
6188,365,U67,1.0,LOG,AUTH_SUCCESS,C154
6189,365,U67,1.0,LOG,AUTH_SUCCESS,C49
6190,366,U171,1.0,LOG,AUTH_SUCCESS,C230
6191,366,U171,1.0,LOG,AUTH_SUCCESS,C150
6192,366,U946,1.0,LOG,AUTH_SUCCESS,C1103
6193,366,U947,1.0,LOG,AUTH_SUCCESS,C1104
6194,366,U951,1.0,LOG,AUTH_SUCCESS,C1108
6195,366,U186,1.0,LOG,AUTH_SUCCESS,C254
6196,366,U186,1.0,LOG,AUTH_SUCCESS,C148
6197,366,U100,1.0,LOG,AUTH_SUCCESS,C121
6198,366,U396,1.0,LOG,AUTH_SUCCESS,C516
6199,366,U934,1.0,LOG,AUTH_SUCCESS,C1084
6200,366,U952,1.0,LOG,AUTH_SUCCESS,C150
6201,366,U952,1.0,LOG,AUTH_SUCCESS,C1109
6202,366,U194,1.0,LOG,AUTH_SUCCESS,C268
6203,366,U194,1.0,LOG,AUTH_SUCCESS,C262
6204,366,U194,1.0,LOG,AUTH_SUCCESS,C263
6205,366,U953,1.0,LOG,AUTH_SUCCESS,C1110
6206,366,U948,1.0,LOG,AUTH_SUCCESS,C1105
6207,366,U944,1.0,LOG,AUTH_SUCCESS,C1101
6208,366,U949,1.0,LOG,AUTH_SUCCESS,C1106
6209,366,U188,1.0,LOG,AUTH_SUCCESS,C148
6210,366,U188,1.0,LOG,AUTH_SUCCESS,C256
6211,366,U950,1.0,LOG,AUTH_SUCCESS,C1107
6212,366,U60,1.0,LOG,AUTH_SUCCESS,C173
6213,366,U12,1.0,LOG,AUTH_SUCCESS,C270
6214,366,U184,1.0,LOG,AUTH_SUCCESS,C154
6215,366,U179,1.0,LOG,AUTH_SUCCESS,C175
6216,367,U171,1.0,LOG,AUTH_SUCCESS,C230
6217,367,U951,1.0,LOG,AUTH_SUCCESS,C1108
6218,367,U100,1.0,LOG,AUTH_SUCCESS,C121
6219,367,U396,1.0,LOG,AUTH_SUCCESS,C516
6220,367,U934,1.0,LOG,AUTH_SUCCESS,C1084
6221,367,U954,1.0,LOG,AUTH_SUCCESS,C1111
6222,367,U192,1.0,LOG,AUTH_SUCCESS,C259
6223,367,U952,1.0,LOG,AUTH_SUCCESS,C1109
6224,367,U194,1.0,LOG,AUTH_SUCCESS,C262
6225,367,U194,1.0,LOG,AUTH_SUCCESS,C263
6226,367,U197,1.0,LOG,AUTH_SUCCESS,C269
6227,367,U953,1.0,LOG,AUTH_SUCCESS,C1110
6228,367,U955,1.0,LOG,AUTH_SUCCESS,C1112
6229,367,U188,1.0,LOG,AUTH_SUCCESS,C239
6230,367,U188,1.0,LOG,AUTH_SUCCESS,C256
6231,367,U12,1.0,LOG,AUTH_SUCCESS,C221
6232,367,U12,1.0,LOG,AUTH_SUCCESS,C162
6233,367,U204,1.0,LOG,AUTH_SUCCESS,C154
6234,368,U175,1.0,LOG,AUTH_SUCCESS,C240
6235,368,U175,1.0,LOG,AUTH_SUCCESS,C200
6236,368,U584,1.0,LOG,AUTH_SUCCESS,C716
6237,368,U926,1.0,LOG,AUTH_SUCCESS,C1074
6238,368,U956,1.0,LOG,AUTH_SUCCESS,C1113
6239,368,U956,1.0,LOG,AUTH_SUCCESS,C200
6240,368,U231,1.0,LOG,AUTH_SUCCESS,C316
6241,368,U231,1.0,LOG,AUTH_SUCCESS,C317
6242,368,U951,1.0,LOG,AUTH_SUCCESS,C1108
6243,368,U952,1.0,LOG,AUTH_SUCCESS,C1109
6244,368,U929,1.0,LOG,AUTH_SUCCESS,C200
6245,368,U929,1.0,LOG,AUTH_SUCCESS,C1077
6246,368,U202,1.0,LOG,AUTH_SUCCESS,C148
6247,368,U202,1.0,LOG,AUTH_SUCCESS,C275
6248,368,U197,1.0,LOG,AUTH_SUCCESS,C269
6249,368,U197,1.0,LOG,AUTH_SUCCESS,C280
6250,368,U955,1.0,LOG,AUTH_SUCCESS,C1112
6251,368,U509,1.0,LOG,AUTH_SUCCESS,C200
6252,368,U509,1.0,LOG,AUTH_SUCCESS,C642
6253,368,U837,1.0,LOG,AUTH_SUCCESS,C985
6254,368,U837,1.0,LOG,AUTH_SUCCESS,C200
6255,368,U336,1.0,LOG,AUTH_SUCCESS,C448
6256,368,U336,1.0,LOG,AUTH_SUCCESS,C200
6257,368,U48,1.0,LOG,AUTH_SUCCESS,C292
6258,368,U179,1.0,LOG,AUTH_SUCCESS,C175
6259,368,U128,1.0,LOG,AUTH_SUCCESS,C167
6260,368,U128,1.0,LOG,AUTH_SUCCESS,C176
6261,369,U584,1.0,LOG,AUTH_SUCCESS,C716
6262,369,U926,1.0,LOG,AUTH_SUCCESS,C1074
6263,369,U957,1.0,LOG,AUTH_SUCCESS,C1114
6264,369,U958,1.0,LOG,AUTH_SUCCESS,C1115
6265,369,U216,1.0,LOG,AUTH_SUCCESS,C219
6266,369,U216,1.0,LOG,AUTH_SUCCESS,C291
6267,369,U953,1.0,LOG,AUTH_SUCCESS,C134
6268,369,U953,1.0,LOG,AUTH_SUCCESS,C1110
6269,369,U953,1.0,LOG,AUTH_SUCCESS,C162
6270,369,U955,1.0,LOG,AUTH_SUCCESS,C1112
6271,369,U12,1.0,LOG,AUTH_SUCCESS,C53
6272,369,U12,1.0,LOG,AUTH_SUCCESS,C13
6273,370,U212,1.0,LOG,AUTH_SUCCESS,C287
6274,370,U42,1.0,LOG,AUTH_SUCCESS,C45
6275,370,U213,1.0,LOG,AUTH_SUCCESS,C288
6276,370,U64,1.0,LOG,AUTH_SUCCESS,C69
6277,370,U957,1.0,LOG,AUTH_SUCCESS,C1114
6278,370,U958,1.0,LOG,AUTH_SUCCESS,C1115
6279,370,U77,1.0,LOG,AUTH_SUCCESS,C78
6280,370,U13,1.0,LOG,AUTH_SUCCESS,C309
6281,370,U12,1.0,LOG,AUTH_SUCCESS,C293
6282,370,U159,1.0,LOG,AUTH_SUCCESS,C160
6283,370,U179,1.0,LOG,AUTH_SUCCESS,C175
6284,371,U211,1.0,LOG,AUTH_SUCCESS,C248
6285,371,U211,1.0,LOG,AUTH_SUCCESS,C286
6286,371,U212,1.0,LOG,AUTH_SUCCESS,C295
6287,371,U212,1.0,LOG,AUTH_SUCCESS,C280
6288,371,U212,1.0,LOG,AUTH_SUCCESS,C287
6289,371,U42,1.0,LOG,AUTH_SUCCESS,C45
6290,371,U213,1.0,LOG,AUTH_SUCCESS,C288
6291,371,U64,1.0,LOG,AUTH_SUCCESS,C69
6292,371,U218,1.0,LOG,AUTH_SUCCESS,C219
6293,371,U218,1.0,LOG,AUTH_SUCCESS,C296
6294,371,U219,1.0,LOG,AUTH_SUCCESS,C297
6295,371,U125,1.0,LOG,AUTH_SUCCESS,C928
6296,371,U60,1.0,LOG,AUTH_SUCCESS,C173
6297,371,U12,1.0,LOG,AUTH_SUCCESS,C186
6298,371,U12,1.0,LOG,AUTH_SUCCESS,C13
6299,372,U64,1.0,LOG,AUTH_SUCCESS,C150
6300,372,U64,1.0,LOG,AUTH_SUCCESS,C69
6301,372,U225,1.0,LOG,AUTH_SUCCESS,C304
6302,372,U225,1.0,LOG,AUTH_SUCCESS,C305
6303,372,U214,1.0,LOG,AUTH_SUCCESS,C289
6304,372,U214,1.0,LOG,AUTH_SUCCESS,C148
6305,372,U219,1.0,LOG,AUTH_SUCCESS,C297
6306,372,U125,1.0,LOG,AUTH_SUCCESS,C928
6307,372,U173,1.0,LOG,AUTH_SUCCESS,C233
6308,372,U953,1.0,LOG,AUTH_SUCCESS,C1110
6309,372,U953,1.0,LOG,AUTH_SUCCESS,C162
6310,372,U227,1.0,LOG,AUTH_SUCCESS,C308
6311,372,U227,1.0,LOG,AUTH_SUCCESS,C148
6312,372,U9,1.0,LOG,AUTH_SUCCESS,C10
6313,372,U12,1.0,LOG,AUTH_SUCCESS,C13
6314,372,U159,1.0,LOG,AUTH_SUCCESS,C160
6315,372,U179,1.0,LOG,AUTH_SUCCESS,C175
6316,373,U131,1.0,LOG,AUTH_SUCCESS,C180
6317,373,U131,1.0,LOG,AUTH_SUCCESS,C151
6318,373,U959,1.0,LOG,AUTH_SUCCESS,C1116
6319,373,U231,1.0,LOG,AUTH_SUCCESS,C316
6320,373,U231,1.0,LOG,AUTH_SUCCESS,C459
6321,373,U372,1.0,LOG,AUTH_SUCCESS,C495
6322,373,U372,1.0,LOG,AUTH_SUCCESS,C200
6323,373,U64,1.0,LOG,AUTH_SUCCESS,C69
6324,373,U173,1.0,LOG,AUTH_SUCCESS,C233
6325,373,U9,1.0,LOG,AUTH_SUCCESS,C10
6326,373,U77,1.0,LOG,AUTH_SUCCESS,C234
6327,373,U77,1.0,LOG,AUTH_SUCCESS,C78
6328,373,U12,1.0,LOG,AUTH_SUCCESS,C312
6329,373,U12,1.0,LOG,AUTH_SUCCESS,C237
6330,373,U12,1.0,LOG,AUTH_SUCCESS,C252
6331,373,U12,1.0,LOG,AUTH_SUCCESS,C313
6332,373,U12,1.0,LOG,AUTH_SUCCESS,C13
6333,373,U128,1.0,LOG,AUTH_SUCCESS,C167
6334,373,U128,1.0,LOG,AUTH_SUCCESS,C176
6335,374,U131,1.0,LOG,AUTH_SUCCESS,C180
6336,374,U223,1.0,LOG,AUTH_SUCCESS,C148
6337,374,U223,1.0,LOG,AUTH_SUCCESS,C302
6338,374,U229,1.0,LOG,AUTH_SUCCESS,C314
6339,374,U230,1.0,LOG,AUTH_SUCCESS,C315
6340,374,U960,1.0,LOG,AUTH_SUCCESS,C1117
6341,374,U961,1.0,LOG,AUTH_SUCCESS,C1118
6342,374,U861,1.0,LOG,AUTH_SUCCESS,C1009
6343,374,U238,1.0,LOG,AUTH_SUCCESS,C523
6344,374,U13,1.0,LOG,AUTH_SUCCESS,C172
6345,374,U13,1.0,LOG,AUTH_SUCCESS,C14
6346,374,U94,1.0,LOG,AUTH_SUCCESS,C211
6347,374,U94,1.0,LOG,AUTH_SUCCESS,C110
6348,374,U12,1.0,LOG,AUTH_SUCCESS,C265
6349,374,U97,1.0,LOG,AUTH_SUCCESS,C161
6350,375,U235,1.0,LOG,AUTH_SUCCESS,C219
6351,375,U235,1.0,LOG,AUTH_SUCCESS,C320
6352,375,U229,1.0,LOG,AUTH_SUCCESS,C314
6353,375,U230,1.0,LOG,AUTH_SUCCESS,C315
6354,375,U928,1.0,LOG,AUTH_SUCCESS,C1076
6355,375,U960,1.0,LOG,AUTH_SUCCESS,C1117
6356,375,U14,1.0,LOG,AUTH_SUCCESS,C219
6357,375,U14,1.0,LOG,AUTH_SUCCESS,C15
6358,375,U13,1.0,LOG,AUTH_SUCCESS,C172
6359,375,U13,1.0,LOG,AUTH_SUCCESS,C14
6360,375,U95,1.0,LOG,AUTH_SUCCESS,C154
6361,375,U184,1.0,LOG,AUTH_SUCCESS,C154
6362,376,U962,1.0,LOG,AUTH_SUCCESS,C1119
6363,376,U16,1.0,LOG,AUTH_SUCCESS,C148
6364,376,U16,1.0,LOG,AUTH_SUCCESS,C17
6365,376,U928,1.0,LOG,AUTH_SUCCESS,C1076
6366,376,U960,1.0,LOG,AUTH_SUCCESS,C1117
6367,376,U963,1.0,LOG,AUTH_SUCCESS,C1120
6368,376,U124,1.0,LOG,AUTH_SUCCESS,C192
6369,376,U124,1.0,LOG,AUTH_SUCCESS,C168
6370,376,U60,1.0,LOG,AUTH_SUCCESS,C173
6371,376,U156,1.0,LOG,AUTH_SUCCESS,C161
6372,377,U962,1.0,LOG,AUTH_SUCCESS,C1119
6373,377,U964,1.0,LOG,AUTH_SUCCESS,C785
6374,377,U248,1.0,LOG,AUTH_SUCCESS,C334
6375,377,U928,1.0,LOG,AUTH_SUCCESS,C1076
6376,377,U965,1.0,LOG,AUTH_SUCCESS,C1121
6377,377,U963,1.0,LOG,AUTH_SUCCESS,C1120
6378,377,U243,1.0,LOG,AUTH_SUCCESS,C329
6379,377,U966,1.0,LOG,AUTH_SUCCESS,C1122
6380,377,U202,1.0,LOG,AUTH_SUCCESS,C239
6381,377,U202,1.0,LOG,AUTH_SUCCESS,C275
6382,377,U967,1.0,LOG,AUTH_SUCCESS,C1123
6383,377,U125,1.0,LOG,AUTH_SUCCESS,C928
6384,377,U29,1.0,LOG,AUTH_SUCCESS,C30
6385,377,U244,1.0,LOG,AUTH_SUCCESS,C219
6386,377,U244,1.0,LOG,AUTH_SUCCESS,C330
6387,377,U127,1.0,LOG,AUTH_SUCCESS,C155
6388,377,U12,1.0,LOG,AUTH_SUCCESS,C54
6389,377,U105,1.0,LOG,AUTH_SUCCESS,C160
6390,378,U962,1.0,LOG,AUTH_SUCCESS,C1119
6391,378,U964,1.0,LOG,AUTH_SUCCESS,C785
6392,378,U248,1.0,LOG,AUTH_SUCCESS,C334
6393,378,U16,1.0,LOG,AUTH_SUCCESS,C148
6394,378,U16,1.0,LOG,AUTH_SUCCESS,C17
6395,378,U928,1.0,LOG,AUTH_SUCCESS,C1076
6396,378,U200,1.0,LOG,AUTH_SUCCESS,C273
6397,378,U63,1.0,LOG,AUTH_SUCCESS,C68
6398,378,U965,1.0,LOG,AUTH_SUCCESS,C1121
6399,378,U243,1.0,LOG,AUTH_SUCCESS,C329
6400,378,U168,1.0,LOG,AUTH_SUCCESS,C227
6401,378,U967,1.0,LOG,AUTH_SUCCESS,C1123
6402,378,U127,1.0,LOG,AUTH_SUCCESS,C155
6403,378,U12,1.0,LOG,AUTH_SUCCESS,C342
6404,378,U12,1.0,LOG,AUTH_SUCCESS,C110
6405,378,U12,1.0,LOG,AUTH_SUCCESS,C335
6406,378,U12,1.0,LOG,AUTH_SUCCESS,C54
6407,378,U159,1.0,LOG,AUTH_SUCCESS,C160
6408,378,U97,1.0,LOG,AUTH_SUCCESS,C175
6409,378,U128,1.0,LOG,AUTH_SUCCESS,C167
6410,378,U128,1.0,LOG,AUTH_SUCCESS,C176
6411,379,U964,1.0,LOG,AUTH_SUCCESS,C785
6412,379,U968,1.0,LOG,AUTH_SUCCESS,C1124
6413,379,U16,1.0,LOG,AUTH_SUCCESS,C17
6414,379,U200,1.0,LOG,AUTH_SUCCESS,C273
6415,379,U963,1.0,LOG,AUTH_SUCCESS,C134
6416,379,U963,1.0,LOG,AUTH_SUCCESS,C151
6417,379,U963,1.0,LOG,AUTH_SUCCESS,C1120
6418,379,U243,1.0,LOG,AUTH_SUCCESS,C329
6419,379,U969,1.0,LOG,AUTH_SUCCESS,C219
6420,379,U969,1.0,LOG,AUTH_SUCCESS,C1125
6421,379,U19,1.0,LOG,AUTH_SUCCESS,C20
6422,379,U125,1.0,LOG,AUTH_SUCCESS,C928
6423,379,U125,1.0,LOG,AUTH_SUCCESS,C234
6424,379,U59,1.0,LOG,AUTH_SUCCESS,C64
6425,379,U29,1.0,LOG,AUTH_SUCCESS,C30
6426,379,U9,1.0,LOG,AUTH_SUCCESS,C10
6427,379,U9,1.0,LOG,AUTH_SUCCESS,C151
6428,379,U116,1.0,LOG,AUTH_SUCCESS,C155
6429,379,U159,1.0,LOG,AUTH_SUCCESS,C160
6430,380,U293,1.0,LOG,AUTH_SUCCESS,C389
6431,380,U968,1.0,LOG,AUTH_SUCCESS,C1124
6432,380,U49,1.0,LOG,AUTH_SUCCESS,C52
6433,380,U970,1.0,LOG,AUTH_SUCCESS,C1126
6434,380,U248,1.0,LOG,AUTH_SUCCESS,C334
6435,380,U853,1.0,LOG,AUTH_SUCCESS,C150
6436,380,U853,1.0,LOG,AUTH_SUCCESS,C1001
6437,380,U963,1.0,LOG,AUTH_SUCCESS,C151
6438,380,U963,1.0,LOG,AUTH_SUCCESS,C135
6439,380,U963,1.0,LOG,AUTH_SUCCESS,C1120
6440,380,U253,1.0,LOG,AUTH_SUCCESS,C340
6441,380,U19,1.0,LOG,AUTH_SUCCESS,C20
6442,380,U13,1.0,LOG,AUTH_SUCCESS,C172
6443,380,U12,1.0,LOG,AUTH_SUCCESS,C343
6444,381,U971,1.0,LOG,AUTH_SUCCESS,C1127
6445,381,U968,1.0,LOG,AUTH_SUCCESS,C1124
6446,381,U970,1.0,LOG,AUTH_SUCCESS,C1126
6447,381,U972,1.0,LOG,AUTH_SUCCESS,C1128
6448,381,U973,1.0,LOG,AUTH_SUCCESS,C1129
6449,381,U63,1.0,LOG,AUTH_SUCCESS,C234
6450,381,U63,1.0,LOG,AUTH_SUCCESS,C68
6451,381,U974,1.0,LOG,AUTH_SUCCESS,C1130
6452,381,U253,1.0,LOG,AUTH_SUCCESS,C340
6453,381,U256,1.0,LOG,AUTH_SUCCESS,C345
6454,381,U19,1.0,LOG,AUTH_SUCCESS,C20
6455,381,U125,1.0,LOG,AUTH_SUCCESS,C928
6456,381,U125,1.0,LOG,AUTH_SUCCESS,C234
6457,381,U59,1.0,LOG,AUTH_SUCCESS,C64
6458,381,U29,1.0,LOG,AUTH_SUCCESS,C30
6459,381,U260,1.0,LOG,AUTH_SUCCESS,C349
6460,381,U60,1.0,LOG,AUTH_SUCCESS,C173
6461,381,U12,1.0,LOG,AUTH_SUCCESS,C350
6462,381,U12,1.0,LOG,AUTH_SUCCESS,C351
6463,381,U159,1.0,LOG,AUTH_SUCCESS,C160
6464,382,U113,1.0,LOG,AUTH_SUCCESS,C147
6465,382,U113,1.0,LOG,AUTH_SUCCESS,C148
6466,382,U971,1.0,LOG,AUTH_SUCCESS,C1127
6467,382,U293,1.0,LOG,AUTH_SUCCESS,C389
6468,382,U255,1.0,LOG,AUTH_SUCCESS,C344
6469,382,U252,1.0,LOG,AUTH_SUCCESS,C339
6470,382,U252,1.0,LOG,AUTH_SUCCESS,C225
6471,382,U200,1.0,LOG,AUTH_SUCCESS,C273
6472,382,U973,1.0,LOG,AUTH_SUCCESS,C1129
6473,382,U68,1.0,LOG,AUTH_SUCCESS,C71
6474,382,U120,1.0,LOG,AUTH_SUCCESS,C164
6475,382,U120,1.0,LOG,AUTH_SUCCESS,C148
6476,382,U974,1.0,LOG,AUTH_SUCCESS,C1130
6477,382,U206,1.0,LOG,AUTH_SUCCESS,C278
6478,382,U253,1.0,LOG,AUTH_SUCCESS,C340
6479,382,U256,1.0,LOG,AUTH_SUCCESS,C345
6480,382,U975,1.0,LOG,AUTH_SUCCESS,C1131
6481,382,U114,1.0,LOG,AUTH_SUCCESS,C149
6482,382,U114,1.0,LOG,AUTH_SUCCESS,C148
6483,382,U438,1.0,LOG,AUTH_SUCCESS,C564
6484,382,U976,1.0,LOG,AUTH_SUCCESS,C1132
6485,382,U77,1.0,LOG,AUTH_SUCCESS,C78
6486,382,U259,1.0,LOG,AUTH_SUCCESS,C348
6487,382,U260,1.0,LOG,AUTH_SUCCESS,C349
6488,382,U597,1.0,LOG,AUTH_SUCCESS,C727
6489,382,U13,1.0,LOG,AUTH_SUCCESS,C14
6490,382,U105,1.0,LOG,AUTH_SUCCESS,C160
6491,383,U977,1.0,LOG,AUTH_SUCCESS,C1133
6492,383,U915,1.0,LOG,AUTH_SUCCESS,C134
6493,383,U915,1.0,LOG,AUTH_SUCCESS,C1063
6494,383,U978,1.0,LOG,AUTH_SUCCESS,C1134
6495,383,U968,1.0,LOG,AUTH_SUCCESS,C234
6496,383,U968,1.0,LOG,AUTH_SUCCESS,C1124
6497,383,U200,1.0,LOG,AUTH_SUCCESS,C150
6498,383,U200,1.0,LOG,AUTH_SUCCESS,C273
6499,383,U973,1.0,LOG,AUTH_SUCCESS,C1129
6500,383,U68,1.0,LOG,AUTH_SUCCESS,C71
6501,383,U974,1.0,LOG,AUTH_SUCCESS,C1130
6502,383,U206,1.0,LOG,AUTH_SUCCESS,C278
6503,383,U919,1.0,LOG,AUTH_SUCCESS,C134
6504,383,U919,1.0,LOG,AUTH_SUCCESS,C1067
6505,383,U21,1.0,LOG,AUTH_SUCCESS,C22
6506,383,U125,1.0,LOG,AUTH_SUCCESS,C928
6507,383,U59,1.0,LOG,AUTH_SUCCESS,C200
6508,383,U59,1.0,LOG,AUTH_SUCCESS,C64
6509,383,U259,1.0,LOG,AUTH_SUCCESS,C348
6510,383,U13,1.0,LOG,AUTH_SUCCESS,C14
6511,383,U12,1.0,LOG,AUTH_SUCCESS,C252
6512,383,U184,1.0,LOG,AUTH_SUCCESS,C154
6513,383,U159,1.0,LOG,AUTH_SUCCESS,C160
6514,383,U128,1.0,LOG,AUTH_SUCCESS,C167
6515,383,U128,1.0,LOG,AUTH_SUCCESS,C176
6516,384,U977,1.0,LOG,AUTH_SUCCESS,C1133
6517,384,U267,1.0,LOG,AUTH_SUCCESS,C357
6518,384,U978,1.0,LOG,AUTH_SUCCESS,C1134
6519,384,U926,1.0,LOG,AUTH_SUCCESS,C134
6520,384,U926,1.0,LOG,AUTH_SUCCESS,C1074
6521,384,U148,1.0,LOG,AUTH_SUCCESS,C134
6522,384,U148,1.0,LOG,AUTH_SUCCESS,C199
6523,384,U973,1.0,LOG,AUTH_SUCCESS,C148
6524,384,U973,1.0,LOG,AUTH_SUCCESS,C1129
6525,384,U206,1.0,LOG,AUTH_SUCCESS,C134
6526,384,U206,1.0,LOG,AUTH_SUCCESS,C278
6527,384,U963,1.0,LOG,AUTH_SUCCESS,C134
6528,384,U963,1.0,LOG,AUTH_SUCCESS,C1120
6529,384,U6,1.0,LOG,AUTH_SUCCESS,C7
6530,384,U6,1.0,LOG,AUTH_SUCCESS,C148
6531,384,U929,1.0,LOG,AUTH_SUCCESS,C134
6532,384,U929,1.0,LOG,AUTH_SUCCESS,C1077
6533,384,U226,1.0,LOG,AUTH_SUCCESS,C151
6534,384,U226,1.0,LOG,AUTH_SUCCESS,C306
6535,384,U28,1.0,LOG,AUTH_SUCCESS,C29
6536,384,U125,1.0,LOG,AUTH_SUCCESS,C134
6537,384,U125,1.0,LOG,AUTH_SUCCESS,C928
6538,384,U953,1.0,LOG,AUTH_SUCCESS,C134
6539,384,U953,1.0,LOG,AUTH_SUCCESS,C1110
6540,384,U290,1.0,LOG,AUTH_SUCCESS,C134
6541,384,U290,1.0,LOG,AUTH_SUCCESS,C1085
6542,384,U115,1.0,LOG,AUTH_SUCCESS,C148
6543,384,U115,1.0,LOG,AUTH_SUCCESS,C152
6544,384,U238,1.0,LOG,AUTH_SUCCESS,C134
6545,384,U238,1.0,LOG,AUTH_SUCCESS,C1089
6546,384,U12,1.0,LOG,AUTH_SUCCESS,C158
6547,384,U184,1.0,LOG,AUTH_SUCCESS,C154
6548,384,U46,1.0,LOG,AUTH_SUCCESS,C154
6549,384,U67,1.0,LOG,AUTH_SUCCESS,C49
6550,385,U267,1.0,LOG,AUTH_SUCCESS,C357
6551,385,U971,1.0,LOG,AUTH_SUCCESS,C1127
6552,385,U971,1.0,LOG,AUTH_SUCCESS,C1135
6553,385,U968,1.0,LOG,AUTH_SUCCESS,C234
6554,385,U968,1.0,LOG,AUTH_SUCCESS,C1124
6555,385,U584,1.0,LOG,AUTH_SUCCESS,C716
6556,385,U979,1.0,LOG,AUTH_SUCCESS,C1136
6557,385,U200,1.0,LOG,AUTH_SUCCESS,C273
6558,385,U162,1.0,LOG,AUTH_SUCCESS,C218
6559,385,U63,1.0,LOG,AUTH_SUCCESS,C234
6560,385,U63,1.0,LOG,AUTH_SUCCESS,C68
6561,385,U980,1.0,LOG,AUTH_SUCCESS,C146
6562,385,U6,1.0,LOG,AUTH_SUCCESS,C7
6563,385,U19,1.0,LOG,AUTH_SUCCESS,C20
6564,385,U28,1.0,LOG,AUTH_SUCCESS,C29
6565,385,U273,1.0,LOG,AUTH_SUCCESS,C363
6566,385,U77,1.0,LOG,AUTH_SUCCESS,C234
6567,385,U77,1.0,LOG,AUTH_SUCCESS,C78
6568,385,U714,1.0,LOG,AUTH_SUCCESS,C1137
6569,385,U13,1.0,LOG,AUTH_SUCCESS,C209
6570,385,U60,1.0,LOG,AUTH_SUCCESS,C108
6571,385,U12,1.0,LOG,AUTH_SUCCESS,C13
6572,385,U184,1.0,LOG,AUTH_SUCCESS,C154
6573,385,U159,1.0,LOG,AUTH_SUCCESS,C160
6574,385,U97,1.0,LOG,AUTH_SUCCESS,C115
6575,385,U67,1.0,LOG,AUTH_SUCCESS,C154
6576,385,U67,1.0,LOG,AUTH_SUCCESS,C49
6577,386,U267,1.0,LOG,AUTH_SUCCESS,C357
6578,386,U130,1.0,LOG,AUTH_SUCCESS,C179
6579,386,U130,1.0,LOG,AUTH_SUCCESS,C148
6580,386,U160,1.0,LOG,AUTH_SUCCESS,C216
6581,386,U584,1.0,LOG,AUTH_SUCCESS,C150
6582,386,U584,1.0,LOG,AUTH_SUCCESS,C716
6583,386,U981,1.0,LOG,AUTH_SUCCESS,C1138
6584,386,U973,1.0,LOG,AUTH_SUCCESS,C1139
6585,386,U973,1.0,LOG,AUTH_SUCCESS,C1129
6586,386,U982,1.0,LOG,AUTH_SUCCESS,C1140
6587,386,U132,1.0,LOG,AUTH_SUCCESS,C181
6588,386,U132,1.0,LOG,AUTH_SUCCESS,C148
6589,386,U19,1.0,LOG,AUTH_SUCCESS,C20
6590,386,U983,1.0,LOG,AUTH_SUCCESS,C1141
6591,386,U29,1.0,LOG,AUTH_SUCCESS,C300
6592,386,U29,1.0,LOG,AUTH_SUCCESS,C30
6593,386,U273,1.0,LOG,AUTH_SUCCESS,C363
6594,386,U154,1.0,LOG,AUTH_SUCCESS,C208
6595,386,U154,1.0,LOG,AUTH_SUCCESS,C148
6596,386,U155,1.0,LOG,AUTH_SUCCESS,C161
6597,386,U60,1.0,LOG,AUTH_SUCCESS,C173
6598,386,U12,1.0,LOG,AUTH_SUCCESS,C372
6599,386,U12,1.0,LOG,AUTH_SUCCESS,C13
6600,386,U184,1.0,LOG,AUTH_SUCCESS,C154
6601,386,U156,1.0,LOG,AUTH_SUCCESS,C161
6602,386,U97,1.0,LOG,AUTH_SUCCESS,C115
6603,386,U97,1.0,LOG,AUTH_SUCCESS,C161
6604,386,U179,1.0,LOG,AUTH_SUCCESS,C175
6605,387,U984,1.0,LOG,AUTH_SUCCESS,C1142
6606,387,U293,1.0,LOG,AUTH_SUCCESS,C389
6607,387,U160,1.0,LOG,AUTH_SUCCESS,C216
6608,387,U985,1.0,LOG,AUTH_SUCCESS,C1143
6609,387,U965,1.0,LOG,AUTH_SUCCESS,C1121
6610,387,U13,1.0,LOG,AUTH_SUCCESS,C32
6611,387,U60,1.0,LOG,AUTH_SUCCESS,C108
6612,387,U12,1.0,LOG,AUTH_SUCCESS,C236
6613,387,U12,1.0,LOG,AUTH_SUCCESS,C381
6614,387,U12,1.0,LOG,AUTH_SUCCESS,C364
6615,387,U12,1.0,LOG,AUTH_SUCCESS,C13
6616,387,U12,1.0,LOG,AUTH_SUCCESS,C159
6617,387,U204,1.0,LOG,AUTH_SUCCESS,C154
6618,387,U97,1.0,LOG,AUTH_SUCCESS,C115
6619,387,U46,1.0,LOG,AUTH_SUCCESS,C154
6620,388,U984,1.0,LOG,AUTH_SUCCESS,C1142
6621,388,U971,1.0,LOG,AUTH_SUCCESS,C134
6622,388,U971,1.0,LOG,AUTH_SUCCESS,C1127
6623,388,U293,1.0,LOG,AUTH_SUCCESS,C389
6624,388,U985,1.0,LOG,AUTH_SUCCESS,C1143
6625,388,U269,1.0,LOG,AUTH_SUCCESS,C359
6626,388,U269,1.0,LOG,AUTH_SUCCESS,C200
6627,388,U965,1.0,LOG,AUTH_SUCCESS,C1121
6628,388,U427,1.0,LOG,AUTH_SUCCESS,C551
6629,388,U427,1.0,LOG,AUTH_SUCCESS,C200
6630,388,U153,1.0,LOG,AUTH_SUCCESS,C207
6631,388,U153,1.0,LOG,AUTH_SUCCESS,C148
6632,388,U155,1.0,LOG,AUTH_SUCCESS,C161
6633,388,U13,1.0,LOG,AUTH_SUCCESS,C32
6634,388,U105,1.0,LOG,AUTH_SUCCESS,C160
6635,388,U97,1.0,LOG,AUTH_SUCCESS,C161
6636,388,U179,1.0,LOG,AUTH_SUCCESS,C175
6637,388,U112,1.0,LOG,AUTH_SUCCESS,C87
6638,389,U984,1.0,LOG,AUTH_SUCCESS,C1142
6639,389,U280,1.0,LOG,AUTH_SUCCESS,C374
6640,389,U280,1.0,LOG,AUTH_SUCCESS,C151
6641,389,U293,1.0,LOG,AUTH_SUCCESS,C389
6642,389,U878,1.0,LOG,AUTH_SUCCESS,C1028
6643,389,U878,1.0,LOG,AUTH_SUCCESS,C151
6644,389,U199,1.0,LOG,AUTH_SUCCESS,C272
6645,389,U199,1.0,LOG,AUTH_SUCCESS,C151
6646,389,U986,1.0,LOG,AUTH_SUCCESS,C1144
6647,389,U981,1.0,LOG,AUTH_SUCCESS,C1138
6648,389,U985,1.0,LOG,AUTH_SUCCESS,C1143
6649,389,U269,1.0,LOG,AUTH_SUCCESS,C359
6650,389,U269,1.0,LOG,AUTH_SUCCESS,C151
6651,389,U987,1.0,LOG,AUTH_SUCCESS,C1145
6652,389,U988,1.0,LOG,AUTH_SUCCESS,C177
6653,389,U163,1.0,LOG,AUTH_SUCCESS,C219
6654,389,U163,1.0,LOG,AUTH_SUCCESS,C220
6655,389,U107,1.0,LOG,AUTH_SUCCESS,C138
6656,389,U107,1.0,LOG,AUTH_SUCCESS,C150
6657,389,U13,1.0,LOG,AUTH_SUCCESS,C309
6658,389,U13,1.0,LOG,AUTH_SUCCESS,C209
6659,389,U60,1.0,LOG,AUTH_SUCCESS,C65
6660,389,U12,1.0,LOG,AUTH_SUCCESS,C53
6661,389,U12,1.0,LOG,AUTH_SUCCESS,C13
6662,389,U128,1.0,LOG,AUTH_SUCCESS,C167
6663,389,U128,1.0,LOG,AUTH_SUCCESS,C176
6664,390,U431,1.0,LOG,AUTH_SUCCESS,C556
6665,390,U431,1.0,LOG,AUTH_SUCCESS,C248
6666,390,U989,1.0,LOG,AUTH_SUCCESS,C1146
6667,390,U986,1.0,LOG,AUTH_SUCCESS,C1144
6668,390,U454,1.0,LOG,AUTH_SUCCESS,C248
6669,390,U454,1.0,LOG,AUTH_SUCCESS,C581
6670,390,U987,1.0,LOG,AUTH_SUCCESS,C150
6671,390,U987,1.0,LOG,AUTH_SUCCESS,C1145
6672,390,U39,1.0,LOG,AUTH_SUCCESS,C41
6673,390,U990,1.0,LOG,AUTH_SUCCESS,C1147
6674,390,U13,1.0,LOG,AUTH_SUCCESS,C309
6675,390,U13,1.0,LOG,AUTH_SUCCESS,C282
6676,390,U13,1.0,LOG,AUTH_SUCCESS,C32
6677,390,U13,1.0,LOG,AUTH_SUCCESS,C42
6678,390,U12,1.0,LOG,AUTH_SUCCESS,C734
6679,390,U12,1.0,LOG,AUTH_SUCCESS,C158
6680,390,U12,1.0,LOG,AUTH_SUCCESS,C372
6681,390,U12,1.0,LOG,AUTH_SUCCESS,C13
6682,390,U12,1.0,LOG,AUTH_SUCCESS,C54
6683,390,U159,1.0,LOG,AUTH_SUCCESS,C160
6684,390,U179,1.0,LOG,AUTH_SUCCESS,C175
6685,391,U170,1.0,LOG,AUTH_SUCCESS,C229
6686,391,U991,1.0,LOG,AUTH_SUCCESS,C1148
6687,391,U992,1.0,LOG,AUTH_SUCCESS,C1149
6688,391,U993,1.0,LOG,AUTH_SUCCESS,C1150
6689,391,U288,1.0,LOG,AUTH_SUCCESS,C384
6690,391,U296,1.0,LOG,AUTH_SUCCESS,C392
6691,391,U39,1.0,LOG,AUTH_SUCCESS,C41
6692,391,U13,1.0,LOG,AUTH_SUCCESS,C42
6693,391,U60,1.0,LOG,AUTH_SUCCESS,C173
6694,391,U105,1.0,LOG,AUTH_SUCCESS,C160
6695,392,U130,1.0,LOG,AUTH_SUCCESS,C179
6696,392,U130,1.0,LOG,AUTH_SUCCESS,C239
6697,392,U994,1.0,LOG,AUTH_SUCCESS,C1151
6698,392,U991,1.0,LOG,AUTH_SUCCESS,C1148
6699,392,U297,1.0,LOG,AUTH_SUCCESS,C393
6700,392,U297,1.0,LOG,AUTH_SUCCESS,C394
6701,392,U301,1.0,LOG,AUTH_SUCCESS,C398
6702,392,U578,1.0,LOG,AUTH_SUCCESS,C711
6703,392,U120,1.0,LOG,AUTH_SUCCESS,C164
6704,392,U120,1.0,LOG,AUTH_SUCCESS,C239
6705,392,U296,1.0,LOG,AUTH_SUCCESS,C392
6706,392,U167,1.0,LOG,AUTH_SUCCESS,C225
6707,392,U167,1.0,LOG,AUTH_SUCCESS,C226
6708,392,U303,1.0,LOG,AUTH_SUCCESS,C400
6709,392,U153,1.0,LOG,AUTH_SUCCESS,C207
6710,392,U153,1.0,LOG,AUTH_SUCCESS,C239
6711,392,U995,1.0,LOG,AUTH_SUCCESS,C1152
6712,392,U516,1.0,LOG,AUTH_SUCCESS,C1153
6713,392,U12,1.0,LOG,AUTH_SUCCESS,C401
6714,392,U12,1.0,LOG,AUTH_SUCCESS,C456
6715,392,U95,1.0,LOG,AUTH_SUCCESS,C154
6716,392,U179,1.0,LOG,AUTH_SUCCESS,C175
6717,392,U112,1.0,LOG,AUTH_SUCCESS,C91
6718,393,U991,1.0,LOG,AUTH_SUCCESS,C1148
6719,393,U992,1.0,LOG,AUTH_SUCCESS,C1149
6720,393,U300,1.0,LOG,AUTH_SUCCESS,C397
6721,393,U301,1.0,LOG,AUTH_SUCCESS,C398
6722,393,U304,1.0,LOG,AUTH_SUCCESS,C402
6723,393,U996,1.0,LOG,AUTH_SUCCESS,C1154
6724,393,U997,1.0,LOG,AUTH_SUCCESS,C1155
6725,393,U303,1.0,LOG,AUTH_SUCCESS,C400
6726,393,U995,1.0,LOG,AUTH_SUCCESS,C1152
6727,393,U94,1.0,LOG,AUTH_SUCCESS,C186
6728,393,U94,1.0,LOG,AUTH_SUCCESS,C110
6729,393,U95,1.0,LOG,AUTH_SUCCESS,C154
6730,393,U46,1.0,LOG,AUTH_SUCCESS,C49
6731,394,U991,1.0,LOG,AUTH_SUCCESS,C1148
6732,394,U47,1.0,LOG,AUTH_SUCCESS,C50
6733,394,U998,1.0,LOG,AUTH_SUCCESS,C1156
6734,394,U177,1.0,LOG,AUTH_SUCCESS,C242
6735,394,U177,1.0,LOG,AUTH_SUCCESS,C148
6736,394,U304,1.0,LOG,AUTH_SUCCESS,C402
6737,394,U996,1.0,LOG,AUTH_SUCCESS,C1154
6738,394,U193,1.0,LOG,AUTH_SUCCESS,C260
6739,394,U182,1.0,LOG,AUTH_SUCCESS,C248
6740,394,U182,1.0,LOG,AUTH_SUCCESS,C249
6741,394,U77,1.0,LOG,AUTH_SUCCESS,C78
6742,394,U995,1.0,LOG,AUTH_SUCCESS,C1152
6743,394,U183,1.0,LOG,AUTH_SUCCESS,C250
6744,394,U127,1.0,LOG,AUTH_SUCCESS,C155
6745,394,U95,1.0,LOG,AUTH_SUCCESS,C154
6746,394,U128,1.0,LOG,AUTH_SUCCESS,C167
6747,394,U128,1.0,LOG,AUTH_SUCCESS,C176
6748,394,U169,1.0,LOG,AUTH_SUCCESS,C238
6749,395,U999,1.0,LOG,AUTH_SUCCESS,C1157
6750,395,U47,1.0,LOG,AUTH_SUCCESS,C50
6751,395,U481,1.0,LOG,AUTH_SUCCESS,C610
6752,395,U998,1.0,LOG,AUTH_SUCCESS,C1156
6753,395,U1000,1.0,LOG,AUTH_SUCCESS,C1158
6754,395,U1001,1.0,LOG,AUTH_SUCCESS,C1159
6755,395,U996,1.0,LOG,AUTH_SUCCESS,C1154
6756,395,U310,1.0,LOG,AUTH_SUCCESS,C412
6757,395,U886,1.0,LOG,AUTH_SUCCESS,C151
6758,395,U886,1.0,LOG,AUTH_SUCCESS,C1035
6759,395,U193,1.0,LOG,AUTH_SUCCESS,C260
6760,395,U124,1.0,LOG,AUTH_SUCCESS,C192
6761,395,U116,1.0,LOG,AUTH_SUCCESS,C155
6762,395,U12,1.0,LOG,AUTH_SUCCESS,C158
6763,395,U12,1.0,LOG,AUTH_SUCCESS,C415
6764,395,U12,1.0,LOG,AUTH_SUCCESS,C381
6765,395,U12,1.0,LOG,AUTH_SUCCESS,C162
6766,395,U95,1.0,LOG,AUTH_SUCCESS,C154
6767,395,U159,1.0,LOG,AUTH_SUCCESS,C160
6768,396,U1002,1.0,LOG,AUTH_SUCCESS,C1160
6769,396,U47,1.0,LOG,AUTH_SUCCESS,C50
6770,396,U481,1.0,LOG,AUTH_SUCCESS,C610
6771,396,U1000,1.0,LOG,AUTH_SUCCESS,C1158
6772,396,U18,1.0,LOG,AUTH_SUCCESS,C19
6773,396,U286,1.0,LOG,AUTH_SUCCESS,C382
6774,396,U186,1.0,LOG,AUTH_SUCCESS,C254
6775,396,U186,1.0,LOG,AUTH_SUCCESS,C148
6776,396,U275,1.0,LOG,AUTH_SUCCESS,C599
6777,396,U275,1.0,LOG,AUTH_SUCCESS,C368
6778,396,U1003,1.0,LOG,AUTH_SUCCESS,C1161
6779,396,U291,1.0,LOG,AUTH_SUCCESS,C238
6780,396,U993,1.0,LOG,AUTH_SUCCESS,C1150
6781,396,U310,1.0,LOG,AUTH_SUCCESS,C412
6782,396,U124,1.0,LOG,AUTH_SUCCESS,C192
6783,396,U124,1.0,LOG,AUTH_SUCCESS,C168
6784,396,U125,1.0,LOG,AUTH_SUCCESS,C928
6785,396,U125,1.0,LOG,AUTH_SUCCESS,C200
6786,396,U194,1.0,LOG,AUTH_SUCCESS,C268
6787,396,U194,1.0,LOG,AUTH_SUCCESS,C262
6788,396,U194,1.0,LOG,AUTH_SUCCESS,C263
6789,396,U197,1.0,LOG,AUTH_SUCCESS,C269
6790,396,U188,1.0,LOG,AUTH_SUCCESS,C148
6791,396,U188,1.0,LOG,AUTH_SUCCESS,C256
6792,396,U13,1.0,LOG,AUTH_SUCCESS,C209
6793,396,U60,1.0,LOG,AUTH_SUCCESS,C173
6794,396,U97,1.0,LOG,AUTH_SUCCESS,C161
6795,397,U268,1.0,LOG,AUTH_SUCCESS,C358
6796,397,U1002,1.0,LOG,AUTH_SUCCESS,C1160
6797,397,U52,1.0,LOG,AUTH_SUCCESS,C57
6798,397,U1000,1.0,LOG,AUTH_SUCCESS,C1158
6799,397,U18,1.0,LOG,AUTH_SUCCESS,C150
6800,397,U18,1.0,LOG,AUTH_SUCCESS,C19
6801,397,U286,1.0,LOG,AUTH_SUCCESS,C382
6802,397,U53,1.0,LOG,AUTH_SUCCESS,C58
6803,397,U317,1.0,LOG,AUTH_SUCCESS,C423
6804,397,U194,1.0,LOG,AUTH_SUCCESS,C262
6805,397,U194,1.0,LOG,AUTH_SUCCESS,C263
6806,397,U197,1.0,LOG,AUTH_SUCCESS,C269
6807,397,U197,1.0,LOG,AUTH_SUCCESS,C280
6808,397,U77,1.0,LOG,AUTH_SUCCESS,C234
6809,397,U77,1.0,LOG,AUTH_SUCCESS,C78
6810,397,U188,1.0,LOG,AUTH_SUCCESS,C239
6811,397,U188,1.0,LOG,AUTH_SUCCESS,C256
6812,397,U12,1.0,LOG,AUTH_SUCCESS,C734
6813,397,U12,1.0,LOG,AUTH_SUCCESS,C210
6814,397,U12,1.0,LOG,AUTH_SUCCESS,C427
6815,397,U12,1.0,LOG,AUTH_SUCCESS,C428
6816,397,U105,1.0,LOG,AUTH_SUCCESS,C160
6817,397,U46,1.0,LOG,AUTH_SUCCESS,C154
6818,398,U268,1.0,LOG,AUTH_SUCCESS,C150
6819,398,U268,1.0,LOG,AUTH_SUCCESS,C358
6820,398,U1002,1.0,LOG,AUTH_SUCCESS,C1160
6821,398,U52,1.0,LOG,AUTH_SUCCESS,C57
6822,398,U53,1.0,LOG,AUTH_SUCCESS,C58
6823,398,U317,1.0,LOG,AUTH_SUCCESS,C423
6824,398,U815,1.0,LOG,AUTH_SUCCESS,C959
6825,398,U202,1.0,LOG,AUTH_SUCCESS,C148
6826,398,U202,1.0,LOG,AUTH_SUCCESS,C275
6827,398,U12,1.0,LOG,AUTH_SUCCESS,C107
6828,398,U12,1.0,LOG,AUTH_SUCCESS,C13
6829,398,U159,1.0,LOG,AUTH_SUCCESS,C160
6830,399,U457,1.0,LOG,AUTH_SUCCESS,C585
6831,399,U457,1.0,LOG,AUTH_SUCCESS,C394
6832,399,U1004,1.0,LOG,AUTH_SUCCESS,C1162
6833,399,U216,1.0,LOG,AUTH_SUCCESS,C219
6834,399,U216,1.0,LOG,AUTH_SUCCESS,C291
6835,399,U12,1.0,LOG,AUTH_SUCCESS,C443
6836,399,U12,1.0,LOG,AUTH_SUCCESS,C431
6837,399,U12,1.0,LOG,AUTH_SUCCESS,C265
6838,399,U159,1.0,LOG,AUTH_SUCCESS,C160
6839,399,U128,1.0,LOG,AUTH_SUCCESS,C167
6840,399,U128,1.0,LOG,AUTH_SUCCESS,C176
6841,400,U212,1.0,LOG,AUTH_SUCCESS,C287
6842,400,U956,1.0,LOG,AUTH_SUCCESS,C1113
6843,400,U1004,1.0,LOG,AUTH_SUCCESS,C1162
6844,400,U324,1.0,LOG,AUTH_SUCCESS,C434
6845,400,U60,1.0,LOG,AUTH_SUCCESS,C65
6846,400,U12,1.0,LOG,AUTH_SUCCESS,C13
6847,401,U211,1.0,LOG,AUTH_SUCCESS,C248
6848,401,U211,1.0,LOG,AUTH_SUCCESS,C286
6849,401,U212,1.0,LOG,AUTH_SUCCESS,C295
6850,401,U212,1.0,LOG,AUTH_SUCCESS,C280
6851,401,U212,1.0,LOG,AUTH_SUCCESS,C287
6852,401,U956,1.0,LOG,AUTH_SUCCESS,C1113
6853,401,U286,1.0,LOG,AUTH_SUCCESS,C151
6854,401,U286,1.0,LOG,AUTH_SUCCESS,C382
6855,401,U1004,1.0,LOG,AUTH_SUCCESS,C1162
6856,401,U218,1.0,LOG,AUTH_SUCCESS,C219
6857,401,U218,1.0,LOG,AUTH_SUCCESS,C296
6858,401,U324,1.0,LOG,AUTH_SUCCESS,C434
6859,401,U261,1.0,LOG,AUTH_SUCCESS,C200
6860,401,U261,1.0,LOG,AUTH_SUCCESS,C352
6861,401,U329,1.0,LOG,AUTH_SUCCESS,C440
6862,401,U48,1.0,LOG,AUTH_SUCCESS,C292
6863,401,U60,1.0,LOG,AUTH_SUCCESS,C173
6864,401,U159,1.0,LOG,AUTH_SUCCESS,C160
6865,401,U46,1.0,LOG,AUTH_SUCCESS,C154
6866,402,U1005,1.0,LOG,AUTH_SUCCESS,C1163
6867,402,U326,1.0,LOG,AUTH_SUCCESS,C436
6868,402,U225,1.0,LOG,AUTH_SUCCESS,C304
6869,402,U225,1.0,LOG,AUTH_SUCCESS,C305
6870,402,U214,1.0,LOG,AUTH_SUCCESS,C289
6871,402,U214,1.0,LOG,AUTH_SUCCESS,C148
6872,402,U227,1.0,LOG,AUTH_SUCCESS,C308
6873,402,U227,1.0,LOG,AUTH_SUCCESS,C148
6874,402,U9,1.0,LOG,AUTH_SUCCESS,C10
6875,402,U12,1.0,LOG,AUTH_SUCCESS,C94
6876,402,U12,1.0,LOG,AUTH_SUCCESS,C13
6877,403,U1005,1.0,LOG,AUTH_SUCCESS,C1163
6878,403,U326,1.0,LOG,AUTH_SUCCESS,C436
6879,403,U309,1.0,LOG,AUTH_SUCCESS,C411
6880,403,U9,1.0,LOG,AUTH_SUCCESS,C10
6881,403,U13,1.0,LOG,AUTH_SUCCESS,C42
6882,403,U12,1.0,LOG,AUTH_SUCCESS,C324
6883,403,U12,1.0,LOG,AUTH_SUCCESS,C211
6884,403,U12,1.0,LOG,AUTH_SUCCESS,C443
6885,403,U95,1.0,LOG,AUTH_SUCCESS,C154
6886,403,U184,1.0,LOG,AUTH_SUCCESS,C154
6887,403,U105,1.0,LOG,AUTH_SUCCESS,C160
6888,403,U159,1.0,LOG,AUTH_SUCCESS,C160
6889,404,U1005,1.0,LOG,AUTH_SUCCESS,C1163
6890,404,U223,1.0,LOG,AUTH_SUCCESS,C148
6891,404,U223,1.0,LOG,AUTH_SUCCESS,C302
6892,404,U1006,1.0,LOG,AUTH_SUCCESS,C1164
6893,404,U309,1.0,LOG,AUTH_SUCCESS,C411
6894,404,U12,1.0,LOG,AUTH_SUCCESS,C449
6895,404,U95,1.0,LOG,AUTH_SUCCESS,C154
6896,404,U184,1.0,LOG,AUTH_SUCCESS,C154
6897,404,U97,1.0,LOG,AUTH_SUCCESS,C116
6898,404,U128,1.0,LOG,AUTH_SUCCESS,C167
6899,404,U128,1.0,LOG,AUTH_SUCCESS,C176
6900,404,U67,1.0,LOG,AUTH_SUCCESS,C49
6901,405,U1005,1.0,LOG,AUTH_SUCCESS,C1163
6902,405,U235,1.0,LOG,AUTH_SUCCESS,C219
6903,405,U235,1.0,LOG,AUTH_SUCCESS,C320
6904,405,U68,1.0,LOG,AUTH_SUCCESS,C71
6905,405,U1004,1.0,LOG,AUTH_SUCCESS,C134
6906,405,U1004,1.0,LOG,AUTH_SUCCESS,C1162
6907,405,U14,1.0,LOG,AUTH_SUCCESS,C219
6908,405,U14,1.0,LOG,AUTH_SUCCESS,C15
6909,405,U1007,1.0,LOG,AUTH_SUCCESS,C1165
6910,405,U1007,1.0,LOG,AUTH_SUCCESS,C150
6911,405,U60,1.0,LOG,AUTH_SUCCESS,C108
6912,405,U60,1.0,LOG,AUTH_SUCCESS,C173
6913,405,U12,1.0,LOG,AUTH_SUCCESS,C451
6914,405,U184,1.0,LOG,AUTH_SUCCESS,C154
6915,405,U66,1.0,LOG,AUTH_SUCCESS,C1
6916,405,U67,1.0,LOG,AUTH_SUCCESS,C154
6917,405,U67,1.0,LOG,AUTH_SUCCESS,C49
6918,406,U68,1.0,LOG,AUTH_SUCCESS,C71
6919,406,U30,1.0,LOG,AUTH_SUCCESS,C150
6920,406,U30,1.0,LOG,AUTH_SUCCESS,C31
6921,406,U77,1.0,LOG,AUTH_SUCCESS,C78
6922,406,U60,1.0,LOG,AUTH_SUCCESS,C173
6923,406,U12,1.0,LOG,AUTH_SUCCESS,C13
6924,406,U184,1.0,LOG,AUTH_SUCCESS,C154
6925,406,U179,1.0,LOG,AUTH_SUCCESS,C175
6926,406,U66,1.0,LOG,AUTH_SUCCESS,C1
6927,407,U338,1.0,LOG,AUTH_SUCCESS,C452
6928,407,U57,1.0,LOG,AUTH_SUCCESS,C62
6929,407,U1008,1.0,LOG,AUTH_SUCCESS,C1166
6930,407,U30,1.0,LOG,AUTH_SUCCESS,C31
6931,407,U53,1.0,LOG,AUTH_SUCCESS,C58
6932,407,U244,1.0,LOG,AUTH_SUCCESS,C219
6933,407,U244,1.0,LOG,AUTH_SUCCESS,C330
6934,407,U12,1.0,LOG,AUTH_SUCCESS,C270
6935,407,U12,1.0,LOG,AUTH_SUCCESS,C293
6936,407,U12,1.0,LOG,AUTH_SUCCESS,C456
6937,407,U12,1.0,LOG,AUTH_SUCCESS,C13
6938,407,U204,1.0,LOG,AUTH_SUCCESS,C154
6939,407,U66,1.0,LOG,AUTH_SUCCESS,C1
6940,408,U349,1.0,LOG,AUTH_SUCCESS,C466
6941,408,U1009,1.0,LOG,AUTH_SUCCESS,C1167
6942,408,U57,1.0,LOG,AUTH_SUCCESS,C62
6943,408,U350,1.0,LOG,AUTH_SUCCESS,C467
6944,408,U1010,1.0,LOG,AUTH_SUCCESS,C1168
6945,408,U1008,1.0,LOG,AUTH_SUCCESS,C1166
6946,408,U16,1.0,LOG,AUTH_SUCCESS,C148
6947,408,U16,1.0,LOG,AUTH_SUCCESS,C17
6948,408,U53,1.0,LOG,AUTH_SUCCESS,C58
6949,408,U127,1.0,LOG,AUTH_SUCCESS,C155
6950,408,U93,1.0,LOG,AUTH_SUCCESS,C53
6951,408,U93,1.0,LOG,AUTH_SUCCESS,C107
6952,408,U12,1.0,LOG,AUTH_SUCCESS,C335
6953,408,U12,1.0,LOG,AUTH_SUCCESS,C251
6954,408,U12,1.0,LOG,AUTH_SUCCESS,C13
6955,408,U179,1.0,LOG,AUTH_SUCCESS,C175
6956,408,U66,1.0,LOG,AUTH_SUCCESS,C133
6957,409,U349,1.0,LOG,AUTH_SUCCESS,C466
6958,409,U357,1.0,LOG,AUTH_SUCCESS,C477
6959,409,U1009,1.0,LOG,AUTH_SUCCESS,C1167
6960,409,U354,1.0,LOG,AUTH_SUCCESS,C472
6961,409,U350,1.0,LOG,AUTH_SUCCESS,C467
6962,409,U1010,1.0,LOG,AUTH_SUCCESS,C1168
6963,409,U525,1.0,LOG,AUTH_SUCCESS,C658
6964,409,U1011,1.0,LOG,AUTH_SUCCESS,C1169
6965,409,U70,1.0,LOG,AUTH_SUCCESS,C122
6966,409,U29,1.0,LOG,AUTH_SUCCESS,C30
6967,409,U77,1.0,LOG,AUTH_SUCCESS,C234
6968,409,U77,1.0,LOG,AUTH_SUCCESS,C78
6969,409,U101,1.0,LOG,AUTH_SUCCESS,C123
6970,409,U1012,1.0,LOG,AUTH_SUCCESS,C1170
6971,409,U93,1.0,LOG,AUTH_SUCCESS,C53
6972,409,U93,1.0,LOG,AUTH_SUCCESS,C107
6973,409,U12,1.0,LOG,AUTH_SUCCESS,C174
6974,409,U128,1.0,LOG,AUTH_SUCCESS,C167
6975,409,U128,1.0,LOG,AUTH_SUCCESS,C176
6976,410,U106,1.0,LOG,AUTH_SUCCESS,C136
6977,410,U357,1.0,LOG,AUTH_SUCCESS,C477
6978,410,U354,1.0,LOG,AUTH_SUCCESS,C472
6979,410,U1008,1.0,LOG,AUTH_SUCCESS,C134
6980,410,U1008,1.0,LOG,AUTH_SUCCESS,C1166
6981,410,U16,1.0,LOG,AUTH_SUCCESS,C17
6982,410,U1004,1.0,LOG,AUTH_SUCCESS,C134
6983,410,U1004,1.0,LOG,AUTH_SUCCESS,C1162
6984,410,U4,1.0,LOG,AUTH_SUCCESS,C5
6985,410,U70,1.0,LOG,AUTH_SUCCESS,C122
6986,410,U101,1.0,LOG,AUTH_SUCCESS,C123
6987,410,U337,1.0,LOG,AUTH_SUCCESS,C450
6988,410,U337,1.0,LOG,AUTH_SUCCESS,C150
6989,410,U359,1.0,LOG,AUTH_SUCCESS,C479
6990,410,U1012,1.0,LOG,AUTH_SUCCESS,C1170
6991,410,U12,1.0,LOG,AUTH_SUCCESS,C486
6992,410,U159,1.0,LOG,AUTH_SUCCESS,C160
6993,410,U179,1.0,LOG,AUTH_SUCCESS,C175
6994,410,U112,1.0,LOG,AUTH_SUCCESS,C310
6995,411,U106,1.0,LOG,AUTH_SUCCESS,C136
6996,411,U1,1.0,LOG,AUTH_SUCCESS,C1171
6997,411,U16,1.0,LOG,AUTH_SUCCESS,C17
6998,411,U63,1.0,LOG,AUTH_SUCCESS,C68
6999,411,U361,1.0,LOG,AUTH_SUCCESS,C481
7000,411,U4,1.0,LOG,AUTH_SUCCESS,C5
7001,411,U29,1.0,LOG,AUTH_SUCCESS,C30
7002,411,U359,1.0,LOG,AUTH_SUCCESS,C479
7003,411,U1012,1.0,LOG,AUTH_SUCCESS,C1170
7004,411,U93,1.0,LOG,AUTH_SUCCESS,C107
7005,411,U60,1.0,LOG,AUTH_SUCCESS,C173
7006,411,U12,1.0,LOG,AUTH_SUCCESS,C264
7007,411,U12,1.0,LOG,AUTH_SUCCESS,C107
7008,411,U12,1.0,LOG,AUTH_SUCCESS,C13
7009,412,U113,1.0,LOG,AUTH_SUCCESS,C147
7010,412,U113,1.0,LOG,AUTH_SUCCESS,C148
7011,412,U1,1.0,LOG,AUTH_SUCCESS,C1171
7012,412,U972,1.0,LOG,AUTH_SUCCESS,C1128
7013,412,U252,1.0,LOG,AUTH_SUCCESS,C339
7014,412,U252,1.0,LOG,AUTH_SUCCESS,C225
7015,412,U16,1.0,LOG,AUTH_SUCCESS,C148
7016,412,U16,1.0,LOG,AUTH_SUCCESS,C17
7017,412,U1013,1.0,LOG,AUTH_SUCCESS,C144
7018,412,U1013,1.0,LOG,AUTH_SUCCESS,C82
7019,412,U1013,1.0,LOG,AUTH_SUCCESS,C146
7020,412,U120,1.0,LOG,AUTH_SUCCESS,C164
7021,412,U120,1.0,LOG,AUTH_SUCCESS,C148
7022,412,U1014,1.0,LOG,AUTH_SUCCESS,C1172
7023,412,U4,1.0,LOG,AUTH_SUCCESS,C150
7024,412,U4,1.0,LOG,AUTH_SUCCESS,C5
7025,412,U337,1.0,LOG,AUTH_SUCCESS,C450
7026,412,U337,1.0,LOG,AUTH_SUCCESS,C150
7027,412,U12,1.0,LOG,AUTH_SUCCESS,C213
7028,412,U179,1.0,LOG,AUTH_SUCCESS,C175
7029,413,U1,1.0,LOG,AUTH_SUCCESS,C1171
7030,413,U16,1.0,LOG,AUTH_SUCCESS,C17
7031,413,U1013,1.0,LOG,AUTH_SUCCESS,C144
7032,413,U1015,1.0,LOG,AUTH_SUCCESS,C476
7033,413,U1015,1.0,LOG,AUTH_SUCCESS,C145
7034,413,U1015,1.0,LOG,AUTH_SUCCESS,C83
7035,413,U21,1.0,LOG,AUTH_SUCCESS,C22
7036,413,U4,1.0,LOG,AUTH_SUCCESS,C5
7037,413,U29,1.0,LOG,AUTH_SUCCESS,C30
7038,413,U1016,1.0,LOG,AUTH_SUCCESS,C1173
7039,413,U12,1.0,LOG,AUTH_SUCCESS,C351
7040,414,U1,1.0,LOG,AUTH_SUCCESS,C1171
7041,414,U676,1.0,LOG,AUTH_SUCCESS,C1174
7042,414,U394,1.0,LOG,AUTH_SUCCESS,C514
7043,414,U1015,1.0,LOG,AUTH_SUCCESS,C476
7044,414,U6,1.0,LOG,AUTH_SUCCESS,C7
7045,414,U6,1.0,LOG,AUTH_SUCCESS,C148
7046,414,U934,1.0,LOG,AUTH_SUCCESS,C1084
7047,414,U114,1.0,LOG,AUTH_SUCCESS,C149
7048,414,U114,1.0,LOG,AUTH_SUCCESS,C148
7049,414,U370,1.0,LOG,AUTH_SUCCESS,C493
7050,414,U220,1.0,LOG,AUTH_SUCCESS,C1175
7051,414,U136,1.0,LOG,AUTH_SUCCESS,C185
7052,414,U115,1.0,LOG,AUTH_SUCCESS,C148
7053,414,U115,1.0,LOG,AUTH_SUCCESS,C152
7054,414,U13,1.0,LOG,AUTH_SUCCESS,C14
7055,414,U13,1.0,LOG,AUTH_SUCCESS,C209
7056,414,U93,1.0,LOG,AUTH_SUCCESS,C251
7057,414,U93,1.0,LOG,AUTH_SUCCESS,C107
7058,414,U12,1.0,LOG,AUTH_SUCCESS,C342
7059,414,U12,1.0,LOG,AUTH_SUCCESS,C251
7060,414,U12,1.0,LOG,AUTH_SUCCESS,C265
7061,414,U97,1.0,LOG,AUTH_SUCCESS,C175
7062,414,U97,1.0,LOG,AUTH_SUCCESS,C161
7063,414,U128,1.0,LOG,AUTH_SUCCESS,C167
7064,414,U128,1.0,LOG,AUTH_SUCCESS,C176
7065,415,U144,1.0,LOG,AUTH_SUCCESS,C195
7066,415,U1009,1.0,LOG,AUTH_SUCCESS,C134
7067,415,U1009,1.0,LOG,AUTH_SUCCESS,C1167
7068,415,U371,1.0,LOG,AUTH_SUCCESS,C494
7069,415,U63,1.0,LOG,AUTH_SUCCESS,C234
7070,415,U63,1.0,LOG,AUTH_SUCCESS,C68
7071,415,U6,1.0,LOG,AUTH_SUCCESS,C7
7072,415,U934,1.0,LOG,AUTH_SUCCESS,C1084
7073,415,U370,1.0,LOG,AUTH_SUCCESS,C493
7074,415,U140,1.0,LOG,AUTH_SUCCESS,C190
7075,415,U365,1.0,LOG,AUTH_SUCCESS,C488
7076,415,U124,1.0,LOG,AUTH_SUCCESS,C192
7077,415,U1017,1.0,LOG,AUTH_SUCCESS,C1176
7078,415,U12,1.0,LOG,AUTH_SUCCESS,C264
7079,415,U12,1.0,LOG,AUTH_SUCCESS,C13
7080,415,U12,1.0,LOG,AUTH_SUCCESS,C343
7081,415,U95,1.0,LOG,AUTH_SUCCESS,C154
7082,415,U112,1.0,LOG,AUTH_SUCCESS,C144
7083,416,U144,1.0,LOG,AUTH_SUCCESS,C195
7084,416,U130,1.0,LOG,AUTH_SUCCESS,C179
7085,416,U130,1.0,LOG,AUTH_SUCCESS,C148
7086,416,U371,1.0,LOG,AUTH_SUCCESS,C494
7087,416,U376,1.0,LOG,AUTH_SUCCESS,C498
7088,416,U147,1.0,LOG,AUTH_SUCCESS,C198
7089,416,U132,1.0,LOG,AUTH_SUCCESS,C181
7090,416,U132,1.0,LOG,AUTH_SUCCESS,C148
7091,416,U1018,1.0,LOG,AUTH_SUCCESS,C1177
7092,416,U378,1.0,LOG,AUTH_SUCCESS,C500
7093,416,U361,1.0,LOG,AUTH_SUCCESS,C481
7094,416,U6,1.0,LOG,AUTH_SUCCESS,C7
7095,416,U6,1.0,LOG,AUTH_SUCCESS,C148
7096,416,U151,1.0,LOG,AUTH_SUCCESS,C202
7097,416,U140,1.0,LOG,AUTH_SUCCESS,C190
7098,416,U365,1.0,LOG,AUTH_SUCCESS,C150
7099,416,U365,1.0,LOG,AUTH_SUCCESS,C488
7100,416,U124,1.0,LOG,AUTH_SUCCESS,C192
7101,416,U124,1.0,LOG,AUTH_SUCCESS,C168
7102,416,U152,1.0,LOG,AUTH_SUCCESS,C206
7103,416,U1017,1.0,LOG,AUTH_SUCCESS,C1176
7104,416,U154,1.0,LOG,AUTH_SUCCESS,C208
7105,416,U154,1.0,LOG,AUTH_SUCCESS,C148
7106,416,U60,1.0,LOG,AUTH_SUCCESS,C173
7107,416,U60,1.0,LOG,AUTH_SUCCESS,C65
7108,416,U12,1.0,LOG,AUTH_SUCCESS,C173
7109,416,U12,1.0,LOG,AUTH_SUCCESS,C54
7110,416,U112,1.0,LOG,AUTH_SUCCESS,C144
7111,417,U380,1.0,LOG,AUTH_SUCCESS,C501
7112,417,U376,1.0,LOG,AUTH_SUCCESS,C498
7113,417,U147,1.0,LOG,AUTH_SUCCESS,C198
7114,417,U378,1.0,LOG,AUTH_SUCCESS,C500
7115,417,U63,1.0,LOG,AUTH_SUCCESS,C234
7116,417,U63,1.0,LOG,AUTH_SUCCESS,C68
7117,417,U6,1.0,LOG,AUTH_SUCCESS,C7
7118,417,U151,1.0,LOG,AUTH_SUCCESS,C202
7119,417,U1019,1.0,LOG,AUTH_SUCCESS,C1178
7120,417,U152,1.0,LOG,AUTH_SUCCESS,C206
7121,417,U383,1.0,LOG,AUTH_SUCCESS,C504
7122,417,U116,1.0,LOG,AUTH_SUCCESS,C155
7123,417,U385,1.0,LOG,AUTH_SUCCESS,C155
7124,417,U127,1.0,LOG,AUTH_SUCCESS,C155
7125,417,U12,1.0,LOG,AUTH_SUCCESS,C236
7126,417,U12,1.0,LOG,AUTH_SUCCESS,C13
7127,417,U12,1.0,LOG,AUTH_SUCCESS,C54
7128,417,U12,1.0,LOG,AUTH_SUCCESS,C351
7129,417,U105,1.0,LOG,AUTH_SUCCESS,C160
7130,418,U380,1.0,LOG,AUTH_SUCCESS,C501
7131,418,U386,1.0,LOG,AUTH_SUCCESS,C506
7132,418,U231,1.0,LOG,AUTH_SUCCESS,C316
7133,418,U231,1.0,LOG,AUTH_SUCCESS,C317
7134,418,U1018,1.0,LOG,AUTH_SUCCESS,C1177
7135,418,U1019,1.0,LOG,AUTH_SUCCESS,C1178
7136,418,U365,1.0,LOG,AUTH_SUCCESS,C488
7137,418,U152,1.0,LOG,AUTH_SUCCESS,C206
7138,418,U1017,1.0,LOG,AUTH_SUCCESS,C1176
7139,418,U1017,1.0,LOG,AUTH_SUCCESS,C134
7140,418,U153,1.0,LOG,AUTH_SUCCESS,C207
7141,418,U153,1.0,LOG,AUTH_SUCCESS,C148
7142,418,U1020,1.0,LOG,AUTH_SUCCESS,C476
7143,418,U1020,1.0,LOG,AUTH_SUCCESS,C82
7144,418,U1020,1.0,LOG,AUTH_SUCCESS,C146
7145,418,U383,1.0,LOG,AUTH_SUCCESS,C504
7146,418,U77,1.0,LOG,AUTH_SUCCESS,C78
7147,418,U336,1.0,LOG,AUTH_SUCCESS,C448
7148,418,U13,1.0,LOG,AUTH_SUCCESS,C172
7149,418,U60,1.0,LOG,AUTH_SUCCESS,C65
7150,418,U12,1.0,LOG,AUTH_SUCCESS,C335
7151,418,U12,1.0,LOG,AUTH_SUCCESS,C54
7152,418,U159,1.0,LOG,AUTH_SUCCESS,C160
7153,419,U251,1.0,LOG,AUTH_SUCCESS,C338
7154,419,U386,1.0,LOG,AUTH_SUCCESS,C506
7155,419,U1019,1.0,LOG,AUTH_SUCCESS,C1178
7156,419,U163,1.0,LOG,AUTH_SUCCESS,C219
7157,419,U163,1.0,LOG,AUTH_SUCCESS,C220
7158,419,U142,1.0,LOG,AUTH_SUCCESS,C193
7159,419,U1020,1.0,LOG,AUTH_SUCCESS,C476
7160,419,U116,1.0,LOG,AUTH_SUCCESS,C155
7161,419,U127,1.0,LOG,AUTH_SUCCESS,C155
7162,419,U60,1.0,LOG,AUTH_SUCCESS,C65
7163,419,U12,1.0,LOG,AUTH_SUCCESS,C312
7164,419,U12,1.0,LOG,AUTH_SUCCESS,C381
7165,419,U12,1.0,LOG,AUTH_SUCCESS,C635
7166,419,U95,1.0,LOG,AUTH_SUCCESS,C154
7167,419,U159,1.0,LOG,AUTH_SUCCESS,C160
7168,419,U128,1.0,LOG,AUTH_SUCCESS,C167
7169,419,U128,1.0,LOG,AUTH_SUCCESS,C176
7170,419,U112,1.0,LOG,AUTH_SUCCESS,C82
7171,419,U112,1.0,LOG,AUTH_SUCCESS,C310
7172,420,U389,1.0,LOG,AUTH_SUCCESS,C507
7173,420,U165,1.0,LOG,AUTH_SUCCESS,C223
7174,420,U1021,1.0,LOG,AUTH_SUCCESS,C1179
7175,420,U39,1.0,LOG,AUTH_SUCCESS,C41
7176,420,U1017,1.0,LOG,AUTH_SUCCESS,C1176
7177,420,U1017,1.0,LOG,AUTH_SUCCESS,C134
7178,420,U401,1.0,LOG,AUTH_SUCCESS,C521
7179,420,U60,1.0,LOG,AUTH_SUCCESS,C65
7180,420,U12,1.0,LOG,AUTH_SUCCESS,C431
7181,420,U12,1.0,LOG,AUTH_SUCCESS,C343
7182,420,U97,1.0,LOG,AUTH_SUCCESS,C161
7183,421,U389,1.0,LOG,AUTH_SUCCESS,C507
7184,421,U170,1.0,LOG,AUTH_SUCCESS,C229
7185,421,U391,1.0,LOG,AUTH_SUCCESS,C511
7186,421,U1021,1.0,LOG,AUTH_SUCCESS,C1179
7187,421,U39,1.0,LOG,AUTH_SUCCESS,C41
7188,421,U509,1.0,LOG,AUTH_SUCCESS,C200
7189,421,U509,1.0,LOG,AUTH_SUCCESS,C642
7190,421,U77,1.0,LOG,AUTH_SUCCESS,C234
7191,421,U77,1.0,LOG,AUTH_SUCCESS,C78
7192,421,U1022,1.0,LOG,AUTH_SUCCESS,C1180
7193,421,U401,1.0,LOG,AUTH_SUCCESS,C521
7194,421,U336,1.0,LOG,AUTH_SUCCESS,C448
7195,421,U336,1.0,LOG,AUTH_SUCCESS,C200
7196,421,U60,1.0,LOG,AUTH_SUCCESS,C213
7197,421,U60,1.0,LOG,AUTH_SUCCESS,C65
7198,421,U60,1.0,LOG,AUTH_SUCCESS,C157
7199,421,U12,1.0,LOG,AUTH_SUCCESS,C107
7200,421,U159,1.0,LOG,AUTH_SUCCESS,C160
7201,422,U130,1.0,LOG,AUTH_SUCCESS,C179
7202,422,U130,1.0,LOG,AUTH_SUCCESS,C239
7203,422,U120,1.0,LOG,AUTH_SUCCESS,C164
7204,422,U120,1.0,LOG,AUTH_SUCCESS,C239
7205,422,U391,1.0,LOG,AUTH_SUCCESS,C511
7206,422,U1021,1.0,LOG,AUTH_SUCCESS,C1179
7207,422,U167,1.0,LOG,AUTH_SUCCESS,C225
7208,422,U167,1.0,LOG,AUTH_SUCCESS,C226
7209,422,U202,1.0,LOG,AUTH_SUCCESS,C239
7210,422,U202,1.0,LOG,AUTH_SUCCESS,C275
7211,422,U153,1.0,LOG,AUTH_SUCCESS,C207
7212,422,U153,1.0,LOG,AUTH_SUCCESS,C239
7213,422,U1022,1.0,LOG,AUTH_SUCCESS,C1180
7214,422,U401,1.0,LOG,AUTH_SUCCESS,C521
7215,422,U127,1.0,LOG,AUTH_SUCCESS,C155
7216,422,U112,1.0,LOG,AUTH_SUCCESS,C144
7217,423,U180,1.0,LOG,AUTH_SUCCESS,C246
7218,423,U1023,1.0,LOG,AUTH_SUCCESS,C1181
7219,423,U1024,1.0,LOG,AUTH_SUCCESS,C1182
7220,423,U1024,1.0,LOG,AUTH_SUCCESS,C151
7221,423,U1024,1.0,LOG,AUTH_SUCCESS,C135
7222,423,U1024,1.0,LOG,AUTH_SUCCESS,C1183
7223,423,U1025,1.0,LOG,AUTH_SUCCESS,C144
7224,423,U1025,1.0,LOG,AUTH_SUCCESS,C476
7225,423,U1025,1.0,LOG,AUTH_SUCCESS,C301
7226,423,U1025,1.0,LOG,AUTH_SUCCESS,C82
7227,423,U1026,1.0,LOG,AUTH_SUCCESS,C1184
7228,423,U135,1.0,LOG,AUTH_SUCCESS,C184
7229,423,U1027,1.0,LOG,AUTH_SUCCESS,C1185
7230,423,U182,1.0,LOG,AUTH_SUCCESS,C248
7231,423,U182,1.0,LOG,AUTH_SUCCESS,C249
7232,423,U116,1.0,LOG,AUTH_SUCCESS,C155
7233,423,U184,1.0,LOG,AUTH_SUCCESS,C154
7234,423,U159,1.0,LOG,AUTH_SUCCESS,C160
7235,424,U1028,1.0,LOG,AUTH_SUCCESS,C1186
7236,424,U180,1.0,LOG,AUTH_SUCCESS,C246
7237,424,U1023,1.0,LOG,AUTH_SUCCESS,C1181
7238,424,U1029,1.0,LOG,AUTH_SUCCESS,C1187
7239,424,U1030,1.0,LOG,AUTH_SUCCESS,C1188
7240,424,U947,1.0,LOG,AUTH_SUCCESS,C1104
7241,424,U323,1.0,LOG,AUTH_SUCCESS,C433
7242,424,U177,1.0,LOG,AUTH_SUCCESS,C242
7243,424,U177,1.0,LOG,AUTH_SUCCESS,C148
7244,424,U191,1.0,LOG,AUTH_SUCCESS,C258
7245,424,U1025,1.0,LOG,AUTH_SUCCESS,C144
7246,424,U1025,1.0,LOG,AUTH_SUCCESS,C476
7247,424,U1025,1.0,LOG,AUTH_SUCCESS,C301
7248,424,U1025,1.0,LOG,AUTH_SUCCESS,C145
7249,424,U1026,1.0,LOG,AUTH_SUCCESS,C1184
7250,424,U193,1.0,LOG,AUTH_SUCCESS,C260
7251,424,U135,1.0,LOG,AUTH_SUCCESS,C184
7252,424,U183,1.0,LOG,AUTH_SUCCESS,C250
7253,424,U60,1.0,LOG,AUTH_SUCCESS,C108
7254,424,U12,1.0,LOG,AUTH_SUCCESS,C524
7255,424,U12,1.0,LOG,AUTH_SUCCESS,C449
7256,424,U184,1.0,LOG,AUTH_SUCCESS,C154
7257,424,U156,1.0,LOG,AUTH_SUCCESS,C161
7258,424,U128,1.0,LOG,AUTH_SUCCESS,C167
7259,424,U128,1.0,LOG,AUTH_SUCCESS,C176
7260,424,U67,1.0,LOG,AUTH_SUCCESS,C49
7261,425,U180,1.0,LOG,AUTH_SUCCESS,C246
7262,425,U1023,1.0,LOG,AUTH_SUCCESS,C1181
7263,425,U628,1.0,LOG,AUTH_SUCCESS,C760
7264,425,U628,1.0,LOG,AUTH_SUCCESS,C248
7265,425,U1029,1.0,LOG,AUTH_SUCCESS,C1187
7266,425,U323,1.0,LOG,AUTH_SUCCESS,C433
7267,425,U193,1.0,LOG,AUTH_SUCCESS,C260
7268,425,U1031,1.0,LOG,AUTH_SUCCESS,C1189
7269,425,U135,1.0,LOG,AUTH_SUCCESS,C184
7270,425,U60,1.0,LOG,AUTH_SUCCESS,C108
7271,425,U12,1.0,LOG,AUTH_SUCCESS,C236
7272,425,U12,1.0,LOG,AUTH_SUCCESS,C343
7273,425,U12,1.0,LOG,AUTH_SUCCESS,C54
7274,425,U184,1.0,LOG,AUTH_SUCCESS,C154
7275,425,U112,1.0,LOG,AUTH_SUCCESS,C144
7276,425,U112,1.0,LOG,AUTH_SUCCESS,C146
7277,425,U67,1.0,LOG,AUTH_SUCCESS,C154
7278,425,U67,1.0,LOG,AUTH_SUCCESS,C49
7279,426,U180,1.0,LOG,AUTH_SUCCESS,C246
7280,426,U1023,1.0,LOG,AUTH_SUCCESS,C1181
7281,426,U175,1.0,LOG,AUTH_SUCCESS,C240
7282,426,U175,1.0,LOG,AUTH_SUCCESS,C200
7283,426,U1029,1.0,LOG,AUTH_SUCCESS,C1187
7284,426,U555,1.0,LOG,AUTH_SUCCESS,C150
7285,426,U555,1.0,LOG,AUTH_SUCCESS,C689
7286,426,U186,1.0,LOG,AUTH_SUCCESS,C254
7287,426,U186,1.0,LOG,AUTH_SUCCESS,C148
7288,426,U191,1.0,LOG,AUTH_SUCCESS,C258
7289,426,U1032,1.0,LOG,AUTH_SUCCESS,C1190
7290,426,U194,1.0,LOG,AUTH_SUCCESS,C268
7291,426,U194,1.0,LOG,AUTH_SUCCESS,C262
7292,426,U194,1.0,LOG,AUTH_SUCCESS,C263
7293,426,U197,1.0,LOG,AUTH_SUCCESS,C269
7294,426,U188,1.0,LOG,AUTH_SUCCESS,C148
7295,426,U188,1.0,LOG,AUTH_SUCCESS,C256
7296,426,U60,1.0,LOG,AUTH_SUCCESS,C173
7297,426,U12,1.0,LOG,AUTH_SUCCESS,C465
7298,426,U184,1.0,LOG,AUTH_SUCCESS,C154
7299,426,U179,1.0,LOG,AUTH_SUCCESS,C175
7300,426,U112,1.0,LOG,AUTH_SUCCESS,C144
7301,426,U112,1.0,LOG,AUTH_SUCCESS,C310
7302,427,U407,1.0,LOG,AUTH_SUCCESS,C529
7303,427,U457,1.0,LOG,AUTH_SUCCESS,C585
7304,427,U457,1.0,LOG,AUTH_SUCCESS,C394
7305,427,U356,1.0,LOG,AUTH_SUCCESS,C474
7306,427,U396,1.0,LOG,AUTH_SUCCESS,C516
7307,427,U408,1.0,LOG,AUTH_SUCCESS,C530
7308,427,U194,1.0,LOG,AUTH_SUCCESS,C262
7309,427,U194,1.0,LOG,AUTH_SUCCESS,C263
7310,427,U188,1.0,LOG,AUTH_SUCCESS,C239
7311,427,U188,1.0,LOG,AUTH_SUCCESS,C256
7312,427,U204,1.0,LOG,AUTH_SUCCESS,C154
7313,428,U407,1.0,LOG,AUTH_SUCCESS,C529
7314,428,U1033,1.0,LOG,AUTH_SUCCESS,C150
7315,428,U1033,1.0,LOG,AUTH_SUCCESS,C1191
7316,428,U356,1.0,LOG,AUTH_SUCCESS,C150
7317,428,U356,1.0,LOG,AUTH_SUCCESS,C474
7318,428,U658,1.0,LOG,AUTH_SUCCESS,C794
7319,428,U207,1.0,LOG,AUTH_SUCCESS,C279
7320,428,U408,1.0,LOG,AUTH_SUCCESS,C530
7321,428,U202,1.0,LOG,AUTH_SUCCESS,C148
7322,428,U202,1.0,LOG,AUTH_SUCCESS,C275
7323,428,U1034,1.0,LOG,AUTH_SUCCESS,C1192
7324,428,U197,1.0,LOG,AUTH_SUCCESS,C269
7325,428,U197,1.0,LOG,AUTH_SUCCESS,C280
7326,428,U12,1.0,LOG,AUTH_SUCCESS,C210
7327,428,U179,1.0,LOG,AUTH_SUCCESS,C175
7328,429,U407,1.0,LOG,AUTH_SUCCESS,C529
7329,429,U216,1.0,LOG,AUTH_SUCCESS,C219
7330,429,U216,1.0,LOG,AUTH_SUCCESS,C291
7331,429,U1035,1.0,LOG,AUTH_SUCCESS,C145
7332,429,U1035,1.0,LOG,AUTH_SUCCESS,C83
7333,429,U1035,1.0,LOG,AUTH_SUCCESS,C146
7334,429,U12,1.0,LOG,AUTH_SUCCESS,C449
7335,429,U128,1.0,LOG,AUTH_SUCCESS,C167
7336,429,U128,1.0,LOG,AUTH_SUCCESS,C176
7337,430,U1036,1.0,LOG,AUTH_SUCCESS,C177
7338,430,U1036,1.0,LOG,AUTH_SUCCESS,C144
7339,430,U1036,1.0,LOG,AUTH_SUCCESS,C146
7340,430,U211,1.0,LOG,AUTH_SUCCESS,C248
7341,430,U211,1.0,LOG,AUTH_SUCCESS,C286
7342,430,U212,1.0,LOG,AUTH_SUCCESS,C287
7343,430,U205,1.0,LOG,AUTH_SUCCESS,C277
7344,430,U148,1.0,LOG,AUTH_SUCCESS,C134
7345,430,U148,1.0,LOG,AUTH_SUCCESS,C199
7346,430,U1037,1.0,LOG,AUTH_SUCCESS,C1193
7347,430,U416,1.0,LOG,AUTH_SUCCESS,C539
7348,430,U1038,1.0,LOG,AUTH_SUCCESS,C1194
7349,430,U111,1.0,LOG,AUTH_SUCCESS,C143
7350,430,U111,1.0,LOG,AUTH_SUCCESS,C150
7351,430,U408,1.0,LOG,AUTH_SUCCESS,C134
7352,430,U408,1.0,LOG,AUTH_SUCCESS,C530
7353,430,U1034,1.0,LOG,AUTH_SUCCESS,C1192
7354,430,U329,1.0,LOG,AUTH_SUCCESS,C440
7355,430,U77,1.0,LOG,AUTH_SUCCESS,C78
7356,430,U1039,1.0,LOG,AUTH_SUCCESS,C1195
7357,430,U13,1.0,LOG,AUTH_SUCCESS,C309
7358,430,U159,1.0,LOG,AUTH_SUCCESS,C160
7359,430,U156,1.0,LOG,AUTH_SUCCESS,C161
7360,430,U179,1.0,LOG,AUTH_SUCCESS,C175
7361,431,U1036,1.0,LOG,AUTH_SUCCESS,C177
7362,431,U1036,1.0,LOG,AUTH_SUCCESS,C144
7363,431,U1024,1.0,LOG,AUTH_SUCCESS,C151
7364,431,U1024,1.0,LOG,AUTH_SUCCESS,C1183
7365,431,U212,1.0,LOG,AUTH_SUCCESS,C287
7366,431,U1040,1.0,LOG,AUTH_SUCCESS,C1196
7367,431,U1041,1.0,LOG,AUTH_SUCCESS,C1197
7368,431,U394,1.0,LOG,AUTH_SUCCESS,C514
7369,431,U394,1.0,LOG,AUTH_SUCCESS,C151
7370,431,U301,1.0,LOG,AUTH_SUCCESS,C541
7371,431,U1037,1.0,LOG,AUTH_SUCCESS,C1193
7372,431,U416,1.0,LOG,AUTH_SUCCESS,C539
7373,431,U207,1.0,LOG,AUTH_SUCCESS,C234
7374,431,U207,1.0,LOG,AUTH_SUCCESS,C279
7375,431,U1042,1.0,LOG,AUTH_SUCCESS,C1198
7376,431,U218,1.0,LOG,AUTH_SUCCESS,C219
7377,431,U218,1.0,LOG,AUTH_SUCCESS,C296
7378,431,U111,1.0,LOG,AUTH_SUCCESS,C143
7379,431,U89,1.0,LOG,AUTH_SUCCESS,C98
7380,431,U89,1.0,LOG,AUTH_SUCCESS,C151
7381,431,U29,1.0,LOG,AUTH_SUCCESS,C300
7382,431,U29,1.0,LOG,AUTH_SUCCESS,C30
7383,431,U1039,1.0,LOG,AUTH_SUCCESS,C1195
7384,431,U60,1.0,LOG,AUTH_SUCCESS,C173
7385,432,U212,1.0,LOG,AUTH_SUCCESS,C295
7386,432,U212,1.0,LOG,AUTH_SUCCESS,C280
7387,432,U212,1.0,LOG,AUTH_SUCCESS,C287
7388,432,U1040,1.0,LOG,AUTH_SUCCESS,C1196
7389,432,U1041,1.0,LOG,AUTH_SUCCESS,C1197
7390,432,U301,1.0,LOG,AUTH_SUCCESS,C541
7391,432,U416,1.0,LOG,AUTH_SUCCESS,C539
7392,432,U225,1.0,LOG,AUTH_SUCCESS,C304
7393,432,U225,1.0,LOG,AUTH_SUCCESS,C305
7394,432,U1042,1.0,LOG,AUTH_SUCCESS,C1198
7395,432,U111,1.0,LOG,AUTH_SUCCESS,C143
7396,432,U111,1.0,LOG,AUTH_SUCCESS,C150
7397,432,U214,1.0,LOG,AUTH_SUCCESS,C289
7398,432,U214,1.0,LOG,AUTH_SUCCESS,C148
7399,432,U173,1.0,LOG,AUTH_SUCCESS,C233
7400,432,U227,1.0,LOG,AUTH_SUCCESS,C308
7401,432,U227,1.0,LOG,AUTH_SUCCESS,C148
7402,432,U9,1.0,LOG,AUTH_SUCCESS,C10
7403,432,U1043,1.0,LOG,AUTH_SUCCESS,C1199
7404,432,U1039,1.0,LOG,AUTH_SUCCESS,C1195
7405,432,U12,1.0,LOG,AUTH_SUCCESS,C372
7406,432,U12,1.0,LOG,AUTH_SUCCESS,C54
7407,432,U179,1.0,LOG,AUTH_SUCCESS,C175
7408,433,U1040,1.0,LOG,AUTH_SUCCESS,C1196
7409,433,U1041,1.0,LOG,AUTH_SUCCESS,C1197
7410,433,U416,1.0,LOG,AUTH_SUCCESS,C539
7411,433,U420,1.0,LOG,AUTH_SUCCESS,C544
7412,433,U1042,1.0,LOG,AUTH_SUCCESS,C1198
7413,433,U1044,1.0,LOG,AUTH_SUCCESS,C1200
7414,433,U9,1.0,LOG,AUTH_SUCCESS,C10
7415,433,U77,1.0,LOG,AUTH_SUCCESS,C234
7416,433,U77,1.0,LOG,AUTH_SUCCESS,C78
7417,433,U1039,1.0,LOG,AUTH_SUCCESS,C134
7418,433,U1039,1.0,LOG,AUTH_SUCCESS,C1195
7419,433,U116,1.0,LOG,AUTH_SUCCESS,C155
7420,433,U127,1.0,LOG,AUTH_SUCCESS,C155
7421,434,U223,1.0,LOG,AUTH_SUCCESS,C148
7422,434,U223,1.0,LOG,AUTH_SUCCESS,C302
7423,434,U230,1.0,LOG,AUTH_SUCCESS,C315
7424,434,U1045,1.0,LOG,AUTH_SUCCESS,C1201
7425,434,U64,1.0,LOG,AUTH_SUCCESS,C69
7426,434,U420,1.0,LOG,AUTH_SUCCESS,C544
7427,434,U261,1.0,LOG,AUTH_SUCCESS,C352
7428,434,U789,1.0,LOG,AUTH_SUCCESS,C930
7429,434,U1044,1.0,LOG,AUTH_SUCCESS,C1200
7430,434,U13,1.0,LOG,AUTH_SUCCESS,C172
7431,434,U13,1.0,LOG,AUTH_SUCCESS,C14
7432,434,U12,1.0,LOG,AUTH_SUCCESS,C209
7433,434,U12,1.0,LOG,AUTH_SUCCESS,C381
7434,434,U128,1.0,LOG,AUTH_SUCCESS,C167
7435,434,U128,1.0,LOG,AUTH_SUCCESS,C176
7436,435,U235,1.0,LOG,AUTH_SUCCESS,C219
7437,435,U235,1.0,LOG,AUTH_SUCCESS,C320
7438,435,U230,1.0,LOG,AUTH_SUCCESS,C315
7439,435,U1045,1.0,LOG,AUTH_SUCCESS,C1201
7440,435,U64,1.0,LOG,AUTH_SUCCESS,C69
7441,435,U1042,1.0,LOG,AUTH_SUCCESS,C1198
7442,435,U14,1.0,LOG,AUTH_SUCCESS,C219
7443,435,U14,1.0,LOG,AUTH_SUCCESS,C15
7444,435,U789,1.0,LOG,AUTH_SUCCESS,C930
7445,435,U329,1.0,LOG,AUTH_SUCCESS,C440
7446,435,U1044,1.0,LOG,AUTH_SUCCESS,C1200
7447,435,U13,1.0,LOG,AUTH_SUCCESS,C172
7448,435,U13,1.0,LOG,AUTH_SUCCESS,C14
7449,435,U12,1.0,LOG,AUTH_SUCCESS,C415
7450,435,U12,1.0,LOG,AUTH_SUCCESS,C13
7451,435,U95,1.0,LOG,AUTH_SUCCESS,C154
7452,436,U131,1.0,LOG,AUTH_SUCCESS,C180
7453,436,U131,1.0,LOG,AUTH_SUCCESS,C151
7454,436,U1046,1.0,LOG,AUTH_SUCCESS,C151
7455,436,U1046,1.0,LOG,AUTH_SUCCESS,C1202
7456,436,U64,1.0,LOG,AUTH_SUCCESS,C150
7457,436,U64,1.0,LOG,AUTH_SUCCESS,C69
7458,436,U767,1.0,LOG,AUTH_SUCCESS,C910
7459,436,U51,1.0,LOG,AUTH_SUCCESS,C56
7460,436,U425,1.0,LOG,AUTH_SUCCESS,C549
7461,436,U124,1.0,LOG,AUTH_SUCCESS,C192
7462,436,U124,1.0,LOG,AUTH_SUCCESS,C168
7463,436,U60,1.0,LOG,AUTH_SUCCESS,C173
7464,436,U12,1.0,LOG,AUTH_SUCCESS,C734
7465,436,U12,1.0,LOG,AUTH_SUCCESS,C13
7466,436,U156,1.0,LOG,AUTH_SUCCESS,C161
7467,437,U372,1.0,LOG,AUTH_SUCCESS,C495
7468,437,U1047,1.0,LOG,AUTH_SUCCESS,C1203
7469,437,U64,1.0,LOG,AUTH_SUCCESS,C69
7470,437,U425,1.0,LOG,AUTH_SUCCESS,C549
7471,437,U244,1.0,LOG,AUTH_SUCCESS,C219
7472,437,U244,1.0,LOG,AUTH_SUCCESS,C330
7473,437,U71,1.0,LOG,AUTH_SUCCESS,C74
7474,437,U238,1.0,LOG,AUTH_SUCCESS,C323
7475,437,U105,1.0,LOG,AUTH_SUCCESS,C160
7476,438,U407,1.0,LOG,AUTH_SUCCESS,C529
7477,438,U429,1.0,LOG,AUTH_SUCCESS,C554
7478,438,U372,1.0,LOG,AUTH_SUCCESS,C495
7479,438,U307,1.0,LOG,AUTH_SUCCESS,C408
7480,438,U1048,1.0,LOG,AUTH_SUCCESS,C1204
7481,438,U216,1.0,LOG,AUTH_SUCCESS,C291
7482,438,U1049,1.0,LOG,AUTH_SUCCESS,C1205
7483,438,U13,1.0,LOG,AUTH_SUCCESS,C32
7484,438,U12,1.0,LOG,AUTH_SUCCESS,C486
7485,438,U159,1.0,LOG,AUTH_SUCCESS,C160
7486,438,U156,1.0,LOG,AUTH_SUCCESS,C161
7487,438,U97,1.0,LOG,AUTH_SUCCESS,C116
7488,439,U839,1.0,LOG,AUTH_SUCCESS,C987
7489,439,U429,1.0,LOG,AUTH_SUCCESS,C554
7490,439,U372,1.0,LOG,AUTH_SUCCESS,C495
7491,439,U1047,1.0,LOG,AUTH_SUCCESS,C1203
7492,439,U307,1.0,LOG,AUTH_SUCCESS,C408
7493,439,U1048,1.0,LOG,AUTH_SUCCESS,C1204
7494,439,U19,1.0,LOG,AUTH_SUCCESS,C20
7495,439,U216,1.0,LOG,AUTH_SUCCESS,C291
7496,439,U1049,1.0,LOG,AUTH_SUCCESS,C1205
7497,439,U12,1.0,LOG,AUTH_SUCCESS,C582
7498,439,U12,1.0,LOG,AUTH_SUCCESS,C209
7499,439,U159,1.0,LOG,AUTH_SUCCESS,C160
7500,439,U128,1.0,LOG,AUTH_SUCCESS,C167
7501,439,U128,1.0,LOG,AUTH_SUCCESS,C176
7502,440,U1050,1.0,LOG,AUTH_SUCCESS,C1206
7503,440,U1050,1.0,LOG,AUTH_SUCCESS,C150
7504,440,U1048,1.0,LOG,AUTH_SUCCESS,C1204
7505,440,U1049,1.0,LOG,AUTH_SUCCESS,C1205
7506,440,U13,1.0,LOG,AUTH_SUCCESS,C172
7507,440,U13,1.0,LOG,AUTH_SUCCESS,C14
7508,440,U60,1.0,LOG,AUTH_SUCCESS,C213
7509,440,U60,1.0,LOG,AUTH_SUCCESS,C107
7510,440,U60,1.0,LOG,AUTH_SUCCESS,C157
7511,440,U12,1.0,LOG,AUTH_SUCCESS,C524
7512,440,U12,1.0,LOG,AUTH_SUCCESS,C415
7513,441,U372,1.0,LOG,AUTH_SUCCESS,C495
7514,441,U372,1.0,LOG,AUTH_SUCCESS,C200
7515,441,U307,1.0,LOG,AUTH_SUCCESS,C408
7516,441,U1048,1.0,LOG,AUTH_SUCCESS,C1204
7517,441,U226,1.0,LOG,AUTH_SUCCESS,C151
7518,441,U226,1.0,LOG,AUTH_SUCCESS,C200
7519,441,U226,1.0,LOG,AUTH_SUCCESS,C306
7520,441,U59,1.0,LOG,AUTH_SUCCESS,C200
7521,441,U59,1.0,LOG,AUTH_SUCCESS,C64
7522,441,U29,1.0,LOG,AUTH_SUCCESS,C30
7523,441,U1049,1.0,LOG,AUTH_SUCCESS,C134
7524,441,U1049,1.0,LOG,AUTH_SUCCESS,C205
7525,441,U1049,1.0,LOG,AUTH_SUCCESS,C1205
7526,441,U9,1.0,LOG,AUTH_SUCCESS,C10
7527,441,U9,1.0,LOG,AUTH_SUCCESS,C151
7528,441,U259,1.0,LOG,AUTH_SUCCESS,C348
7529,441,U13,1.0,LOG,AUTH_SUCCESS,C14
7530,441,U12,1.0,LOG,AUTH_SUCCESS,C734
7531,441,U159,1.0,LOG,AUTH_SUCCESS,C160
7532,442,U113,1.0,LOG,AUTH_SUCCESS,C147
7533,442,U113,1.0,LOG,AUTH_SUCCESS,C148
7534,442,U252,1.0,LOG,AUTH_SUCCESS,C339
7535,442,U252,1.0,LOG,AUTH_SUCCESS,C225
7536,442,U16,1.0,LOG,AUTH_SUCCESS,C148
7537,442,U16,1.0,LOG,AUTH_SUCCESS,C17
7538,442,U68,1.0,LOG,AUTH_SUCCESS,C71
7539,442,U120,1.0,LOG,AUTH_SUCCESS,C164
7540,442,U120,1.0,LOG,AUTH_SUCCESS,C148
7541,442,U621,1.0,LOG,AUTH_SUCCESS,C753
7542,442,U1051,1.0,LOG,AUTH_SUCCESS,C1207
7543,442,U77,1.0,LOG,AUTH_SUCCESS,C78
7544,442,U1052,1.0,LOG,AUTH_SUCCESS,C1208
7545,442,U259,1.0,LOG,AUTH_SUCCESS,C348
7546,442,U13,1.0,LOG,AUTH_SUCCESS,C14
7547,442,U12,1.0,LOG,AUTH_SUCCESS,C401
7548,442,U12,1.0,LOG,AUTH_SUCCESS,C107
7549,442,U12,1.0,LOG,AUTH_SUCCESS,C13
7550,443,U16,1.0,LOG,AUTH_SUCCESS,C17
7551,443,U68,1.0,LOG,AUTH_SUCCESS,C71
7552,443,U621,1.0,LOG,AUTH_SUCCESS,C753
7553,443,U1051,1.0,LOG,AUTH_SUCCESS,C1207
7554,443,U21,1.0,LOG,AUTH_SUCCESS,C22
7555,443,U437,1.0,LOG,AUTH_SUCCESS,C563
7556,443,U29,1.0,LOG,AUTH_SUCCESS,C30
7557,443,U1049,1.0,LOG,AUTH_SUCCESS,C134
7558,443,U1049,1.0,LOG,AUTH_SUCCESS,C205
7559,443,U1049,1.0,LOG,AUTH_SUCCESS,C1205
7560,443,U1053,1.0,LOG,AUTH_SUCCESS,C1209
7561,443,U13,1.0,LOG,AUTH_SUCCESS,C14
7562,443,U85,1.0,LOG,AUTH_SUCCESS,C173
7563,443,U12,1.0,LOG,AUTH_SUCCESS,C162
7564,443,U12,1.0,LOG,AUTH_SUCCESS,C428
7565,443,U105,1.0,LOG,AUTH_SUCCESS,C160
7566,443,U159,1.0,LOG,AUTH_SUCCESS,C160
7567,444,U439,1.0,LOG,AUTH_SUCCESS,C565
7568,444,U16,1.0,LOG,AUTH_SUCCESS,C148
7569,444,U16,1.0,LOG,AUTH_SUCCESS,C17
7570,444,U162,1.0,LOG,AUTH_SUCCESS,C218
7571,444,U621,1.0,LOG,AUTH_SUCCESS,C753
7572,444,U1051,1.0,LOG,AUTH_SUCCESS,C1210
7573,444,U1051,1.0,LOG,AUTH_SUCCESS,C1207
7574,444,U114,1.0,LOG,AUTH_SUCCESS,C149
7575,444,U114,1.0,LOG,AUTH_SUCCESS,C148
7576,444,U28,1.0,LOG,AUTH_SUCCESS,C29
7577,444,U1053,1.0,LOG,AUTH_SUCCESS,C1209
7578,444,U115,1.0,LOG,AUTH_SUCCESS,C148
7579,444,U115,1.0,LOG,AUTH_SUCCESS,C152
7580,444,U12,1.0,LOG,AUTH_SUCCESS,C582
7581,444,U184,1.0,LOG,AUTH_SUCCESS,C154
7582,444,U156,1.0,LOG,AUTH_SUCCESS,C161
7583,444,U128,1.0,LOG,AUTH_SUCCESS,C167
7584,444,U128,1.0,LOG,AUTH_SUCCESS,C176
7585,444,U46,1.0,LOG,AUTH_SUCCESS,C154
7586,444,U67,1.0,LOG,AUTH_SUCCESS,C49
7587,445,U439,1.0,LOG,AUTH_SUCCESS,C565
7588,445,U16,1.0,LOG,AUTH_SUCCESS,C17
7589,445,U162,1.0,LOG,AUTH_SUCCESS,C218
7590,445,U63,1.0,LOG,AUTH_SUCCESS,C68
7591,445,U206,1.0,LOG,AUTH_SUCCESS,C134
7592,445,U206,1.0,LOG,AUTH_SUCCESS,C278
7593,445,U443,1.0,LOG,AUTH_SUCCESS,C569
7594,445,U19,1.0,LOG,AUTH_SUCCESS,C20
7595,445,U1042,1.0,LOG,AUTH_SUCCESS,C134
7596,445,U1042,1.0,LOG,AUTH_SUCCESS,C1198
7597,445,U28,1.0,LOG,AUTH_SUCCESS,C29
7598,445,U29,1.0,LOG,AUTH_SUCCESS,C30
7599,445,U77,1.0,LOG,AUTH_SUCCESS,C234
7600,445,U77,1.0,LOG,AUTH_SUCCESS,C78
7601,445,U1039,1.0,LOG,AUTH_SUCCESS,C134
7602,445,U1039,1.0,LOG,AUTH_SUCCESS,C1195
7603,445,U60,1.0,LOG,AUTH_SUCCESS,C108
7604,445,U12,1.0,LOG,AUTH_SUCCESS,C112
7605,445,U12,1.0,LOG,AUTH_SUCCESS,C431
7606,445,U12,1.0,LOG,AUTH_SUCCESS,C54
7607,446,U130,1.0,LOG,AUTH_SUCCESS,C179
7608,446,U130,1.0,LOG,AUTH_SUCCESS,C148
7609,446,U160,1.0,LOG,AUTH_SUCCESS,C216
7610,446,U199,1.0,LOG,AUTH_SUCCESS,C272
7611,446,U199,1.0,LOG,AUTH_SUCCESS,C151
7612,446,U478,1.0,LOG,AUTH_SUCCESS,C607
7613,446,U132,1.0,LOG,AUTH_SUCCESS,C181
7614,446,U132,1.0,LOG,AUTH_SUCCESS,C148
7615,446,U1054,1.0,LOG,AUTH_SUCCESS,C1211
7616,446,U621,1.0,LOG,AUTH_SUCCESS,C134
7617,446,U621,1.0,LOG,AUTH_SUCCESS,C753
7618,446,U416,1.0,LOG,AUTH_SUCCESS,C539
7619,446,U443,1.0,LOG,AUTH_SUCCESS,C569
7620,446,U256,1.0,LOG,AUTH_SUCCESS,C573
7621,446,U1051,1.0,LOG,AUTH_SUCCESS,C134
7622,446,U1051,1.0,LOG,AUTH_SUCCESS,C1210
7623,446,U1051,1.0,LOG,AUTH_SUCCESS,C1207
7624,446,U6,1.0,LOG,AUTH_SUCCESS,C7
7625,446,U6,1.0,LOG,AUTH_SUCCESS,C148
7626,446,U258,1.0,LOG,AUTH_SUCCESS,C347
7627,446,U258,1.0,LOG,AUTH_SUCCESS,C120
7628,446,U1049,1.0,LOG,AUTH_SUCCESS,C134
7629,446,U1049,1.0,LOG,AUTH_SUCCESS,C1205
7630,446,U1053,1.0,LOG,AUTH_SUCCESS,C151
7631,446,U1053,1.0,LOG,AUTH_SUCCESS,C1209
7632,446,U1055,1.0,LOG,AUTH_SUCCESS,C1212
7633,446,U154,1.0,LOG,AUTH_SUCCESS,C208
7634,446,U154,1.0,LOG,AUTH_SUCCESS,C148
7635,446,U234,1.0,LOG,AUTH_SUCCESS,C108
7636,446,U60,1.0,LOG,AUTH_SUCCESS,C173
7637,446,U12,1.0,LOG,AUTH_SUCCESS,C1213
7638,446,U12,1.0,LOG,AUTH_SUCCESS,C13
7639,446,U12,1.0,LOG,AUTH_SUCCESS,C54
7640,446,U184,1.0,LOG,AUTH_SUCCESS,C154
7641,446,U179,1.0,LOG,AUTH_SUCCESS,C175
7642,446,U67,1.0,LOG,AUTH_SUCCESS,C154
7643,446,U67,1.0,LOG,AUTH_SUCCESS,C49
7644,447,U131,1.0,LOG,AUTH_SUCCESS,C180
7645,447,U1056,1.0,LOG,AUTH_SUCCESS,C1214
7646,447,U160,1.0,LOG,AUTH_SUCCESS,C216
7647,447,U281,1.0,LOG,AUTH_SUCCESS,C375
7648,447,U231,1.0,LOG,AUTH_SUCCESS,C316
7649,447,U231,1.0,LOG,AUTH_SUCCESS,C459
7650,447,U1057,1.0,LOG,AUTH_SUCCESS,C1215
7651,447,U63,1.0,LOG,AUTH_SUCCESS,C234
7652,447,U63,1.0,LOG,AUTH_SUCCESS,C68
7653,447,U1054,1.0,LOG,AUTH_SUCCESS,C1211
7654,447,U6,1.0,LOG,AUTH_SUCCESS,C7
7655,447,U19,1.0,LOG,AUTH_SUCCESS,C20
7656,447,U335,1.0,LOG,AUTH_SUCCESS,C447
7657,447,U12,1.0,LOG,AUTH_SUCCESS,C236
7658,447,U12,1.0,LOG,AUTH_SUCCESS,C13
7659,448,U130,1.0,LOG,AUTH_SUCCESS,C179
7660,448,U130,1.0,LOG,AUTH_SUCCESS,C148
7661,448,U131,1.0,LOG,AUTH_SUCCESS,C180
7662,448,U63,1.0,LOG,AUTH_SUCCESS,C68
7663,448,U450,1.0,LOG,AUTH_SUCCESS,C577
7664,448,U416,1.0,LOG,AUTH_SUCCESS,C539
7665,448,U6,1.0,LOG,AUTH_SUCCESS,C7
7666,448,U6,1.0,LOG,AUTH_SUCCESS,C148
7667,448,U153,1.0,LOG,AUTH_SUCCESS,C207
7668,448,U153,1.0,LOG,AUTH_SUCCESS,C148
7669,448,U12,1.0,LOG,AUTH_SUCCESS,C561
7670,448,U12,1.0,LOG,AUTH_SUCCESS,C13
7671,448,U204,1.0,LOG,AUTH_SUCCESS,C154
7672,448,U95,1.0,LOG,AUTH_SUCCESS,C154
7673,448,U179,1.0,LOG,AUTH_SUCCESS,C175
7674,449,U1058,1.0,LOG,AUTH_SUCCESS,C1216
7675,449,U281,1.0,LOG,AUTH_SUCCESS,C234
7676,449,U281,1.0,LOG,AUTH_SUCCESS,C375
7677,449,U275,1.0,LOG,AUTH_SUCCESS,C367
7678,449,U275,1.0,LOG,AUTH_SUCCESS,C368
7679,449,U553,1.0,LOG,AUTH_SUCCESS,C687
7680,449,U1059,1.0,LOG,AUTH_SUCCESS,C1217
7681,449,U435,1.0,LOG,AUTH_SUCCESS,C560
7682,449,U6,1.0,LOG,AUTH_SUCCESS,C7
7683,449,U163,1.0,LOG,AUTH_SUCCESS,C219
7684,449,U163,1.0,LOG,AUTH_SUCCESS,C220
7685,449,U13,1.0,LOG,AUTH_SUCCESS,C309
7686,449,U13,1.0,LOG,AUTH_SUCCESS,C282
7687,449,U95,1.0,LOG,AUTH_SUCCESS,C154
7688,449,U105,1.0,LOG,AUTH_SUCCESS,C160
7689,449,U128,1.0,LOG,AUTH_SUCCESS,C167
7690,449,U128,1.0,LOG,AUTH_SUCCESS,C176
7691,450,U1058,1.0,LOG,AUTH_SUCCESS,C1216
7692,450,U1060,1.0,LOG,AUTH_SUCCESS,C1218
7693,450,U283,1.0,LOG,AUTH_SUCCESS,C377
7694,450,U283,1.0,LOG,AUTH_SUCCESS,C378
7695,450,U435,1.0,LOG,AUTH_SUCCESS,C150
7696,450,U435,1.0,LOG,AUTH_SUCCESS,C560
7697,450,U39,1.0,LOG,AUTH_SUCCESS,C41
7698,450,U397,1.0,LOG,AUTH_SUCCESS,C517
7699,450,U245,1.0,LOG,AUTH_SUCCESS,C331
7700,450,U13,1.0,LOG,AUTH_SUCCESS,C309
7701,450,U13,1.0,LOG,AUTH_SUCCESS,C282
7702,450,U13,1.0,LOG,AUTH_SUCCESS,C32
7703,450,U13,1.0,LOG,AUTH_SUCCESS,C42
7704,450,U12,1.0,LOG,AUTH_SUCCESS,C13
7705,450,U159,1.0,LOG,AUTH_SUCCESS,C160
7706,450,U179,1.0,LOG,AUTH_SUCCESS,C175
7707,451,U170,1.0,LOG,AUTH_SUCCESS,C229
7708,451,U280,1.0,LOG,AUTH_SUCCESS,C374
7709,451,U280,1.0,LOG,AUTH_SUCCESS,C151
7710,451,U459,1.0,LOG,AUTH_SUCCESS,C587
7711,451,U460,1.0,LOG,AUTH_SUCCESS,C588
7712,451,U63,1.0,LOG,AUTH_SUCCESS,C234
7713,451,U63,1.0,LOG,AUTH_SUCCESS,C68
7714,451,U471,1.0,LOG,AUTH_SUCCESS,C600
7715,451,U39,1.0,LOG,AUTH_SUCCESS,C41
7716,451,U245,1.0,LOG,AUTH_SUCCESS,C331
7717,451,U245,1.0,LOG,AUTH_SUCCESS,C150
7718,451,U13,1.0,LOG,AUTH_SUCCESS,C42
7719,451,U60,1.0,LOG,AUTH_SUCCESS,C173
7720,451,U12,1.0,LOG,AUTH_SUCCESS,C236
7721,451,U12,1.0,LOG,AUTH_SUCCESS,C443
7722,451,U12,1.0,LOG,AUTH_SUCCESS,C13
7723,451,U95,1.0,LOG,AUTH_SUCCESS,C154
7724,452,U1058,1.0,LOG,AUTH_SUCCESS,C1216
7725,452,U1061,1.0,LOG,AUTH_SUCCESS,C150
7726,452,U1061,1.0,LOG,AUTH_SUCCESS,C1219
7727,452,U130,1.0,LOG,AUTH_SUCCESS,C179
7728,452,U130,1.0,LOG,AUTH_SUCCESS,C239
7729,452,U462,1.0,LOG,AUTH_SUCCESS,C590
7730,452,U459,1.0,LOG,AUTH_SUCCESS,C587
7731,452,U460,1.0,LOG,AUTH_SUCCESS,C588
7732,452,U1060,1.0,LOG,AUTH_SUCCESS,C1218
7733,452,U1062,1.0,LOG,AUTH_SUCCESS,C1220
7734,452,U300,1.0,LOG,AUTH_SUCCESS,C397
7735,452,U120,1.0,LOG,AUTH_SUCCESS,C164
7736,452,U120,1.0,LOG,AUTH_SUCCESS,C239
7737,452,U285,1.0,LOG,AUTH_SUCCESS,C380
7738,452,U167,1.0,LOG,AUTH_SUCCESS,C225
7739,452,U167,1.0,LOG,AUTH_SUCCESS,C226
7740,452,U202,1.0,LOG,AUTH_SUCCESS,C239
7741,452,U202,1.0,LOG,AUTH_SUCCESS,C275
7742,452,U1063,1.0,LOG,AUTH_SUCCESS,C1221
7743,452,U461,1.0,LOG,AUTH_SUCCESS,C589
7744,452,U153,1.0,LOG,AUTH_SUCCESS,C207
7745,452,U153,1.0,LOG,AUTH_SUCCESS,C239
7746,452,U107,1.0,LOG,AUTH_SUCCESS,C138
7747,452,U245,1.0,LOG,AUTH_SUCCESS,C331
7748,452,U13,1.0,LOG,AUTH_SUCCESS,C32
7749,452,U13,1.0,LOG,AUTH_SUCCESS,C42
7750,452,U85,1.0,LOG,AUTH_SUCCESS,C209
7751,452,U12,1.0,LOG,AUTH_SUCCESS,C456
7752,452,U179,1.0,LOG,AUTH_SUCCESS,C175
7753,453,U462,1.0,LOG,AUTH_SUCCESS,C590
7754,453,U1062,1.0,LOG,AUTH_SUCCESS,C1220
7755,453,U300,1.0,LOG,AUTH_SUCCESS,C397
7756,453,U285,1.0,LOG,AUTH_SUCCESS,C380
7757,453,U461,1.0,LOG,AUTH_SUCCESS,C589
7758,453,U107,1.0,LOG,AUTH_SUCCESS,C138
7759,453,U107,1.0,LOG,AUTH_SUCCESS,C150
7760,453,U245,1.0,LOG,AUTH_SUCCESS,C331
7761,453,U245,1.0,LOG,AUTH_SUCCESS,C150
7762,453,U85,1.0,LOG,AUTH_SUCCESS,C209
7763,454,U47,1.0,LOG,AUTH_SUCCESS,C50
7764,454,U177,1.0,LOG,AUTH_SUCCESS,C242
7765,454,U177,1.0,LOG,AUTH_SUCCESS,C148
7766,454,U304,1.0,LOG,AUTH_SUCCESS,C402
7767,454,U471,1.0,LOG,AUTH_SUCCESS,C600
7768,454,U285,1.0,LOG,AUTH_SUCCESS,C380
7769,454,U461,1.0,LOG,AUTH_SUCCESS,C589
7770,454,U182,1.0,LOG,AUTH_SUCCESS,C248
7771,454,U182,1.0,LOG,AUTH_SUCCESS,C249
7772,454,U930,1.0,LOG,AUTH_SUCCESS,C1078
7773,454,U107,1.0,LOG,AUTH_SUCCESS,C138
7774,454,U77,1.0,LOG,AUTH_SUCCESS,C78
7775,454,U183,1.0,LOG,AUTH_SUCCESS,C250
7776,454,U245,1.0,LOG,AUTH_SUCCESS,C331
7777,454,U12,1.0,LOG,AUTH_SUCCESS,C598
7778,454,U156,1.0,LOG,AUTH_SUCCESS,C161
7779,454,U128,1.0,LOG,AUTH_SUCCESS,C167
7780,454,U128,1.0,LOG,AUTH_SUCCESS,C176
7781,455,U467,1.0,LOG,AUTH_SUCCESS,C595
7782,455,U47,1.0,LOG,AUTH_SUCCESS,C50
7783,455,U1064,1.0,LOG,AUTH_SUCCESS,C1222
7784,455,U1060,1.0,LOG,AUTH_SUCCESS,C134
7785,455,U1060,1.0,LOG,AUTH_SUCCESS,C1218
7786,455,U310,1.0,LOG,AUTH_SUCCESS,C412
7787,455,U311,1.0,LOG,AUTH_SUCCESS,C413
7788,455,U311,1.0,LOG,AUTH_SUCCESS,C414
7789,455,U285,1.0,LOG,AUTH_SUCCESS,C380
7790,455,U193,1.0,LOG,AUTH_SUCCESS,C260
7791,455,U124,1.0,LOG,AUTH_SUCCESS,C192
7792,455,U95,1.0,LOG,AUTH_SUCCESS,C154
7793,455,U169,1.0,LOG,AUTH_SUCCESS,C238
7794,456,U467,1.0,LOG,AUTH_SUCCESS,C595
7795,456,U1065,1.0,LOG,AUTH_SUCCESS,C1223
7796,456,U1064,1.0,LOG,AUTH_SUCCESS,C1222
7797,456,U1066,1.0,LOG,AUTH_SUCCESS,C1224
7798,456,U18,1.0,LOG,AUTH_SUCCESS,C200
7799,456,U18,1.0,LOG,AUTH_SUCCESS,C19
7800,456,U186,1.0,LOG,AUTH_SUCCESS,C254
7801,456,U186,1.0,LOG,AUTH_SUCCESS,C148
7802,456,U291,1.0,LOG,AUTH_SUCCESS,C238
7803,456,U285,1.0,LOG,AUTH_SUCCESS,C380
7804,456,U285,1.0,LOG,AUTH_SUCCESS,C151
7805,456,U124,1.0,LOG,AUTH_SUCCESS,C192
7806,456,U124,1.0,LOG,AUTH_SUCCESS,C168
7807,456,U194,1.0,LOG,AUTH_SUCCESS,C268
7808,456,U194,1.0,LOG,AUTH_SUCCESS,C262
7809,456,U194,1.0,LOG,AUTH_SUCCESS,C263
7810,456,U930,1.0,LOG,AUTH_SUCCESS,C134
7811,456,U930,1.0,LOG,AUTH_SUCCESS,C1078
7812,456,U930,1.0,LOG,AUTH_SUCCESS,C200
7813,456,U188,1.0,LOG,AUTH_SUCCESS,C148
7814,456,U188,1.0,LOG,AUTH_SUCCESS,C256
7815,456,U13,1.0,LOG,AUTH_SUCCESS,C209
7816,456,U60,1.0,LOG,AUTH_SUCCESS,C173
7817,456,U12,1.0,LOG,AUTH_SUCCESS,C602
7818,457,U52,1.0,LOG,AUTH_SUCCESS,C57
7819,457,U1064,1.0,LOG,AUTH_SUCCESS,C1222
7820,457,U1066,1.0,LOG,AUTH_SUCCESS,C1224
7821,457,U53,1.0,LOG,AUTH_SUCCESS,C58
7822,457,U307,1.0,LOG,AUTH_SUCCESS,C408
7823,457,U307,1.0,LOG,AUTH_SUCCESS,C409
7824,457,U311,1.0,LOG,AUTH_SUCCESS,C413
7825,457,U1067,1.0,LOG,AUTH_SUCCESS,C1225
7826,457,U194,1.0,LOG,AUTH_SUCCESS,C262
7827,457,U194,1.0,LOG,AUTH_SUCCESS,C263
7828,457,U197,1.0,LOG,AUTH_SUCCESS,C269
7829,457,U197,1.0,LOG,AUTH_SUCCESS,C280
7830,457,U77,1.0,LOG,AUTH_SUCCESS,C234
7831,457,U77,1.0,LOG,AUTH_SUCCESS,C78
7832,457,U188,1.0,LOG,AUTH_SUCCESS,C239
7833,457,U188,1.0,LOG,AUTH_SUCCESS,C256
7834,457,U95,1.0,LOG,AUTH_SUCCESS,C154
7835,457,U105,1.0,LOG,AUTH_SUCCESS,C160
7836,458,U52,1.0,LOG,AUTH_SUCCESS,C57
7837,458,U1064,1.0,LOG,AUTH_SUCCESS,C1222
7838,458,U1066,1.0,LOG,AUTH_SUCCESS,C1224
7839,458,U53,1.0,LOG,AUTH_SUCCESS,C58
7840,458,U1067,1.0,LOG,AUTH_SUCCESS,C1225
7841,458,U197,1.0,LOG,AUTH_SUCCESS,C269
7842,458,U13,1.0,LOG,AUTH_SUCCESS,C172
7843,458,U159,1.0,LOG,AUTH_SUCCESS,C160
7844,459,U1068,1.0,LOG,AUTH_SUCCESS,C568
7845,459,U268,1.0,LOG,AUTH_SUCCESS,C358
7846,459,U261,1.0,LOG,AUTH_SUCCESS,C352
7847,459,U216,1.0,LOG,AUTH_SUCCESS,C219
7848,459,U216,1.0,LOG,AUTH_SUCCESS,C291
7849,459,U1067,1.0,LOG,AUTH_SUCCESS,C1225
7850,459,U1069,1.0,LOG,AUTH_SUCCESS,C1226
7851,459,U13,1.0,LOG,AUTH_SUCCESS,C172
7852,459,U12,1.0,LOG,AUTH_SUCCESS,C786
7853,459,U159,1.0,LOG,AUTH_SUCCESS,C160
7854,459,U128,1.0,LOG,AUTH_SUCCESS,C167
7855,459,U128,1.0,LOG,AUTH_SUCCESS,C176
7856,460,U1068,1.0,LOG,AUTH_SUCCESS,C568
7857,460,U268,1.0,LOG,AUTH_SUCCESS,C150
7858,460,U268,1.0,LOG,AUTH_SUCCESS,C358
7859,460,U1070,1.0,LOG,AUTH_SUCCESS,C1227
7860,460,U478,1.0,LOG,AUTH_SUCCESS,C607
7861,460,U231,1.0,LOG,AUTH_SUCCESS,C316
7862,460,U231,1.0,LOG,AUTH_SUCCESS,C317
7863,460,U1071,1.0,LOG,AUTH_SUCCESS,C1228
7864,460,U202,1.0,LOG,AUTH_SUCCESS,C148
7865,460,U202,1.0,LOG,AUTH_SUCCESS,C275
7866,460,U261,1.0,LOG,AUTH_SUCCESS,C352
7867,460,U1067,1.0,LOG,AUTH_SUCCESS,C1225
7868,460,U480,1.0,LOG,AUTH_SUCCESS,C609
7869,460,U71,1.0,LOG,AUTH_SUCCESS,C475
7870,461,U1072,1.0,LOG,AUTH_SUCCESS,C1229
7871,461,U268,1.0,LOG,AUTH_SUCCESS,C358
7872,461,U1070,1.0,LOG,AUTH_SUCCESS,C1227
7873,461,U1073,1.0,LOG,AUTH_SUCCESS,C1230
7874,461,U211,1.0,LOG,AUTH_SUCCESS,C248
7875,461,U211,1.0,LOG,AUTH_SUCCESS,C286
7876,461,U212,1.0,LOG,AUTH_SUCCESS,C295
7877,461,U212,1.0,LOG,AUTH_SUCCESS,C280
7878,461,U212,1.0,LOG,AUTH_SUCCESS,C287
7879,461,U478,1.0,LOG,AUTH_SUCCESS,C607
7880,461,U1074,1.0,LOG,AUTH_SUCCESS,C1231
7881,461,U1075,1.0,LOG,AUTH_SUCCESS,C1232
7882,461,U311,1.0,LOG,AUTH_SUCCESS,C300
7883,461,U311,1.0,LOG,AUTH_SUCCESS,C413
7884,461,U218,1.0,LOG,AUTH_SUCCESS,C219
7885,461,U218,1.0,LOG,AUTH_SUCCESS,C296
7886,461,U261,1.0,LOG,AUTH_SUCCESS,C151
7887,461,U261,1.0,LOG,AUTH_SUCCESS,C200
7888,461,U261,1.0,LOG,AUTH_SUCCESS,C352
7889,461,U1067,1.0,LOG,AUTH_SUCCESS,C1225
7890,461,U480,1.0,LOG,AUTH_SUCCESS,C609
7891,461,U29,1.0,LOG,AUTH_SUCCESS,C300
7892,461,U29,1.0,LOG,AUTH_SUCCESS,C30
7893,461,U13,1.0,LOG,AUTH_SUCCESS,C209
7894,461,U12,1.0,LOG,AUTH_SUCCESS,C486
7895,461,U159,1.0,LOG,AUTH_SUCCESS,C160
7896,462,U1076,1.0,LOG,AUTH_SUCCESS,C1233
7897,462,U1073,1.0,LOG,AUTH_SUCCESS,C1230
7898,462,U1071,1.0,LOG,AUTH_SUCCESS,C1228
7899,462,U225,1.0,LOG,AUTH_SUCCESS,C304
7900,462,U225,1.0,LOG,AUTH_SUCCESS,C305
7901,462,U214,1.0,LOG,AUTH_SUCCESS,C289
7902,462,U214,1.0,LOG,AUTH_SUCCESS,C148
7903,462,U1067,1.0,LOG,AUTH_SUCCESS,C134
7904,462,U1067,1.0,LOG,AUTH_SUCCESS,C1225
7905,462,U227,1.0,LOG,AUTH_SUCCESS,C308
7906,462,U227,1.0,LOG,AUTH_SUCCESS,C148
7907,462,U9,1.0,LOG,AUTH_SUCCESS,C10
7908,463,U1076,1.0,LOG,AUTH_SUCCESS,C1233
7909,463,U1077,1.0,LOG,AUTH_SUCCESS,C1234
7910,463,U1078,1.0,LOG,AUTH_SUCCESS,C1235
7911,463,U1073,1.0,LOG,AUTH_SUCCESS,C1230
7912,463,U1067,1.0,LOG,AUTH_SUCCESS,C1225
7913,463,U9,1.0,LOG,AUTH_SUCCESS,C10
7914,463,U12,1.0,LOG,AUTH_SUCCESS,C324
7915,463,U12,1.0,LOG,AUTH_SUCCESS,C618
7916,463,U12,1.0,LOG,AUTH_SUCCESS,C13
7917,463,U184,1.0,LOG,AUTH_SUCCESS,C154
7918,463,U159,1.0,LOG,AUTH_SUCCESS,C160
7919,463,U66,1.0,LOG,AUTH_SUCCESS,C1
7920,464,U1076,1.0,LOG,AUTH_SUCCESS,C1233
7921,464,U1079,1.0,LOG,AUTH_SUCCESS,C1236
7922,464,U1080,1.0,LOG,AUTH_SUCCESS,C1237
7923,464,U1080,1.0,LOG,AUTH_SUCCESS,C1238
7924,464,U1078,1.0,LOG,AUTH_SUCCESS,C1235
7925,464,U1081,1.0,LOG,AUTH_SUCCESS,C1239
7926,464,U307,1.0,LOG,AUTH_SUCCESS,C437
7927,464,U307,1.0,LOG,AUTH_SUCCESS,C408
7928,464,U1067,1.0,LOG,AUTH_SUCCESS,C134
7929,464,U1067,1.0,LOG,AUTH_SUCCESS,C1225
7930,464,U492,1.0,LOG,AUTH_SUCCESS,C621
7931,464,U94,1.0,LOG,AUTH_SUCCESS,C211
7932,464,U94,1.0,LOG,AUTH_SUCCESS,C110
7933,464,U60,1.0,LOG,AUTH_SUCCESS,C108
7934,464,U12,1.0,LOG,AUTH_SUCCESS,C108
7935,464,U12,1.0,LOG,AUTH_SUCCESS,C265
7936,464,U12,1.0,LOG,AUTH_SUCCESS,C54
7937,464,U128,1.0,LOG,AUTH_SUCCESS,C167
7938,464,U128,1.0,LOG,AUTH_SUCCESS,C176
7939,464,U66,1.0,LOG,AUTH_SUCCESS,C1
7940,464,U67,1.0,LOG,AUTH_SUCCESS,C49
7941,465,U1076,1.0,LOG,AUTH_SUCCESS,C1233
7942,465,U235,1.0,LOG,AUTH_SUCCESS,C219
7943,465,U235,1.0,LOG,AUTH_SUCCESS,C320
7944,465,U1077,1.0,LOG,AUTH_SUCCESS,C1234
7945,465,U1079,1.0,LOG,AUTH_SUCCESS,C1236
7946,465,U1079,1.0,LOG,AUTH_SUCCESS,C134
7947,465,U1080,1.0,LOG,AUTH_SUCCESS,C1237
7948,465,U1080,1.0,LOG,AUTH_SUCCESS,C1238
7949,465,U68,1.0,LOG,AUTH_SUCCESS,C71
7950,465,U1082,1.0,LOG,AUTH_SUCCESS,C1240
7951,465,U1083,1.0,LOG,AUTH_SUCCESS,C1241
7952,465,U1084,1.0,LOG,AUTH_SUCCESS,C1242
7953,465,U639,1.0,LOG,AUTH_SUCCESS,C771
7954,465,U639,1.0,LOG,AUTH_SUCCESS,C150
7955,465,U14,1.0,LOG,AUTH_SUCCESS,C219
7956,465,U14,1.0,LOG,AUTH_SUCCESS,C15
7957,465,U1067,1.0,LOG,AUTH_SUCCESS,C134
7958,465,U1067,1.0,LOG,AUTH_SUCCESS,C1225
7959,465,U71,1.0,LOG,AUTH_SUCCESS,C74
7960,465,U12,1.0,LOG,AUTH_SUCCESS,C631
7961,465,U184,1.0,LOG,AUTH_SUCCESS,C154
7962,465,U66,1.0,LOG,AUTH_SUCCESS,C1
7963,465,U67,1.0,LOG,AUTH_SUCCESS,C154
7964,465,U67,1.0,LOG,AUTH_SUCCESS,C49
7965,466,U1085,1.0,LOG,AUTH_SUCCESS,C1243
7966,466,U1077,1.0,LOG,AUTH_SUCCESS,C1234
7967,466,U1079,1.0,LOG,AUTH_SUCCESS,C1236
7968,466,U68,1.0,LOG,AUTH_SUCCESS,C71
7969,466,U1086,1.0,LOG,AUTH_SUCCESS,C1244
7970,466,U309,1.0,LOG,AUTH_SUCCESS,C200
7971,466,U309,1.0,LOG,AUTH_SUCCESS,C411
7972,466,U1083,1.0,LOG,AUTH_SUCCESS,C1241
7973,466,U497,1.0,LOG,AUTH_SUCCESS,C626
7974,466,U1084,1.0,LOG,AUTH_SUCCESS,C1242
7975,466,U639,1.0,LOG,AUTH_SUCCESS,C771
7976,466,U77,1.0,LOG,AUTH_SUCCESS,C78
7977,466,U333,1.0,LOG,AUTH_SUCCESS,C445
7978,466,U60,1.0,LOG,AUTH_SUCCESS,C173
7979,466,U12,1.0,LOG,AUTH_SUCCESS,C342
7980,466,U179,1.0,LOG,AUTH_SUCCESS,C175
7981,466,U66,1.0,LOG,AUTH_SUCCESS,C1
7982,467,U1085,1.0,LOG,AUTH_SUCCESS,C1243
7983,467,U57,1.0,LOG,AUTH_SUCCESS,C62
7984,467,U1077,1.0,LOG,AUTH_SUCCESS,C234
7985,467,U1077,1.0,LOG,AUTH_SUCCESS,C1234
7986,467,U742,1.0,LOG,AUTH_SUCCESS,C884
7987,467,U1086,1.0,LOG,AUTH_SUCCESS,C1244
7988,467,U53,1.0,LOG,AUTH_SUCCESS,C58
7989,467,U497,1.0,LOG,AUTH_SUCCESS,C626
7990,467,U639,1.0,LOG,AUTH_SUCCESS,C771
7991,467,U639,1.0,LOG,AUTH_SUCCESS,C150
7992,467,U202,1.0,LOG,AUTH_SUCCESS,C239
7993,467,U202,1.0,LOG,AUTH_SUCCESS,C275
7994,467,U1067,1.0,LOG,AUTH_SUCCESS,C1225
7995,467,U1067,1.0,LOG,AUTH_SUCCESS,C135
7996,467,U244,1.0,LOG,AUTH_SUCCESS,C219
7997,467,U244,1.0,LOG,AUTH_SUCCESS,C330
7998,467,U1087,1.0,LOG,AUTH_SUCCESS,C160
7999,467,U12,1.0,LOG,AUTH_SUCCESS,C427
8000,467,U12,1.0,LOG,AUTH_SUCCESS,C618
8001,467,U12,1.0,LOG,AUTH_SUCCESS,C13
8002,467,U12,1.0,LOG,AUTH_SUCCESS,C457
8003,467,U12,1.0,LOG,AUTH_SUCCESS,C632
8004,467,U204,1.0,LOG,AUTH_SUCCESS,C154
8005,467,U95,1.0,LOG,AUTH_SUCCESS,C154
8006,467,U184,1.0,LOG,AUTH_SUCCESS,C154
8007,468,U57,1.0,LOG,AUTH_SUCCESS,C62
8008,468,U1086,1.0,LOG,AUTH_SUCCESS,C1244
8009,468,U852,1.0,LOG,AUTH_SUCCESS,C1000
8010,468,U53,1.0,LOG,AUTH_SUCCESS,C58
8011,468,U502,1.0,LOG,AUTH_SUCCESS,C634
8012,468,U1067,1.0,LOG,AUTH_SUCCESS,C1225
8013,468,U1067,1.0,LOG,AUTH_SUCCESS,C135
8014,468,U13,1.0,LOG,AUTH_SUCCESS,C14
8015,468,U93,1.0,LOG,AUTH_SUCCESS,C53
8016,468,U93,1.0,LOG,AUTH_SUCCESS,C107
8017,468,U12,1.0,LOG,AUTH_SUCCESS,C598
8018,468,U12,1.0,LOG,AUTH_SUCCESS,C221
8019,468,U12,1.0,LOG,AUTH_SUCCESS,C312
8020,468,U12,1.0,LOG,AUTH_SUCCESS,C635
8021,468,U204,1.0,LOG,AUTH_SUCCESS,C101
8022,468,U179,1.0,LOG,AUTH_SUCCESS,C175
8023,469,U501,1.0,LOG,AUTH_SUCCESS,C633
8024,469,U1088,1.0,LOG,AUTH_SUCCESS,C1245
8025,469,U742,1.0,LOG,AUTH_SUCCESS,C884
8026,469,U1086,1.0,LOG,AUTH_SUCCESS,C1244
8027,469,U852,1.0,LOG,AUTH_SUCCESS,C1000
8028,469,U503,1.0,LOG,AUTH_SUCCESS,C636
8029,469,U502,1.0,LOG,AUTH_SUCCESS,C634
8030,469,U70,1.0,LOG,AUTH_SUCCESS,C122
8031,469,U77,1.0,LOG,AUTH_SUCCESS,C234
8032,469,U77,1.0,LOG,AUTH_SUCCESS,C78
8033,469,U101,1.0,LOG,AUTH_SUCCESS,C123
8034,469,U127,1.0,LOG,AUTH_SUCCESS,C155
8035,469,U93,1.0,LOG,AUTH_SUCCESS,C53
8036,469,U93,1.0,LOG,AUTH_SUCCESS,C107
8037,469,U12,1.0,LOG,AUTH_SUCCESS,C401
8038,469,U12,1.0,LOG,AUTH_SUCCESS,C618
8039,469,U12,1.0,LOG,AUTH_SUCCESS,C13
8040,469,U128,1.0,LOG,AUTH_SUCCESS,C167
8041,469,U128,1.0,LOG,AUTH_SUCCESS,C176
8042,470,U501,1.0,LOG,AUTH_SUCCESS,C633
8043,470,U106,1.0,LOG,AUTH_SUCCESS,C136
8044,470,U1089,1.0,LOG,AUTH_SUCCESS,C1246
8045,470,U1088,1.0,LOG,AUTH_SUCCESS,C1245
8046,470,U742,1.0,LOG,AUTH_SUCCESS,C884
8047,470,U70,1.0,LOG,AUTH_SUCCESS,C122
8048,470,U101,1.0,LOG,AUTH_SUCCESS,C123
8049,470,U116,1.0,LOG,AUTH_SUCCESS,C155
8050,470,U159,1.0,LOG,AUTH_SUCCESS,C160
8051,470,U179,1.0,LOG,AUTH_SUCCESS,C175
8052,470,U112,1.0,LOG,AUTH_SUCCESS,C83
8053,471,U1077,1.0,LOG,AUTH_SUCCESS,C200
8054,471,U1077,1.0,LOG,AUTH_SUCCESS,C1234
8055,471,U1088,1.0,LOG,AUTH_SUCCESS,C1245
8056,471,U1088,1.0,LOG,AUTH_SUCCESS,C151
8057,471,U1090,1.0,LOG,AUTH_SUCCESS,C1247
8058,471,U1090,1.0,LOG,AUTH_SUCCESS,C151
8059,471,U1079,1.0,LOG,AUTH_SUCCESS,C1236
8060,471,U1079,1.0,LOG,AUTH_SUCCESS,C151
8061,471,U1073,1.0,LOG,AUTH_SUCCESS,C1230
8062,471,U1073,1.0,LOG,AUTH_SUCCESS,C200
8063,471,U852,1.0,LOG,AUTH_SUCCESS,C1000
8064,471,U1091,1.0,LOG,AUTH_SUCCESS,C1248
8065,471,U51,1.0,LOG,AUTH_SUCCESS,C56
8066,471,U365,1.0,LOG,AUTH_SUCCESS,C488
8067,471,U60,1.0,LOG,AUTH_SUCCESS,C173
8068,472,U113,1.0,LOG,AUTH_SUCCESS,C147
8069,472,U113,1.0,LOG,AUTH_SUCCESS,C148
8070,472,U1092,1.0,LOG,AUTH_SUCCESS,C1249
8071,472,U252,1.0,LOG,AUTH_SUCCESS,C339
8072,472,U252,1.0,LOG,AUTH_SUCCESS,C225
8073,472,U1091,1.0,LOG,AUTH_SUCCESS,C1248
8074,472,U120,1.0,LOG,AUTH_SUCCESS,C164
8075,472,U120,1.0,LOG,AUTH_SUCCESS,C239
8076,472,U120,1.0,LOG,AUTH_SUCCESS,C148
8077,472,U1093,1.0,LOG,AUTH_SUCCESS,C1250
8078,472,U365,1.0,LOG,AUTH_SUCCESS,C488
8079,472,U179,1.0,LOG,AUTH_SUCCESS,C175
8080,472,U112,1.0,LOG,AUTH_SUCCESS,C476
8081,473,U1092,1.0,LOG,AUTH_SUCCESS,C1249
8082,473,U1094,1.0,LOG,AUTH_SUCCESS,C1251
8083,473,U1095,1.0,LOG,AUTH_SUCCESS,C1252
8084,473,U21,1.0,LOG,AUTH_SUCCESS,C22
8085,473,U4,1.0,LOG,AUTH_SUCCESS,C5
8086,473,U408,1.0,LOG,AUTH_SUCCESS,C530
8087,473,U1063,1.0,LOG,AUTH_SUCCESS,C1221
8088,473,U1007,1.0,LOG,AUTH_SUCCESS,C1165
8089,473,U29,1.0,LOG,AUTH_SUCCESS,C30
8090,473,U1096,1.0,LOG,AUTH_SUCCESS,C1253
8091,473,U12,1.0,LOG,AUTH_SUCCESS,C312
8092,473,U12,1.0,LOG,AUTH_SUCCESS,C365
8093,473,U112,1.0,LOG,AUTH_SUCCESS,C476
8094,474,U1092,1.0,LOG,AUTH_SUCCESS,C1249
8095,474,U1094,1.0,LOG,AUTH_SUCCESS,C134
8096,474,U1094,1.0,LOG,AUTH_SUCCESS,C1251
8097,474,U1094,1.0,LOG,AUTH_SUCCESS,C1254
8098,474,U16,1.0,LOG,AUTH_SUCCESS,C148
8099,474,U16,1.0,LOG,AUTH_SUCCESS,C17
8100,474,U1095,1.0,LOG,AUTH_SUCCESS,C1252
8101,474,U4,1.0,LOG,AUTH_SUCCESS,C150
8102,474,U4,1.0,LOG,AUTH_SUCCESS,C5
8103,474,U114,1.0,LOG,AUTH_SUCCESS,C149
8104,474,U114,1.0,LOG,AUTH_SUCCESS,C148
8105,474,U408,1.0,LOG,AUTH_SUCCESS,C530
8106,474,U1063,1.0,LOG,AUTH_SUCCESS,C1221
8107,474,U1007,1.0,LOG,AUTH_SUCCESS,C1165
8108,474,U136,1.0,LOG,AUTH_SUCCESS,C185
8109,474,U115,1.0,LOG,AUTH_SUCCESS,C148
8110,474,U115,1.0,LOG,AUTH_SUCCESS,C152
8111,474,U238,1.0,LOG,AUTH_SUCCESS,C485
8112,474,U12,1.0,LOG,AUTH_SUCCESS,C645
8113,474,U128,1.0,LOG,AUTH_SUCCESS,C167
8114,474,U128,1.0,LOG,AUTH_SUCCESS,C176
8115,474,U112,1.0,LOG,AUTH_SUCCESS,C476
8116,475,U144,1.0,LOG,AUTH_SUCCESS,C195
8117,475,U1097,1.0,LOG,AUTH_SUCCESS,C1255
8118,475,U1094,1.0,LOG,AUTH_SUCCESS,C1251
8119,475,U231,1.0,LOG,AUTH_SUCCESS,C316
8120,475,U231,1.0,LOG,AUTH_SUCCESS,C459
8121,475,U571,1.0,LOG,AUTH_SUCCESS,C704
8122,475,U1095,1.0,LOG,AUTH_SUCCESS,C1252
8123,475,U21,1.0,LOG,AUTH_SUCCESS,C22
8124,475,U4,1.0,LOG,AUTH_SUCCESS,C5
8125,475,U140,1.0,LOG,AUTH_SUCCESS,C190
8126,475,U1063,1.0,LOG,AUTH_SUCCESS,C1221
8127,475,U124,1.0,LOG,AUTH_SUCCESS,C192
8128,475,U1007,1.0,LOG,AUTH_SUCCESS,C1165
8129,475,U29,1.0,LOG,AUTH_SUCCESS,C30
8130,475,U12,1.0,LOG,AUTH_SUCCESS,C561
8131,475,U12,1.0,LOG,AUTH_SUCCESS,C13
8132,475,U95,1.0,LOG,AUTH_SUCCESS,C154
8133,475,U112,1.0,LOG,AUTH_SUCCESS,C476
8134,476,U144,1.0,LOG,AUTH_SUCCESS,C195
8135,476,U1097,1.0,LOG,AUTH_SUCCESS,C1255
8136,476,U130,1.0,LOG,AUTH_SUCCESS,C179
8137,476,U130,1.0,LOG,AUTH_SUCCESS,C148
8138,476,U147,1.0,LOG,AUTH_SUCCESS,C198
8139,476,U571,1.0,LOG,AUTH_SUCCESS,C704
8140,476,U1098,1.0,LOG,AUTH_SUCCESS,C1256
8141,476,U16,1.0,LOG,AUTH_SUCCESS,C148
8142,476,U16,1.0,LOG,AUTH_SUCCESS,C17
8143,476,U510,1.0,LOG,AUTH_SUCCESS,C643
8144,476,U132,1.0,LOG,AUTH_SUCCESS,C181
8145,476,U132,1.0,LOG,AUTH_SUCCESS,C148
8146,476,U427,1.0,LOG,AUTH_SUCCESS,C551
8147,476,U515,1.0,LOG,AUTH_SUCCESS,C649
8148,476,U140,1.0,LOG,AUTH_SUCCESS,C190
8149,476,U1063,1.0,LOG,AUTH_SUCCESS,C1221
8150,476,U124,1.0,LOG,AUTH_SUCCESS,C192
8151,476,U124,1.0,LOG,AUTH_SUCCESS,C168
8152,476,ACC-44887,1821.12,LOG,AUTH_SUCCESS,REF-354258
8153,476,U29,1.0,LOG,AUTH_SUCCESS,C300
8154,476,U29,1.0,LOG,AUTH_SUCCESS,C30
8155,476,U154,1.0,LOG,AUTH_SUCCESS,C208
8156,476,U154,1.0,LOG,AUTH_SUCCESS,C148
8157,476,U1099,1.0,LOG,AUTH_SUCCESS,C1257
8158,476,U238,1.0,LOG,AUTH_SUCCESS,C484
8159,476,U13,1.0,LOG,AUTH_SUCCESS,C172
8160,476,U93,1.0,LOG,AUTH_SUCCESS,C251
8161,476,U93,1.0,LOG,AUTH_SUCCESS,C107
8162,476,U60,1.0,LOG,AUTH_SUCCESS,C173
8163,476,U12,1.0,LOG,AUTH_SUCCESS,C158
8164,476,U12,1.0,LOG,AUTH_SUCCESS,C582
8165,476,U12,1.0,LOG,AUTH_SUCCESS,C173
8166,476,U12,1.0,LOG,AUTH_SUCCESS,C13
8167,476,U112,1.0,LOG,AUTH_SUCCESS,C476
8168,476,U112,1.0,LOG,AUTH_SUCCESS,C145
8169,477,U1097,1.0,LOG,AUTH_SUCCESS,C1255
8170,477,U130,1.0,LOG,AUTH_SUCCESS,C179
8171,477,U130,1.0,LOG,AUTH_SUCCESS,C239
8172,477,U1098,1.0,LOG,AUTH_SUCCESS,C1256
8173,477,U16,1.0,LOG,AUTH_SUCCESS,C17
8174,477,U510,1.0,LOG,AUTH_SUCCESS,C643
8175,477,U30,1.0,LOG,AUTH_SUCCESS,C31
8176,477,U488,1.0,LOG,AUTH_SUCCESS,C310
8177,477,U427,1.0,LOG,AUTH_SUCCESS,C551
8178,477,U1100,1.0,LOG,AUTH_SUCCESS,C1258
8179,477,U1101,1.0,LOG,AUTH_SUCCESS,C1259
8180,477,U152,1.0,LOG,AUTH_SUCCESS,C206
8181,477,U29,1.0,LOG,AUTH_SUCCESS,C30
8182,477,U12,1.0,LOG,AUTH_SUCCESS,C457
8183,477,U105,1.0,LOG,AUTH_SUCCESS,C160
8184,477,U97,1.0,LOG,AUTH_SUCCESS,C161
8185,477,U112,1.0,LOG,AUTH_SUCCESS,C145
8186,478,U147,1.0,LOG,AUTH_SUCCESS,C198
8187,478,U16,1.0,LOG,AUTH_SUCCESS,C148
8188,478,U16,1.0,LOG,AUTH_SUCCESS,C17
8189,478,U510,1.0,LOG,AUTH_SUCCESS,C643
8190,478,U30,1.0,LOG,AUTH_SUCCESS,C150
8191,478,U30,1.0,LOG,AUTH_SUCCESS,C31
8192,478,U63,1.0,LOG,AUTH_SUCCESS,C68
8193,478,U6,1.0,LOG,AUTH_SUCCESS,C7
8194,478,U6,1.0,LOG,AUTH_SUCCESS,C148
8195,478,U427,1.0,LOG,AUTH_SUCCESS,C551
8196,478,U901,1.0,LOG,AUTH_SUCCESS,C1049
8197,478,U1100,1.0,LOG,AUTH_SUCCESS,C1258
8198,478,U1101,1.0,LOG,AUTH_SUCCESS,C1259
8199,478,U153,1.0,LOG,AUTH_SUCCESS,C207
8200,478,U153,1.0,LOG,AUTH_SUCCESS,C148
8201,478,U77,1.0,LOG,AUTH_SUCCESS,C78
8202,478,U12,1.0,LOG,AUTH_SUCCESS,C13
8203,478,U12,1.0,LOG,AUTH_SUCCESS,C54
8204,478,U12,1.0,LOG,AUTH_SUCCESS,C632
8205,478,U159,1.0,LOG,AUTH_SUCCESS,C160
8206,478,U97,1.0,LOG,AUTH_SUCCESS,C116
8207,479,U526,1.0,LOG,AUTH_SUCCESS,C660
8208,479,U6,1.0,LOG,AUTH_SUCCESS,C7
8209,479,U901,1.0,LOG,AUTH_SUCCESS,C1049
8210,479,U1102,1.0,LOG,AUTH_SUCCESS,C1260
8211,479,U163,1.0,LOG,AUTH_SUCCESS,C219
8212,479,U163,1.0,LOG,AUTH_SUCCESS,C220
8213,479,U12,1.0,LOG,AUTH_SUCCESS,C107
8214,479,U159,1.0,LOG,AUTH_SUCCESS,C160
8215,479,U128,1.0,LOG,AUTH_SUCCESS,C167
8216,479,U128,1.0,LOG,AUTH_SUCCESS,C176
8217,479,U112,1.0,LOG,AUTH_SUCCESS,C83
8218,480,U165,1.0,LOG,AUTH_SUCCESS,C223
8219,480,U1103,1.0,LOG,AUTH_SUCCESS,C1261
8220,480,U526,1.0,LOG,AUTH_SUCCESS,C660
8221,480,U1104,1.0,LOG,AUTH_SUCCESS,C1262
8222,480,U1105,1.0,LOG,AUTH_SUCCESS,C1263
8223,480,U901,1.0,LOG,AUTH_SUCCESS,C1049
8224,480,U39,1.0,LOG,AUTH_SUCCESS,C41
8225,480,U1102,1.0,LOG,AUTH_SUCCESS,C1260
8226,480,U116,1.0,LOG,AUTH_SUCCESS,C155
8227,480,U127,1.0,LOG,AUTH_SUCCESS,C155
8228,480,U112,1.0,LOG,AUTH_SUCCESS,C476
8229,480,U112,1.0,LOG,AUTH_SUCCESS,C83
8230,481,U170,1.0,LOG,AUTH_SUCCESS,C229
8231,481,U1103,1.0,LOG,AUTH_SUCCESS,C1261
8232,481,U526,1.0,LOG,AUTH_SUCCESS,C660
8233,481,U63,1.0,LOG,AUTH_SUCCESS,C234
8234,481,U63,1.0,LOG,AUTH_SUCCESS,C68
8235,481,U39,1.0,LOG,AUTH_SUCCESS,C41
8236,481,U77,1.0,LOG,AUTH_SUCCESS,C234
8237,481,U77,1.0,LOG,AUTH_SUCCESS,C78
8238,481,U336,1.0,LOG,AUTH_SUCCESS,C448
8239,481,U336,1.0,LOG,AUTH_SUCCESS,C200
8240,481,U60,1.0,LOG,AUTH_SUCCESS,C213
8241,481,U60,1.0,LOG,AUTH_SUCCESS,C157
8242,481,U12,1.0,LOG,AUTH_SUCCESS,C427
8243,481,U12,1.0,LOG,AUTH_SUCCESS,C173
8244,481,U159,1.0,LOG,AUTH_SUCCESS,C160
8245,482,U1106,1.0,LOG,AUTH_SUCCESS,C1264
8246,482,U1103,1.0,LOG,AUTH_SUCCESS,C1261
8247,482,U63,1.0,LOG,AUTH_SUCCESS,C68
8248,482,U1104,1.0,LOG,AUTH_SUCCESS,C1262
8249,482,U532,1.0,LOG,AUTH_SUCCESS,C666
8250,482,U167,1.0,LOG,AUTH_SUCCESS,C225
8251,482,U167,1.0,LOG,AUTH_SUCCESS,C226
8252,482,U1107,1.0,LOG,AUTH_SUCCESS,C957
8253,482,U1102,1.0,LOG,AUTH_SUCCESS,C134
8254,482,U1102,1.0,LOG,AUTH_SUCCESS,C1260
8255,482,U1102,1.0,LOG,AUTH_SUCCESS,C205
8256,482,U153,1.0,LOG,AUTH_SUCCESS,C207
8257,482,U153,1.0,LOG,AUTH_SUCCESS,C239
8258,482,U13,1.0,LOG,AUTH_SUCCESS,C309
8259,482,U12,1.0,LOG,AUTH_SUCCESS,C465
8260,482,U12,1.0,LOG,AUTH_SUCCESS,C582
8261,482,U112,1.0,LOG,AUTH_SUCCESS,C83
8262,483,U1108,1.0,LOG,AUTH_SUCCESS,C1265
8263,483,U1108,1.0,LOG,AUTH_SUCCESS,C414
8264,483,U1103,1.0,LOG,AUTH_SUCCESS,C1261
8265,483,U341,1.0,LOG,AUTH_SUCCESS,C150
8266,483,U341,1.0,LOG,AUTH_SUCCESS,C455
8267,483,U534,1.0,LOG,AUTH_SUCCESS,C668
8268,483,U532,1.0,LOG,AUTH_SUCCESS,C666
8269,483,U1107,1.0,LOG,AUTH_SUCCESS,C957
8270,483,U1109,1.0,LOG,AUTH_SUCCESS,C1266
8271,483,U182,1.0,LOG,AUTH_SUCCESS,C248
8272,483,U182,1.0,LOG,AUTH_SUCCESS,C249
8273,483,U183,1.0,LOG,AUTH_SUCCESS,C250
8274,483,U127,1.0,LOG,AUTH_SUCCESS,C155
8275,483,U13,1.0,LOG,AUTH_SUCCESS,C209
8276,483,U184,1.0,LOG,AUTH_SUCCESS,C154
8277,483,U159,1.0,LOG,AUTH_SUCCESS,C160
8278,483,U97,1.0,LOG,AUTH_SUCCESS,C161
8279,484,U180,1.0,LOG,AUTH_SUCCESS,C246
8280,484,U1110,1.0,LOG,AUTH_SUCCESS,C1267
8281,484,U524,1.0,LOG,AUTH_SUCCESS,C657
8282,484,U191,1.0,LOG,AUTH_SUCCESS,C258
8283,484,U534,1.0,LOG,AUTH_SUCCESS,C668
8284,484,U1111,1.0,LOG,AUTH_SUCCESS,C1268
8285,484,U1107,1.0,LOG,AUTH_SUCCESS,C957
8286,484,U135,1.0,LOG,AUTH_SUCCESS,C184
8287,484,U1102,1.0,LOG,AUTH_SUCCESS,C134
8288,484,U1102,1.0,LOG,AUTH_SUCCESS,C1260
8289,484,U1102,1.0,LOG,AUTH_SUCCESS,C205
8290,484,U182,1.0,LOG,AUTH_SUCCESS,C248
8291,484,U182,1.0,LOG,AUTH_SUCCESS,C249
8292,484,U183,1.0,LOG,AUTH_SUCCESS,C250
8293,484,U538,1.0,LOG,AUTH_SUCCESS,C673
8294,484,U116,1.0,LOG,AUTH_SUCCESS,C155
8295,484,U13,1.0,LOG,AUTH_SUCCESS,C309
8296,484,U60,1.0,LOG,AUTH_SUCCESS,C108
8297,484,U12,1.0,LOG,AUTH_SUCCESS,C561
8298,484,U12,1.0,LOG,AUTH_SUCCESS,C13
8299,484,U128,1.0,LOG,AUTH_SUCCESS,C167
8300,484,U128,1.0,LOG,AUTH_SUCCESS,C176
8301,484,U67,1.0,LOG,AUTH_SUCCESS,C49
8302,485,U1112,1.0,LOG,AUTH_SUCCESS,C1269
8303,485,U180,1.0,LOG,AUTH_SUCCESS,C246
8304,485,U1110,1.0,LOG,AUTH_SUCCESS,C1267
8305,485,U540,1.0,LOG,AUTH_SUCCESS,C675
8306,485,U524,1.0,LOG,AUTH_SUCCESS,C657
8307,485,U191,1.0,LOG,AUTH_SUCCESS,C258
8308,485,U63,1.0,LOG,AUTH_SUCCESS,C234
8309,485,U63,1.0,LOG,AUTH_SUCCESS,C68
8310,485,U193,1.0,LOG,AUTH_SUCCESS,C260
8311,485,U1109,1.0,LOG,AUTH_SUCCESS,C134
8312,485,U1109,1.0,LOG,AUTH_SUCCESS,C1266
8313,485,U538,1.0,LOG,AUTH_SUCCESS,C673
8314,485,U12,1.0,LOG,AUTH_SUCCESS,C236
8315,485,U12,1.0,LOG,AUTH_SUCCESS,C108
8316,485,U12,1.0,LOG,AUTH_SUCCESS,C13
8317,485,U12,1.0,LOG,AUTH_SUCCESS,C54
8318,485,U184,1.0,LOG,AUTH_SUCCESS,C154
8319,485,U67,1.0,LOG,AUTH_SUCCESS,C154
8320,485,U67,1.0,LOG,AUTH_SUCCESS,C49
8321,486,U1113,1.0,LOG,AUTH_SUCCESS,C1270
8322,486,U1113,1.0,LOG,AUTH_SUCCESS,C150
8323,486,U1112,1.0,LOG,AUTH_SUCCESS,C1269
8324,486,U175,1.0,LOG,AUTH_SUCCESS,C240
8325,486,U175,1.0,LOG,AUTH_SUCCESS,C200
8326,486,U186,1.0,LOG,AUTH_SUCCESS,C254
8327,486,U186,1.0,LOG,AUTH_SUCCESS,C148
8328,486,U1114,1.0,LOG,AUTH_SUCCESS,C1271
8329,486,U1111,1.0,LOG,AUTH_SUCCESS,C1268
8330,486,U751,1.0,LOG,AUTH_SUCCESS,C895
8331,486,U89,1.0,LOG,AUTH_SUCCESS,C98
8332,486,U89,1.0,LOG,AUTH_SUCCESS,C200
8333,486,U1109,1.0,LOG,AUTH_SUCCESS,C134
8334,486,U1109,1.0,LOG,AUTH_SUCCESS,C1266
8335,486,U194,1.0,LOG,AUTH_SUCCESS,C268
8336,486,U194,1.0,LOG,AUTH_SUCCESS,C262
8337,486,U194,1.0,LOG,AUTH_SUCCESS,C263
8338,486,U1115,1.0,LOG,AUTH_SUCCESS,C1272
8339,486,U627,1.0,LOG,AUTH_SUCCESS,C759
8340,486,U188,1.0,LOG,AUTH_SUCCESS,C148
8341,486,U188,1.0,LOG,AUTH_SUCCESS,C256
8342,486,U116,1.0,LOG,AUTH_SUCCESS,C155
8343,486,U127,1.0,LOG,AUTH_SUCCESS,C155
8344,486,U94,1.0,LOG,AUTH_SUCCESS,C186
8345,486,U94,1.0,LOG,AUTH_SUCCESS,C110
8346,486,U60,1.0,LOG,AUTH_SUCCESS,C173
8347,486,U12,1.0,LOG,AUTH_SUCCESS,C632
8348,486,U184,1.0,LOG,AUTH_SUCCESS,C154
8349,486,U179,1.0,LOG,AUTH_SUCCESS,C175
8350,487,U1116,1.0,LOG,AUTH_SUCCESS,C1273
8351,487,U1117,1.0,LOG,AUTH_SUCCESS,C1274
8352,487,U540,1.0,LOG,AUTH_SUCCESS,C675
8353,487,U1114,1.0,LOG,AUTH_SUCCESS,C1271
8354,487,U197,1.0,LOG,AUTH_SUCCESS,C269
8355,487,U197,1.0,LOG,AUTH_SUCCESS,C280
8356,487,U1118,1.0,LOG,AUTH_SUCCESS,C1275
8357,487,U1115,1.0,LOG,AUTH_SUCCESS,C150
8358,487,U1115,1.0,LOG,AUTH_SUCCESS,C1272
8359,487,U188,1.0,LOG,AUTH_SUCCESS,C239
8360,487,U188,1.0,LOG,AUTH_SUCCESS,C256
8361,487,U204,1.0,LOG,AUTH_SUCCESS,C154
8362,488,U1116,1.0,LOG,AUTH_SUCCESS,C1273
8363,488,U1117,1.0,LOG,AUTH_SUCCESS,C1274
8364,488,U540,1.0,LOG,AUTH_SUCCESS,C675
8365,488,U1119,1.0,LOG,AUTH_SUCCESS,C330
8366,488,U231,1.0,LOG,AUTH_SUCCESS,C316
8367,488,U231,1.0,LOG,AUTH_SUCCESS,C317
8368,488,U1120,1.0,LOG,AUTH_SUCCESS,C1276
8369,488,U1121,1.0,LOG,AUTH_SUCCESS,C1277
8370,488,U1118,1.0,LOG,AUTH_SUCCESS,C1275
8371,488,U13,1.0,LOG,AUTH_SUCCESS,C14
8372,488,U12,1.0,LOG,AUTH_SUCCESS,C13
8373,488,U179,1.0,LOG,AUTH_SUCCESS,C175
8374,489,U1117,1.0,LOG,AUTH_SUCCESS,C1274
8375,489,U628,1.0,LOG,AUTH_SUCCESS,C760
8376,489,U628,1.0,LOG,AUTH_SUCCESS,C248
8377,489,U1119,1.0,LOG,AUTH_SUCCESS,C330
8378,489,U231,1.0,LOG,AUTH_SUCCESS,C316
8379,489,U231,1.0,LOG,AUTH_SUCCESS,C459
8380,489,U1120,1.0,LOG,AUTH_SUCCESS,C1276
8381,489,U1122,1.0,LOG,AUTH_SUCCESS,C1278
8382,489,U216,1.0,LOG,AUTH_SUCCESS,C219
8383,489,U216,1.0,LOG,AUTH_SUCCESS,C291
8384,489,U12,1.0,LOG,AUTH_SUCCESS,C685
8385,489,U12,1.0,LOG,AUTH_SUCCESS,C602
8386,489,U12,1.0,LOG,AUTH_SUCCESS,C13
8387,489,U128,1.0,LOG,AUTH_SUCCESS,C167
8388,489,U128,1.0,LOG,AUTH_SUCCESS,C176
8389,490,U242,1.0,LOG,AUTH_SUCCESS,C1279
8390,490,U211,1.0,LOG,AUTH_SUCCESS,C248
8391,490,U211,1.0,LOG,AUTH_SUCCESS,C286
8392,490,U212,1.0,LOG,AUTH_SUCCESS,C287
8393,490,U1120,1.0,LOG,AUTH_SUCCESS,C1276
8394,490,U1122,1.0,LOG,AUTH_SUCCESS,C1278
8395,490,U553,1.0,LOG,AUTH_SUCCESS,C687
8396,490,U356,1.0,LOG,AUTH_SUCCESS,C474
8397,490,U1121,1.0,LOG,AUTH_SUCCESS,C1277
8398,490,U202,1.0,LOG,AUTH_SUCCESS,C148
8399,490,U202,1.0,LOG,AUTH_SUCCESS,C275
8400,490,U1123,1.0,LOG,AUTH_SUCCESS,C1280
8401,490,U1124,1.0,LOG,AUTH_SUCCESS,C1281
8402,490,U77,1.0,LOG,AUTH_SUCCESS,C78
8403,490,U12,1.0,LOG,AUTH_SUCCESS,C108
8404,490,U12,1.0,LOG,AUTH_SUCCESS,C335
8405,490,U12,1.0,LOG,AUTH_SUCCESS,C13
8406,490,U159,1.0,LOG,AUTH_SUCCESS,C160
8407,490,U179,1.0,LOG,AUTH_SUCCESS,C175
8408,491,U242,1.0,LOG,AUTH_SUCCESS,C1279
8409,491,U212,1.0,LOG,AUTH_SUCCESS,C287
8410,491,U1114,1.0,LOG,AUTH_SUCCESS,C1271
8411,491,U1114,1.0,LOG,AUTH_SUCCESS,C151
8412,491,U1114,1.0,LOG,AUTH_SUCCESS,C200
8413,491,U558,1.0,LOG,AUTH_SUCCESS,C692
8414,491,U356,1.0,LOG,AUTH_SUCCESS,C474
8415,491,U1125,1.0,LOG,AUTH_SUCCESS,C1282
8416,491,U218,1.0,LOG,AUTH_SUCCESS,C219
8417,491,U218,1.0,LOG,AUTH_SUCCESS,C296
8418,491,U89,1.0,LOG,AUTH_SUCCESS,C98
8419,491,U89,1.0,LOG,AUTH_SUCCESS,C151
8420,491,U1123,1.0,LOG,AUTH_SUCCESS,C1280
8421,491,U530,1.0,LOG,AUTH_SUCCESS,C664
8422,491,U1124,1.0,LOG,AUTH_SUCCESS,C1281
8423,491,U60,1.0,LOG,AUTH_SUCCESS,C173
8424,491,U12,1.0,LOG,AUTH_SUCCESS,C112
8425,491,U12,1.0,LOG,AUTH_SUCCESS,C54
8426,492,U563,1.0,LOG,AUTH_SUCCESS,C696
8427,492,U1117,1.0,LOG,AUTH_SUCCESS,C148
8428,492,U1117,1.0,LOG,AUTH_SUCCESS,C1274
8429,492,U212,1.0,LOG,AUTH_SUCCESS,C295
8430,492,U212,1.0,LOG,AUTH_SUCCESS,C280
8431,492,U212,1.0,LOG,AUTH_SUCCESS,C287
8432,492,U564,1.0,LOG,AUTH_SUCCESS,C697
8433,492,U558,1.0,LOG,AUTH_SUCCESS,C692
8434,492,U356,1.0,LOG,AUTH_SUCCESS,C150
8435,492,U356,1.0,LOG,AUTH_SUCCESS,C474
8436,492,U225,1.0,LOG,AUTH_SUCCESS,C304
8437,492,U225,1.0,LOG,AUTH_SUCCESS,C305
8438,492,U214,1.0,LOG,AUTH_SUCCESS,C289
8439,492,U214,1.0,LOG,AUTH_SUCCESS,C148
8440,492,U173,1.0,LOG,AUTH_SUCCESS,C233
8441,492,U227,1.0,LOG,AUTH_SUCCESS,C308
8442,492,U227,1.0,LOG,AUTH_SUCCESS,C148
8443,492,U1124,1.0,LOG,AUTH_SUCCESS,C1281
8444,492,U9,1.0,LOG,AUTH_SUCCESS,C10
8445,492,U12,1.0,LOG,AUTH_SUCCESS,C313
8446,492,U179,1.0,LOG,AUTH_SUCCESS,C175
8447,493,U1126,1.0,LOG,AUTH_SUCCESS,C1283
8448,493,U563,1.0,LOG,AUTH_SUCCESS,C696
8449,493,U564,1.0,LOG,AUTH_SUCCESS,C697
8450,493,U547,1.0,LOG,AUTH_SUCCESS,C680
8451,493,U173,1.0,LOG,AUTH_SUCCESS,C233
8452,493,U1127,1.0,LOG,AUTH_SUCCESS,C1284
8453,493,U9,1.0,LOG,AUTH_SUCCESS,C10
8454,493,U77,1.0,LOG,AUTH_SUCCESS,C234
8455,493,U77,1.0,LOG,AUTH_SUCCESS,C78
8456,493,U12,1.0,LOG,AUTH_SUCCESS,C13
8457,493,U12,1.0,LOG,AUTH_SUCCESS,C351
8458,494,U1128,1.0,LOG,AUTH_SUCCESS,C150
8459,494,U1128,1.0,LOG,AUTH_SUCCESS,C1285
8460,494,U1126,1.0,LOG,AUTH_SUCCESS,C1283
8461,494,U1129,1.0,LOG,AUTH_SUCCESS,C1286
8462,494,U223,1.0,LOG,AUTH_SUCCESS,C148
8463,494,U223,1.0,LOG,AUTH_SUCCESS,C302
8464,494,U1130,1.0,LOG,AUTH_SUCCESS,C1287
8465,494,U1131,1.0,LOG,AUTH_SUCCESS,C1288
8466,494,U230,1.0,LOG,AUTH_SUCCESS,C315
8467,494,U1132,1.0,LOG,AUTH_SUCCESS,C1289
8468,494,U1133,1.0,LOG,AUTH_SUCCESS,C1290
8469,494,U1127,1.0,LOG,AUTH_SUCCESS,C1284
8470,494,U13,1.0,LOG,AUTH_SUCCESS,C172
8471,494,U13,1.0,LOG,AUTH_SUCCESS,C14
8472,494,U12,1.0,LOG,AUTH_SUCCESS,C335
8473,494,U12,1.0,LOG,AUTH_SUCCESS,C13
8474,494,U12,1.0,LOG,AUTH_SUCCESS,C54
8475,494,U128,1.0,LOG,AUTH_SUCCESS,C167
8476,494,U128,1.0,LOG,AUTH_SUCCESS,C176
8477,495,U1126,1.0,LOG,AUTH_SUCCESS,C1283
8478,495,U1129,1.0,LOG,AUTH_SUCCESS,C1286
8479,495,U235,1.0,LOG,AUTH_SUCCESS,C219
8480,495,U235,1.0,LOG,AUTH_SUCCESS,C320
8481,495,U1130,1.0,LOG,AUTH_SUCCESS,C1287
8482,495,U1134,1.0,LOG,AUTH_SUCCESS,C1291
8483,495,U1131,1.0,LOG,AUTH_SUCCESS,C1288
8484,495,U230,1.0,LOG,AUTH_SUCCESS,C315
8485,495,U231,1.0,LOG,AUTH_SUCCESS,C316
8486,495,U231,1.0,LOG,AUTH_SUCCESS,C459
8487,495,U569,1.0,LOG,AUTH_SUCCESS,C702
8488,495,U1132,1.0,LOG,AUTH_SUCCESS,C1289
8489,495,U14,1.0,LOG,AUTH_SUCCESS,C219
8490,495,U14,1.0,LOG,AUTH_SUCCESS,C15
8491,495,U124,1.0,LOG,AUTH_SUCCESS,C192
8492,495,U530,1.0,LOG,AUTH_SUCCESS,C664
8493,495,U13,1.0,LOG,AUTH_SUCCESS,C172
8494,495,U13,1.0,LOG,AUTH_SUCCESS,C14
8495,495,U13,1.0,LOG,AUTH_SUCCESS,C32
8496,495,U12,1.0,LOG,AUTH_SUCCESS,C236
8497,495,U12,1.0,LOG,AUTH_SUCCESS,C251
8498,495,U12,1.0,LOG,AUTH_SUCCESS,C54
8499,495,U95,1.0,LOG,AUTH_SUCCESS,C154
8500,496,U1129,1.0,LOG,AUTH_SUCCESS,C1286
8501,496,U131,1.0,LOG,AUTH_SUCCESS,C180
8502,496,U131,1.0,LOG,AUTH_SUCCESS,C151
8503,496,U563,1.0,LOG,AUTH_SUCCESS,C696
8504,496,U563,1.0,LOG,AUTH_SUCCESS,C151
8505,496,U1130,1.0,LOG,AUTH_SUCCESS,C1287
8506,496,U878,1.0,LOG,AUTH_SUCCESS,C1028
8507,496,U878,1.0,LOG,AUTH_SUCCESS,C200
8508,496,U571,1.0,LOG,AUTH_SUCCESS,C704
8509,496,U1135,1.0,LOG,AUTH_SUCCESS,C1292
8510,496,U1132,1.0,LOG,AUTH_SUCCESS,C1289
8511,496,U124,1.0,LOG,AUTH_SUCCESS,C192
8512,496,U124,1.0,LOG,AUTH_SUCCESS,C168
8513,496,U530,1.0,LOG,AUTH_SUCCESS,C664
8514,496,U530,1.0,LOG,AUTH_SUCCESS,C676
8515,496,U60,1.0,LOG,AUTH_SUCCESS,C173
8516,496,U97,1.0,LOG,AUTH_SUCCESS,C116
8517,496,U169,1.0,LOG,AUTH_SUCCESS,C238
8518,497,U878,1.0,LOG,AUTH_SUCCESS,C1028
8519,497,U571,1.0,LOG,AUTH_SUCCESS,C704
8520,497,U1135,1.0,LOG,AUTH_SUCCESS,C1292
8521,497,U1136,1.0,LOG,AUTH_SUCCESS,C1293
8522,497,U578,1.0,LOG,AUTH_SUCCESS,C711
8523,497,U1137,1.0,LOG,AUTH_SUCCESS,C1294
8524,497,U1138,1.0,LOG,AUTH_SUCCESS,C1295
8525,497,U1139,1.0,LOG,AUTH_SUCCESS,C1296
8526,497,U244,1.0,LOG,AUTH_SUCCESS,C219
8527,497,U244,1.0,LOG,AUTH_SUCCESS,C330
8528,497,U12,1.0,LOG,AUTH_SUCCESS,C210
8529,497,U105,1.0,LOG,AUTH_SUCCESS,C160
8530,497,U156,1.0,LOG,AUTH_SUCCESS,C161
8531,498,U1140,1.0,LOG,AUTH_SUCCESS,C1297
8532,498,U1120,1.0,LOG,AUTH_SUCCESS,C1276
8533,498,U1136,1.0,LOG,AUTH_SUCCESS,C1293
8534,498,U578,1.0,LOG,AUTH_SUCCESS,C711
8535,498,U64,1.0,LOG,AUTH_SUCCESS,C150
8536,498,U64,1.0,LOG,AUTH_SUCCESS,C69
8537,498,U291,1.0,LOG,AUTH_SUCCESS,C238
8538,498,U1137,1.0,LOG,AUTH_SUCCESS,C1294
8539,498,U19,1.0,LOG,AUTH_SUCCESS,C20
8540,498,U1139,1.0,LOG,AUTH_SUCCESS,C1296
8541,498,U12,1.0,LOG,AUTH_SUCCESS,C635
8542,498,U159,1.0,LOG,AUTH_SUCCESS,C160
8543,499,U583,1.0,LOG,AUTH_SUCCESS,C715
8544,499,U1140,1.0,LOG,AUTH_SUCCESS,C1297
8545,499,U1136,1.0,LOG,AUTH_SUCCESS,C1293
8546,499,U1141,1.0,LOG,AUTH_SUCCESS,C1298
8547,499,U64,1.0,LOG,AUTH_SUCCESS,C69
8548,499,U19,1.0,LOG,AUTH_SUCCESS,C20
8549,499,U1139,1.0,LOG,AUTH_SUCCESS,C219
8550,499,U1139,1.0,LOG,AUTH_SUCCESS,C1296
8551,499,U12,1.0,LOG,AUTH_SUCCESS,C524
8552,499,U159,1.0,LOG,AUTH_SUCCESS,C160
8553,500,U1142,1.0,LOG,AUTH_SUCCESS,C1299
8554,500,U1143,1.0,LOG,AUTH_SUCCESS,C1300
8555,500,U64,1.0,LOG,AUTH_SUCCESS,C150
8556,500,U64,1.0,LOG,AUTH_SUCCESS,C69
8557,500,U19,1.0,LOG,AUTH_SUCCESS,C20
8558,500,U1144,1.0,LOG,AUTH_SUCCESS,C1301
8559,500,U373,1.0,LOG,AUTH_SUCCESS,C154
8560,501,U588,1.0,LOG,AUTH_SUCCESS,C721
8561,501,U1145,1.0,LOG,AUTH_SUCCESS,C1302
8562,501,U372,1.0,LOG,AUTH_SUCCESS,C495
8563,501,U372,1.0,LOG,AUTH_SUCCESS,C200
8564,501,U1143,1.0,LOG,AUTH_SUCCESS,C1300
8565,501,U201,1.0,LOG,AUTH_SUCCESS,C200
8566,501,U201,1.0,LOG,AUTH_SUCCESS,C274
8567,501,U1139,1.0,LOG,AUTH_SUCCESS,C443
8568,501,U590,1.0,LOG,AUTH_SUCCESS,C70
8569,501,U59,1.0,LOG,AUTH_SUCCESS,C200
8570,501,U59,1.0,LOG,AUTH_SUCCESS,C64
8571,501,U1144,1.0,LOG,AUTH_SUCCESS,C1301
8572,501,U591,1.0,LOG,AUTH_SUCCESS,C151
8573,501,U591,1.0,LOG,AUTH_SUCCESS,C722
8574,501,U9,1.0,LOG,AUTH_SUCCESS,C10
8575,501,U9,1.0,LOG,AUTH_SUCCESS,C151
8576,501,U259,1.0,LOG,AUTH_SUCCESS,C348
8577,501,U159,1.0,LOG,AUTH_SUCCESS,C160
8578,501,U128,1.0,LOG,AUTH_SUCCESS,C167
8579,501,U128,1.0,LOG,AUTH_SUCCESS,C176
8580,502,U1146,1.0,LOG,AUTH_SUCCESS,C1303
8581,502,U113,1.0,LOG,AUTH_SUCCESS,C147
8582,502,U113,1.0,LOG,AUTH_SUCCESS,C148
8583,502,U588,1.0,LOG,AUTH_SUCCESS,C721
8584,502,U593,1.0,LOG,AUTH_SUCCESS,C724
8585,502,U1145,1.0,LOG,AUTH_SUCCESS,C134
8586,502,U1145,1.0,LOG,AUTH_SUCCESS,C1302
8587,502,U392,1.0,LOG,AUTH_SUCCESS,C409
8588,502,U252,1.0,LOG,AUTH_SUCCESS,C339
8589,502,U252,1.0,LOG,AUTH_SUCCESS,C225
8590,502,U68,1.0,LOG,AUTH_SUCCESS,C71
8591,502,U120,1.0,LOG,AUTH_SUCCESS,C164
8592,502,U120,1.0,LOG,AUTH_SUCCESS,C239
8593,502,U120,1.0,LOG,AUTH_SUCCESS,C148
8594,502,U1143,1.0,LOG,AUTH_SUCCESS,C1300
8595,502,U202,1.0,LOG,AUTH_SUCCESS,C239
8596,502,U202,1.0,LOG,AUTH_SUCCESS,C275
8597,502,U77,1.0,LOG,AUTH_SUCCESS,C78
8598,502,U259,1.0,LOG,AUTH_SUCCESS,C348
8599,502,U48,1.0,LOG,AUTH_SUCCESS,C281
8600,502,U116,1.0,LOG,AUTH_SUCCESS,C155
8601,502,U13,1.0,LOG,AUTH_SUCCESS,C14
8602,503,U1146,1.0,LOG,AUTH_SUCCESS,C1303
8603,503,U1145,1.0,LOG,AUTH_SUCCESS,C134
8604,503,U1145,1.0,LOG,AUTH_SUCCESS,C1302
8605,503,U598,1.0,LOG,AUTH_SUCCESS,C728
8606,503,U68,1.0,LOG,AUTH_SUCCESS,C71
8607,503,U529,1.0,LOG,AUTH_SUCCESS,C663
8608,503,U1136,1.0,LOG,AUTH_SUCCESS,C1293
8609,503,U21,1.0,LOG,AUTH_SUCCESS,C22
8610,503,U19,1.0,LOG,AUTH_SUCCESS,C20
8611,503,U432,1.0,LOG,AUTH_SUCCESS,C557
8612,503,U1147,1.0,LOG,AUTH_SUCCESS,C219
8613,503,U1147,1.0,LOG,AUTH_SUCCESS,C1304
8614,503,U438,1.0,LOG,AUTH_SUCCESS,C564
8615,503,U127,1.0,LOG,AUTH_SUCCESS,C155
8616,503,U13,1.0,LOG,AUTH_SUCCESS,C14
8617,503,U12,1.0,LOG,AUTH_SUCCESS,C236
8618,503,U12,1.0,LOG,AUTH_SUCCESS,C13
8619,503,U184,1.0,LOG,AUTH_SUCCESS,C154
8620,503,U159,1.0,LOG,AUTH_SUCCESS,C160
8621,504,U593,1.0,LOG,AUTH_SUCCESS,C724
8622,504,U598,1.0,LOG,AUTH_SUCCESS,C728
8623,504,U1148,1.0,LOG,AUTH_SUCCESS,C1305
8624,504,U1149,1.0,LOG,AUTH_SUCCESS,C1306
8625,504,U1136,1.0,LOG,AUTH_SUCCESS,C1293
8626,504,U19,1.0,LOG,AUTH_SUCCESS,C20
8627,504,U114,1.0,LOG,AUTH_SUCCESS,C149
8628,504,U114,1.0,LOG,AUTH_SUCCESS,C148
8629,504,U28,1.0,LOG,AUTH_SUCCESS,C29
8630,504,U115,1.0,LOG,AUTH_SUCCESS,C148
8631,504,U115,1.0,LOG,AUTH_SUCCESS,C152
8632,504,U13,1.0,LOG,AUTH_SUCCESS,C32
8633,504,U60,1.0,LOG,AUTH_SUCCESS,C108
8634,504,U12,1.0,LOG,AUTH_SUCCESS,C251
8635,504,U184,1.0,LOG,AUTH_SUCCESS,C154
8636,504,U46,1.0,LOG,AUTH_SUCCESS,C154
8637,504,U67,1.0,LOG,AUTH_SUCCESS,C49
8638,505,U601,1.0,LOG,AUTH_SUCCESS,C731
8639,505,U628,1.0,LOG,AUTH_SUCCESS,C760
8640,505,U628,1.0,LOG,AUTH_SUCCESS,C248
8641,505,U1148,1.0,LOG,AUTH_SUCCESS,C1305
8642,505,U162,1.0,LOG,AUTH_SUCCESS,C218
8643,505,U1149,1.0,LOG,AUTH_SUCCESS,C1306
8644,505,U21,1.0,LOG,AUTH_SUCCESS,C22
8645,505,U19,1.0,LOG,AUTH_SUCCESS,C20
8646,505,U1147,1.0,LOG,AUTH_SUCCESS,C219
8647,505,U1147,1.0,LOG,AUTH_SUCCESS,C1304
8648,505,U28,1.0,LOG,AUTH_SUCCESS,C29
8649,505,U605,1.0,LOG,AUTH_SUCCESS,C736
8650,505,U1139,1.0,LOG,AUTH_SUCCESS,C1296
8651,505,U1150,1.0,LOG,AUTH_SUCCESS,C1307
8652,505,U77,1.0,LOG,AUTH_SUCCESS,C234
8653,505,U77,1.0,LOG,AUTH_SUCCESS,C78
8654,505,U184,1.0,LOG,AUTH_SUCCESS,C154
8655,505,U156,1.0,LOG,AUTH_SUCCESS,C161
8656,505,U67,1.0,LOG,AUTH_SUCCESS,C154
8657,505,U67,1.0,LOG,AUTH_SUCCESS,C49
8658,506,U1151,1.0,LOG,AUTH_SUCCESS,C301
8659,506,U2,1.0,LOG,AUTH_SUCCESS,C3
8660,506,U160,1.0,LOG,AUTH_SUCCESS,C216
8661,506,U1152,1.0,LOG,AUTH_SUCCESS,C177
8662,506,U1148,1.0,LOG,AUTH_SUCCESS,C1305
8663,506,U132,1.0,LOG,AUTH_SUCCESS,C181
8664,506,U132,1.0,LOG,AUTH_SUCCESS,C148
8665,506,U1153,1.0,LOG,AUTH_SUCCESS,C1308
8666,506,U19,1.0,LOG,AUTH_SUCCESS,C20
8667,506,U1154,1.0,LOG,AUTH_SUCCESS,C1309
8668,506,U226,1.0,LOG,AUTH_SUCCESS,C151
8669,506,U226,1.0,LOG,AUTH_SUCCESS,C306
8670,506,U605,1.0,LOG,AUTH_SUCCESS,C736
8671,506,U29,1.0,LOG,AUTH_SUCCESS,C30
8672,506,U154,1.0,LOG,AUTH_SUCCESS,C208
8673,506,U154,1.0,LOG,AUTH_SUCCESS,C148
8674,506,U13,1.0,LOG,AUTH_SUCCESS,C32
8675,506,U60,1.0,LOG,AUTH_SUCCESS,C173
8676,506,U12,1.0,LOG,AUTH_SUCCESS,C173
8677,506,U184,1.0,LOG,AUTH_SUCCESS,C154
8678,506,U179,1.0,LOG,AUTH_SUCCESS,C175
8679,507,U334,1.0,LOG,AUTH_SUCCESS,C446
8680,507,U601,1.0,LOG,AUTH_SUCCESS,C731
8681,507,U130,1.0,LOG,AUTH_SUCCESS,C179
8682,507,U130,1.0,LOG,AUTH_SUCCESS,C239
8683,507,U2,1.0,LOG,AUTH_SUCCESS,C150
8684,507,U2,1.0,LOG,AUTH_SUCCESS,C3
8685,507,U160,1.0,LOG,AUTH_SUCCESS,C216
8686,507,U1152,1.0,LOG,AUTH_SUCCESS,C177
8687,507,U1148,1.0,LOG,AUTH_SUCCESS,C1305
8688,507,U1153,1.0,LOG,AUTH_SUCCESS,C1308
8689,507,U1154,1.0,LOG,AUTH_SUCCESS,C1309
8690,507,U1139,1.0,LOG,AUTH_SUCCESS,C1296
8691,507,U1150,1.0,LOG,AUTH_SUCCESS,C1307
8692,507,U29,1.0,LOG,AUTH_SUCCESS,C30
8693,507,U1155,1.0,LOG,AUTH_SUCCESS,C1310
8694,507,U1155,1.0,LOG,AUTH_SUCCESS,C239
8695,507,U13,1.0,LOG,AUTH_SUCCESS,C32
8696,507,U12,1.0,LOG,AUTH_SUCCESS,C236
8697,507,U12,1.0,LOG,AUTH_SUCCESS,C13
8698,507,U204,1.0,LOG,AUTH_SUCCESS,C154
8699,507,U156,1.0,LOG,AUTH_SUCCESS,C161
8700,508,U334,1.0,LOG,AUTH_SUCCESS,C446
8701,508,U1151,1.0,LOG,AUTH_SUCCESS,C301
8702,508,U130,1.0,LOG,AUTH_SUCCESS,C179
8703,508,U130,1.0,LOG,AUTH_SUCCESS,C148
8704,508,U16,1.0,LOG,AUTH_SUCCESS,C148
8705,508,U16,1.0,LOG,AUTH_SUCCESS,C17
8706,508,U6,1.0,LOG,AUTH_SUCCESS,C7
8707,508,U6,1.0,LOG,AUTH_SUCCESS,C148
8708,508,U1156,1.0,LOG,AUTH_SUCCESS,C1311
8709,508,U1147,1.0,LOG,AUTH_SUCCESS,C1304
8710,508,U29,1.0,LOG,AUTH_SUCCESS,C30
8711,508,U48,1.0,LOG,AUTH_SUCCESS,C292
8712,508,U12,1.0,LOG,AUTH_SUCCESS,C638
8713,508,U179,1.0,LOG,AUTH_SUCCESS,C175
8714,509,U241,1.0,LOG,AUTH_SUCCESS,C327
8715,509,U16,1.0,LOG,AUTH_SUCCESS,C17
8716,509,U6,1.0,LOG,AUTH_SUCCESS,C7
8717,509,U1147,1.0,LOG,AUTH_SUCCESS,C1304
8718,509,U163,1.0,LOG,AUTH_SUCCESS,C219
8719,509,U163,1.0,LOG,AUTH_SUCCESS,C220
8720,509,U29,1.0,LOG,AUTH_SUCCESS,C30
8721,509,U13,1.0,LOG,AUTH_SUCCESS,C309
8722,509,U13,1.0,LOG,AUTH_SUCCESS,C209
8723,509,U12,1.0,LOG,AUTH_SUCCESS,C108
8724,509,U12,1.0,LOG,AUTH_SUCCESS,C13
8725,509,U156,1.0,LOG,AUTH_SUCCESS,C161
8726,510,U431,1.0,LOG,AUTH_SUCCESS,C556
8727,510,U431,1.0,LOG,AUTH_SUCCESS,C248
8728,510,U947,1.0,LOG,AUTH_SUCCESS,C1104
8729,510,U16,1.0,LOG,AUTH_SUCCESS,C148
8730,510,U16,1.0,LOG,AUTH_SUCCESS,C17
8731,510,U454,1.0,LOG,AUTH_SUCCESS,C248
8732,510,U454,1.0,LOG,AUTH_SUCCESS,C581
8733,510,U6,1.0,LOG,AUTH_SUCCESS,C7
8734,510,U6,1.0,LOG,AUTH_SUCCESS,C148
8735,510,U39,1.0,LOG,AUTH_SUCCESS,C41
8736,510,U178,1.0,LOG,AUTH_SUCCESS,C1312
8737,510,U1157,1.0,LOG,AUTH_SUCCESS,C1313
8738,510,U616,1.0,LOG,AUTH_SUCCESS,C747
8739,510,U153,1.0,LOG,AUTH_SUCCESS,C207
8740,510,U153,1.0,LOG,AUTH_SUCCESS,C148
8741,510,U13,1.0,LOG,AUTH_SUCCESS,C309
8742,510,U13,1.0,LOG,AUTH_SUCCESS,C282
8743,510,U13,1.0,LOG,AUTH_SUCCESS,C32
8744,510,U13,1.0,LOG,AUTH_SUCCESS,C42
8745,510,U12,1.0,LOG,AUTH_SUCCESS,C13
8746,510,U159,1.0,LOG,AUTH_SUCCESS,C160
8747,510,U179,1.0,LOG,AUTH_SUCCESS,C175
8748,511,U170,1.0,LOG,AUTH_SUCCESS,C229
8749,511,U1158,1.0,LOG,AUTH_SUCCESS,C1314
8750,511,U231,1.0,LOG,AUTH_SUCCESS,C316
8751,511,U231,1.0,LOG,AUTH_SUCCESS,C459
8752,511,U16,1.0,LOG,AUTH_SUCCESS,C17
8753,511,U6,1.0,LOG,AUTH_SUCCESS,C7
8754,511,U1159,1.0,LOG,AUTH_SUCCESS,C788
8755,511,U39,1.0,LOG,AUTH_SUCCESS,C41
8756,511,U616,1.0,LOG,AUTH_SUCCESS,C747
8757,511,U1160,1.0,LOG,AUTH_SUCCESS,C1315
8758,511,U13,1.0,LOG,AUTH_SUCCESS,C32
8759,511,U13,1.0,LOG,AUTH_SUCCESS,C42
8760,511,U60,1.0,LOG,AUTH_SUCCESS,C173
8761,511,U12,1.0,LOG,AUTH_SUCCESS,C293
8762,511,U12,1.0,LOG,AUTH_SUCCESS,C748
8763,512,U1161,1.0,LOG,AUTH_SUCCESS,C1316
8764,512,U1158,1.0,LOG,AUTH_SUCCESS,C1314
8765,512,U63,1.0,LOG,AUTH_SUCCESS,C68
8766,512,U1159,1.0,LOG,AUTH_SUCCESS,C788
8767,512,U178,1.0,LOG,AUTH_SUCCESS,C1312
8768,512,U167,1.0,LOG,AUTH_SUCCESS,C225
8769,512,U167,1.0,LOG,AUTH_SUCCESS,C226
8770,512,U1160,1.0,LOG,AUTH_SUCCESS,C1315
8771,512,U1162,1.0,LOG,AUTH_SUCCESS,C1317
8772,512,U13,1.0,LOG,AUTH_SUCCESS,C42
8773,512,U179,1.0,LOG,AUTH_SUCCESS,C175
8774,513,U224,1.0,LOG,AUTH_SUCCESS,C303
8775,513,U1158,1.0,LOG,AUTH_SUCCESS,C1314
8776,513,U300,1.0,LOG,AUTH_SUCCESS,C397
8777,513,U620,1.0,LOG,AUTH_SUCCESS,C752
8778,513,U304,1.0,LOG,AUTH_SUCCESS,C402
8779,513,U1159,1.0,LOG,AUTH_SUCCESS,C788
8780,513,U1160,1.0,LOG,AUTH_SUCCESS,C1315
8781,513,U1162,1.0,LOG,AUTH_SUCCESS,C1317
8782,513,U13,1.0,LOG,AUTH_SUCCESS,C172
8783,513,U13,1.0,LOG,AUTH_SUCCESS,C309
8784,513,U13,1.0,LOG,AUTH_SUCCESS,C282
8785,513,U12,1.0,LOG,AUTH_SUCCESS,C645
8786,513,U12,1.0,LOG,AUTH_SUCCESS,C313
8787,513,U12,1.0,LOG,AUTH_SUCCESS,C159
8788,514,U47,1.0,LOG,AUTH_SUCCESS,C50
8789,514,U376,1.0,LOG,AUTH_SUCCESS,C498
8790,514,U224,1.0,LOG,AUTH_SUCCESS,C303
8791,514,U625,1.0,LOG,AUTH_SUCCESS,C757
8792,514,U620,1.0,LOG,AUTH_SUCCESS,C752
8793,514,U304,1.0,LOG,AUTH_SUCCESS,C402
8794,514,U193,1.0,LOG,AUTH_SUCCESS,C260
8795,514,U182,1.0,LOG,AUTH_SUCCESS,C248
8796,514,U182,1.0,LOG,AUTH_SUCCESS,C249
8797,514,U1163,1.0,LOG,AUTH_SUCCESS,C1318
8798,514,U1162,1.0,LOG,AUTH_SUCCESS,C1317
8799,514,U77,1.0,LOG,AUTH_SUCCESS,C78
8800,514,U627,1.0,LOG,AUTH_SUCCESS,C759
8801,514,U183,1.0,LOG,AUTH_SUCCESS,C250
8802,514,U13,1.0,LOG,AUTH_SUCCESS,C282
8803,514,U13,1.0,LOG,AUTH_SUCCESS,C209
8804,514,U128,1.0,LOG,AUTH_SUCCESS,C167
8805,514,U128,1.0,LOG,AUTH_SUCCESS,C176
8806,515,U47,1.0,LOG,AUTH_SUCCESS,C50
8807,515,U224,1.0,LOG,AUTH_SUCCESS,C303
8808,515,U1164,1.0,LOG,AUTH_SUCCESS,C1319
8809,515,U304,1.0,LOG,AUTH_SUCCESS,C402
8810,515,U63,1.0,LOG,AUTH_SUCCESS,C234
8811,515,U63,1.0,LOG,AUTH_SUCCESS,C68
8812,515,U499,1.0,LOG,AUTH_SUCCESS,C628
8813,515,U310,1.0,LOG,AUTH_SUCCESS,C412
8814,515,U1165,1.0,LOG,AUTH_SUCCESS,C1320
8815,515,U193,1.0,LOG,AUTH_SUCCESS,C260
8816,515,U892,1.0,LOG,AUTH_SUCCESS,C150
8817,515,U892,1.0,LOG,AUTH_SUCCESS,C1040
8818,515,U124,1.0,LOG,AUTH_SUCCESS,C192
8819,515,U1163,1.0,LOG,AUTH_SUCCESS,C1318
8820,515,U237,1.0,LOG,AUTH_SUCCESS,C322
8821,515,U1162,1.0,LOG,AUTH_SUCCESS,C1317
8822,515,U630,1.0,LOG,AUTH_SUCCESS,C762
8823,515,U1166,1.0,LOG,AUTH_SUCCESS,C1321
8824,515,U107,1.0,LOG,AUTH_SUCCESS,C138
8825,515,U627,1.0,LOG,AUTH_SUCCESS,C759
8826,515,U12,1.0,LOG,AUTH_SUCCESS,C598
8827,515,U12,1.0,LOG,AUTH_SUCCESS,C312
8828,515,U12,1.0,LOG,AUTH_SUCCESS,C635
8829,515,U95,1.0,LOG,AUTH_SUCCESS,C154
8830,515,U156,1.0,LOG,AUTH_SUCCESS,C161
8831,516,U280,1.0,LOG,AUTH_SUCCESS,C374
8832,516,U280,1.0,LOG,AUTH_SUCCESS,C151
8833,516,U1094,1.0,LOG,AUTH_SUCCESS,C134
8834,516,U1094,1.0,LOG,AUTH_SUCCESS,C1251
8835,516,U1073,1.0,LOG,AUTH_SUCCESS,C134
8836,516,U1073,1.0,LOG,AUTH_SUCCESS,C1230
8837,516,U1145,1.0,LOG,AUTH_SUCCESS,C134
8838,516,U1145,1.0,LOG,AUTH_SUCCESS,C1302
8839,516,U199,1.0,LOG,AUTH_SUCCESS,C272
8840,516,U199,1.0,LOG,AUTH_SUCCESS,C151
8841,516,U1167,1.0,LOG,AUTH_SUCCESS,C1322
8842,516,U1167,1.0,LOG,AUTH_SUCCESS,C1323
8843,516,U1164,1.0,LOG,AUTH_SUCCESS,C1319
8844,516,U632,1.0,LOG,AUTH_SUCCESS,C763
8845,516,U633,1.0,LOG,AUTH_SUCCESS,C764
8846,516,U148,1.0,LOG,AUTH_SUCCESS,C134
8847,516,U148,1.0,LOG,AUTH_SUCCESS,C199
8848,516,U625,1.0,LOG,AUTH_SUCCESS,C757
8849,516,U186,1.0,LOG,AUTH_SUCCESS,C254
8850,516,U186,1.0,LOG,AUTH_SUCCESS,C148
8851,516,U304,1.0,LOG,AUTH_SUCCESS,C402
8852,516,U1114,1.0,LOG,AUTH_SUCCESS,C134
8853,516,U1114,1.0,LOG,AUTH_SUCCESS,C1271
8854,516,U63,1.0,LOG,AUTH_SUCCESS,C68
8855,516,U206,1.0,LOG,AUTH_SUCCESS,C134
8856,516,U206,1.0,LOG,AUTH_SUCCESS,C278
8857,516,U499,1.0,LOG,AUTH_SUCCESS,C628
8858,516,U1168,1.0,LOG,AUTH_SUCCESS,C1324
8859,516,U427,1.0,LOG,AUTH_SUCCESS,C551
8860,516,U427,1.0,LOG,AUTH_SUCCESS,C151
8861,516,U427,1.0,LOG,AUTH_SUCCESS,C200
8862,516,U1137,1.0,LOG,AUTH_SUCCESS,C134
8863,516,U1137,1.0,LOG,AUTH_SUCCESS,C1294
8864,516,U1147,1.0,LOG,AUTH_SUCCESS,C200
8865,516,U1147,1.0,LOG,AUTH_SUCCESS,C1304
8866,516,U408,1.0,LOG,AUTH_SUCCESS,C134
8867,516,U408,1.0,LOG,AUTH_SUCCESS,C530
8868,516,U1169,1.0,LOG,AUTH_SUCCESS,C1325
8869,516,U124,1.0,LOG,AUTH_SUCCESS,C192
8870,516,U124,1.0,LOG,AUTH_SUCCESS,C168
8871,516,U1109,1.0,LOG,AUTH_SUCCESS,C134
8872,516,U1109,1.0,LOG,AUTH_SUCCESS,C1266
8873,516,U1102,1.0,LOG,AUTH_SUCCESS,C134
8874,516,U1102,1.0,LOG,AUTH_SUCCESS,C1260
8875,516,U194,1.0,LOG,AUTH_SUCCESS,C268
8876,516,U194,1.0,LOG,AUTH_SUCCESS,C262
8877,516,U194,1.0,LOG,AUTH_SUCCESS,C263
8878,516,U197,1.0,LOG,AUTH_SUCCESS,C269
8879,516,U1118,1.0,LOG,AUTH_SUCCESS,C134
8880,516,U1118,1.0,LOG,AUTH_SUCCESS,C1275
8881,516,U630,1.0,LOG,AUTH_SUCCESS,C762
8882,516,U107,1.0,LOG,AUTH_SUCCESS,C138
8883,516,U188,1.0,LOG,AUTH_SUCCESS,C148
8884,516,U188,1.0,LOG,AUTH_SUCCESS,C256
8885,516,U48,1.0,LOG,AUTH_SUCCESS,C104
8886,516,U60,1.0,LOG,AUTH_SUCCESS,C173
8887,516,U169,1.0,LOG,AUTH_SUCCESS,C238
8888,517,U52,1.0,LOG,AUTH_SUCCESS,C57
8889,517,U632,1.0,LOG,AUTH_SUCCESS,C763
8890,517,U633,1.0,LOG,AUTH_SUCCESS,C764
8891,517,U636,1.0,LOG,AUTH_SUCCESS,C768
8892,517,U53,1.0,LOG,AUTH_SUCCESS,C58
8893,517,U499,1.0,LOG,AUTH_SUCCESS,C628
8894,517,U1168,1.0,LOG,AUTH_SUCCESS,C1324
8895,517,U1165,1.0,LOG,AUTH_SUCCESS,C1320
8896,517,U1170,1.0,LOG,AUTH_SUCCESS,C146
8897,517,U197,1.0,LOG,AUTH_SUCCESS,C269
8898,517,U107,1.0,LOG,AUTH_SUCCESS,C138
8899,517,U107,1.0,LOG,AUTH_SUCCESS,C150
8900,517,U77,1.0,LOG,AUTH_SUCCESS,C234
8901,517,U77,1.0,LOG,AUTH_SUCCESS,C78
8902,517,U105,1.0,LOG,AUTH_SUCCESS,C160
8903,518,U52,1.0,LOG,AUTH_SUCCESS,C57
8904,518,U1164,1.0,LOG,AUTH_SUCCESS,C1319
8905,518,U636,1.0,LOG,AUTH_SUCCESS,C768
8906,518,U1171,1.0,LOG,AUTH_SUCCESS,C1326
8907,518,U291,1.0,LOG,AUTH_SUCCESS,C238
8908,518,U1168,1.0,LOG,AUTH_SUCCESS,C1324
8909,518,U139,1.0,LOG,AUTH_SUCCESS,C189
8910,518,U641,1.0,LOG,AUTH_SUCCESS,C148
8911,518,U641,1.0,LOG,AUTH_SUCCESS,C773
8912,518,U197,1.0,LOG,AUTH_SUCCESS,C269
8913,518,U197,1.0,LOG,AUTH_SUCCESS,C280
8914,518,U642,1.0,LOG,AUTH_SUCCESS,C774
8915,518,U12,1.0,LOG,AUTH_SUCCESS,C365
8916,518,U12,1.0,LOG,AUTH_SUCCESS,C54
8917,518,U12,1.0,LOG,AUTH_SUCCESS,C775
8918,518,U159,1.0,LOG,AUTH_SUCCESS,C160
8919,519,U644,1.0,LOG,AUTH_SUCCESS,C777
8920,519,U53,1.0,LOG,AUTH_SUCCESS,C58
8921,519,U63,1.0,LOG,AUTH_SUCCESS,C234
8922,519,U63,1.0,LOG,AUTH_SUCCESS,C68
8923,519,U1171,1.0,LOG,AUTH_SUCCESS,C1326
8924,519,U139,1.0,LOG,AUTH_SUCCESS,C189
8925,519,U1172,1.0,LOG,AUTH_SUCCESS,C1327
8926,519,U216,1.0,LOG,AUTH_SUCCESS,C219
8927,519,U216,1.0,LOG,AUTH_SUCCESS,C291
8928,519,U127,1.0,LOG,AUTH_SUCCESS,C155
8929,519,U12,1.0,LOG,AUTH_SUCCESS,C748
8930,519,U159,1.0,LOG,AUTH_SUCCESS,C160
8931,519,U128,1.0,LOG,AUTH_SUCCESS,C167
8932,519,U128,1.0,LOG,AUTH_SUCCESS,C176
8933,520,U1173,1.0,LOG,AUTH_SUCCESS,C1328
8934,520,U212,1.0,LOG,AUTH_SUCCESS,C287
8935,520,U18,1.0,LOG,AUTH_SUCCESS,C19
8936,520,U341,1.0,LOG,AUTH_SUCCESS,C455
8937,520,U202,1.0,LOG,AUTH_SUCCESS,C148
8938,520,U202,1.0,LOG,AUTH_SUCCESS,C275
8939,520,U1172,1.0,LOG,AUTH_SUCCESS,C1327
8940,520,U305,1.0,LOG,AUTH_SUCCESS,C403
8941,520,U116,1.0,LOG,AUTH_SUCCESS,C155
8942,520,U13,1.0,LOG,AUTH_SUCCESS,C172
8943,520,U12,1.0,LOG,AUTH_SUCCESS,C54
8944,520,U12,1.0,LOG,AUTH_SUCCESS,C775
8945,521,U1173,1.0,LOG,AUTH_SUCCESS,C1328
8946,521,U650,1.0,LOG,AUTH_SUCCESS,C782
8947,521,U1046,1.0,LOG,AUTH_SUCCESS,C1202
8948,521,U211,1.0,LOG,AUTH_SUCCESS,C248
8949,521,U211,1.0,LOG,AUTH_SUCCESS,C286
8950,521,U212,1.0,LOG,AUTH_SUCCESS,C295
8951,521,U212,1.0,LOG,AUTH_SUCCESS,C280
8952,521,U212,1.0,LOG,AUTH_SUCCESS,C287
8953,521,U651,1.0,LOG,AUTH_SUCCESS,C788
8954,521,U651,1.0,LOG,AUTH_SUCCESS,C783
8955,521,U651,1.0,LOG,AUTH_SUCCESS,C785
8956,521,U18,1.0,LOG,AUTH_SUCCESS,C150
8957,521,U18,1.0,LOG,AUTH_SUCCESS,C19
8958,521,U341,1.0,LOG,AUTH_SUCCESS,C150
8959,521,U341,1.0,LOG,AUTH_SUCCESS,C455
8960,521,U218,1.0,LOG,AUTH_SUCCESS,C219
8961,521,U218,1.0,LOG,AUTH_SUCCESS,C296
8962,521,U1147,1.0,LOG,AUTH_SUCCESS,C219
8963,521,U1147,1.0,LOG,AUTH_SUCCESS,C1304
8964,521,U261,1.0,LOG,AUTH_SUCCESS,C200
8965,521,U261,1.0,LOG,AUTH_SUCCESS,C352
8966,521,U29,1.0,LOG,AUTH_SUCCESS,C300
8967,521,U29,1.0,LOG,AUTH_SUCCESS,C30
8968,521,U159,1.0,LOG,AUTH_SUCCESS,C160
8969,522,U650,1.0,LOG,AUTH_SUCCESS,C782
8970,522,U268,1.0,LOG,AUTH_SUCCESS,C358
8971,522,U212,1.0,LOG,AUTH_SUCCESS,C287
8972,522,U651,1.0,LOG,AUTH_SUCCESS,C568
8973,522,U651,1.0,LOG,AUTH_SUCCESS,C783
8974,522,U651,1.0,LOG,AUTH_SUCCESS,C784
8975,522,U651,1.0,LOG,AUTH_SUCCESS,C785
8976,522,U18,1.0,LOG,AUTH_SUCCESS,C19
8977,522,U275,1.0,LOG,AUTH_SUCCESS,C599
8978,522,U275,1.0,LOG,AUTH_SUCCESS,C368
8979,522,U225,1.0,LOG,AUTH_SUCCESS,C304
8980,522,U225,1.0,LOG,AUTH_SUCCESS,C305
8981,522,U1174,1.0,LOG,AUTH_SUCCESS,C1329
8982,522,U1174,1.0,LOG,AUTH_SUCCESS,C1330
8983,522,U532,1.0,LOG,AUTH_SUCCESS,C666
8984,522,U214,1.0,LOG,AUTH_SUCCESS,C289
8985,522,U214,1.0,LOG,AUTH_SUCCESS,C148
8986,522,U227,1.0,LOG,AUTH_SUCCESS,C308
8987,522,U227,1.0,LOG,AUTH_SUCCESS,C148
8988,522,U9,1.0,LOG,AUTH_SUCCESS,C10
8989,522,U308,1.0,LOG,AUTH_SUCCESS,C410
8990,522,U12,1.0,LOG,AUTH_SUCCESS,C582
8991,523,U1175,1.0,LOG,AUTH_SUCCESS,C1331
8992,523,U231,1.0,LOG,AUTH_SUCCESS,C316
8993,523,U231,1.0,LOG,AUTH_SUCCESS,C459
8994,523,U651,1.0,LOG,AUTH_SUCCESS,C788
8995,523,U651,1.0,LOG,AUTH_SUCCESS,C785
8996,523,U1139,1.0,LOG,AUTH_SUCCESS,C219
8997,523,U1139,1.0,LOG,AUTH_SUCCESS,C1296
8998,523,U9,1.0,LOG,AUTH_SUCCESS,C10
8999,523,U1176,1.0,LOG,AUTH_SUCCESS,C150
9000,523,U1176,1.0,LOG,AUTH_SUCCESS,C1332
9001,523,U48,1.0,LOG,AUTH_SUCCESS,C281
9002,523,U12,1.0,LOG,AUTH_SUCCESS,C786
9003,523,U184,1.0,LOG,AUTH_SUCCESS,C154
9004,523,U159,1.0,LOG,AUTH_SUCCESS,C160
9005,523,U156,1.0,LOG,AUTH_SUCCESS,C161
9006,523,U66,1.0,LOG,AUTH_SUCCESS,C1
9007,524,U1177,1.0,LOG,AUTH_SUCCESS,C1333
9008,524,U268,1.0,LOG,AUTH_SUCCESS,C150
9009,524,U268,1.0,LOG,AUTH_SUCCESS,C358
9010,524,U223,1.0,LOG,AUTH_SUCCESS,C148
9011,524,U223,1.0,LOG,AUTH_SUCCESS,C302
9012,524,U1178,1.0,LOG,AUTH_SUCCESS,C1334
9013,524,U651,1.0,LOG,AUTH_SUCCESS,C568
9014,524,U651,1.0,LOG,AUTH_SUCCESS,C784
9015,524,U419,1.0,LOG,AUTH_SUCCESS,C543
9016,524,U658,1.0,LOG,AUTH_SUCCESS,C794
9017,524,U214,1.0,LOG,AUTH_SUCCESS,C289
9018,524,U214,1.0,LOG,AUTH_SUCCESS,C148
9019,524,U13,1.0,LOG,AUTH_SUCCESS,C309
9020,524,U85,1.0,LOG,AUTH_SUCCESS,C108
9021,524,U60,1.0,LOG,AUTH_SUCCESS,C108
9022,524,U12,1.0,LOG,AUTH_SUCCESS,C748
9023,524,U184,1.0,LOG,AUTH_SUCCESS,C154
9024,524,U128,1.0,LOG,AUTH_SUCCESS,C167
9025,524,U128,1.0,LOG,AUTH_SUCCESS,C176
9026,524,U66,1.0,LOG,AUTH_SUCCESS,C1
9027,524,U67,1.0,LOG,AUTH_SUCCESS,C49
9028,525,U1177,1.0,LOG,AUTH_SUCCESS,C1333
9029,525,U235,1.0,LOG,AUTH_SUCCESS,C219
9030,525,U235,1.0,LOG,AUTH_SUCCESS,C320
9031,525,U1178,1.0,LOG,AUTH_SUCCESS,C1334
9032,525,U68,1.0,LOG,AUTH_SUCCESS,C71
9033,525,U658,1.0,LOG,AUTH_SUCCESS,C794
9034,525,U660,1.0,LOG,AUTH_SUCCESS,C796
9035,525,U14,1.0,LOG,AUTH_SUCCESS,C219
9036,525,U14,1.0,LOG,AUTH_SUCCESS,C15
9037,525,U71,1.0,LOG,AUTH_SUCCESS,C74
9038,525,U95,1.0,LOG,AUTH_SUCCESS,C154
9039,525,U184,1.0,LOG,AUTH_SUCCESS,C154
9040,525,U66,1.0,LOG,AUTH_SUCCESS,C1
9041,525,U67,1.0,LOG,AUTH_SUCCESS,C154
9042,525,U67,1.0,LOG,AUTH_SUCCESS,C49
9043,526,U1178,1.0,LOG,AUTH_SUCCESS,C1334
9044,526,U68,1.0,LOG,AUTH_SUCCESS,C71
9045,526,U661,1.0,LOG,AUTH_SUCCESS,C797
9046,526,U660,1.0,LOG,AUTH_SUCCESS,C796
9047,526,U77,1.0,LOG,AUTH_SUCCESS,C78
9048,526,U12,1.0,LOG,AUTH_SUCCESS,C293
9049,526,U184,1.0,LOG,AUTH_SUCCESS,C154
9050,526,U179,1.0,LOG,AUTH_SUCCESS,C175
9051,527,U57,1.0,LOG,AUTH_SUCCESS,C62
9052,527,U53,1.0,LOG,AUTH_SUCCESS,C58
9053,527,U661,1.0,LOG,AUTH_SUCCESS,C797
9054,527,U1172,1.0,LOG,AUTH_SUCCESS,C134
9055,527,U1172,1.0,LOG,AUTH_SUCCESS,C1327
9056,527,U525,1.0,LOG,AUTH_SUCCESS,C658
9057,527,U244,1.0,LOG,AUTH_SUCCESS,C219
9058,527,U244,1.0,LOG,AUTH_SUCCESS,C330
9059,527,U12,1.0,LOG,AUTH_SUCCESS,C801
9060,527,U12,1.0,LOG,AUTH_SUCCESS,C809
9061,527,U204,1.0,LOG,AUTH_SUCCESS,C154
9062,528,U57,1.0,LOG,AUTH_SUCCESS,C62
9063,528,U1179,1.0,LOG,AUTH_SUCCESS,C1335
9064,528,U53,1.0,LOG,AUTH_SUCCESS,C58
9065,528,U525,1.0,LOG,AUTH_SUCCESS,C658
9066,528,U496,1.0,LOG,AUTH_SUCCESS,C625
9067,528,U13,1.0,LOG,AUTH_SUCCESS,C14
9068,528,U103,1.0,LOG,AUTH_SUCCESS,C125
9069,528,U93,1.0,LOG,AUTH_SUCCESS,C53
9070,528,U93,1.0,LOG,AUTH_SUCCESS,C107
9071,528,U60,1.0,LOG,AUTH_SUCCESS,C213
9072,528,U60,1.0,LOG,AUTH_SUCCESS,C173
9073,528,U60,1.0,LOG,AUTH_SUCCESS,C157
9074,528,U179,1.0,LOG,AUTH_SUCCESS,C175
9075,528,U66,1.0,LOG,AUTH_SUCCESS,C118
9076,529,U1180,1.0,LOG,AUTH_SUCCESS,C1336
9077,529,U350,1.0,LOG,AUTH_SUCCESS,C467
9078,529,U668,1.0,LOG,AUTH_SUCCESS,C804
9079,529,U70,1.0,LOG,AUTH_SUCCESS,C122
9080,529,U77,1.0,LOG,AUTH_SUCCESS,C234
9081,529,U77,1.0,LOG,AUTH_SUCCESS,C78
9082,529,U101,1.0,LOG,AUTH_SUCCESS,C123
9083,529,U1181,1.0,LOG,AUTH_SUCCESS,C1337
9084,529,U12,1.0,LOG,AUTH_SUCCESS,C805
9085,529,U12,1.0,LOG,AUTH_SUCCESS,C13
9086,529,U96,1.0,LOG,AUTH_SUCCESS,C113
9087,529,U128,1.0,LOG,AUTH_SUCCESS,C167
9088,529,U128,1.0,LOG,AUTH_SUCCESS,C176
9089,529,U46,1.0,LOG,AUTH_SUCCESS,C154
9090,530,U106,1.0,LOG,AUTH_SUCCESS,C136
9091,530,U1180,1.0,LOG,AUTH_SUCCESS,C1336
9092,530,U667,1.0,LOG,AUTH_SUCCESS,C803
9093,530,U350,1.0,LOG,AUTH_SUCCESS,C467
9094,530,U668,1.0,LOG,AUTH_SUCCESS,C804
9095,530,U1182,1.0,LOG,AUTH_SUCCESS,C1338
9096,530,U1183,1.0,LOG,AUTH_SUCCESS,C1339
9097,530,U1183,1.0,LOG,AUTH_SUCCESS,C1340
9098,530,U1184,1.0,LOG,AUTH_SUCCESS,C1341
9099,530,U70,1.0,LOG,AUTH_SUCCESS,C122
9100,530,U101,1.0,LOG,AUTH_SUCCESS,C123
9101,530,U1181,1.0,LOG,AUTH_SUCCESS,C1337
9102,530,U127,1.0,LOG,AUTH_SUCCESS,C155
9103,530,U12,1.0,LOG,AUTH_SUCCESS,C13
9104,530,U96,1.0,LOG,AUTH_SUCCESS,C113
9105,530,U159,1.0,LOG,AUTH_SUCCESS,C160
9106,530,U179,1.0,LOG,AUTH_SUCCESS,C175
9107,531,U106,1.0,LOG,AUTH_SUCCESS,C136
9108,531,U1185,1.0,LOG,AUTH_SUCCESS,C1342
9109,531,U229,1.0,LOG,AUTH_SUCCESS,C314
9110,531,U742,1.0,LOG,AUTH_SUCCESS,C151
9111,531,U742,1.0,LOG,AUTH_SUCCESS,C884
9112,531,U1182,1.0,LOG,AUTH_SUCCESS,C1338
9113,531,U1186,1.0,LOG,AUTH_SUCCESS,C1343
9114,531,U1184,1.0,LOG,AUTH_SUCCESS,C1341
9115,531,U13,1.0,LOG,AUTH_SUCCESS,C209
9116,531,U12,1.0,LOG,AUTH_SUCCESS,C293
9117,531,U112,1.0,LOG,AUTH_SUCCESS,C301
9118,532,U113,1.0,LOG,AUTH_SUCCESS,C147
9119,532,U113,1.0,LOG,AUTH_SUCCESS,C148
9120,532,U1185,1.0,LOG,AUTH_SUCCESS,C1342
9121,532,U252,1.0,LOG,AUTH_SUCCESS,C339
9122,532,U252,1.0,LOG,AUTH_SUCCESS,C225
9123,532,U1187,1.0,LOG,AUTH_SUCCESS,C1344
9124,532,U340,1.0,LOG,AUTH_SUCCESS,C454
9125,532,U120,1.0,LOG,AUTH_SUCCESS,C164
9126,532,U120,1.0,LOG,AUTH_SUCCESS,C148
9127,532,U1182,1.0,LOG,AUTH_SUCCESS,C1338
9128,532,U1188,1.0,LOG,AUTH_SUCCESS,C1345
9129,532,U669,1.0,LOG,AUTH_SUCCESS,C806
9130,532,U1186,1.0,LOG,AUTH_SUCCESS,C1343
9131,532,U1189,1.0,LOG,AUTH_SUCCESS,C150
9132,532,U1189,1.0,LOG,AUTH_SUCCESS,C1346
9133,532,U373,1.0,LOG,AUTH_SUCCESS,C154
9134,532,U13,1.0,LOG,AUTH_SUCCESS,C209
9135,532,U12,1.0,LOG,AUTH_SUCCESS,C631
9136,532,U12,1.0,LOG,AUTH_SUCCESS,C456
9137,532,U179,1.0,LOG,AUTH_SUCCESS,C175
9138,533,U1185,1.0,LOG,AUTH_SUCCESS,C1342
9139,533,U1187,1.0,LOG,AUTH_SUCCESS,C1344
9140,533,U21,1.0,LOG,AUTH_SUCCESS,C22
9141,533,U1190,1.0,LOG,AUTH_SUCCESS,C1347
9142,533,U60,1.0,LOG,AUTH_SUCCESS,C173
9143,533,U12,1.0,LOG,AUTH_SUCCESS,C401
9144,533,U184,1.0,LOG,AUTH_SUCCESS,C154
9145,534,U1188,1.0,LOG,AUTH_SUCCESS,C1345
9146,534,U844,1.0,LOG,AUTH_SUCCESS,C992
9147,534,U114,1.0,LOG,AUTH_SUCCESS,C149
9148,534,U114,1.0,LOG,AUTH_SUCCESS,C148
9149,534,U136,1.0,LOG,AUTH_SUCCESS,C185
9150,534,U115,1.0,LOG,AUTH_SUCCESS,C148
9151,534,U115,1.0,LOG,AUTH_SUCCESS,C152
9152,534,U1190,1.0,LOG,AUTH_SUCCESS,C1347
9153,534,U12,1.0,LOG,AUTH_SUCCESS,C213
9154,534,U12,1.0,LOG,AUTH_SUCCESS,C814
9155,534,U12,1.0,LOG,AUTH_SUCCESS,C819
9156,534,U128,1.0,LOG,AUTH_SUCCESS,C167
9157,534,U128,1.0,LOG,AUTH_SUCCESS,C176
9158,535,U144,1.0,LOG,AUTH_SUCCESS,C195
9159,535,U464,1.0,LOG,AUTH_SUCCESS,C592
9160,535,U844,1.0,LOG,AUTH_SUCCESS,C992
9161,535,U21,1.0,LOG,AUTH_SUCCESS,C22
9162,535,U4,1.0,LOG,AUTH_SUCCESS,C5
9163,535,U140,1.0,LOG,AUTH_SUCCESS,C190
9164,535,U124,1.0,LOG,AUTH_SUCCESS,C192
9165,535,U1190,1.0,LOG,AUTH_SUCCESS,C1347
9166,535,U12,1.0,LOG,AUTH_SUCCESS,C270
9167,535,U12,1.0,LOG,AUTH_SUCCESS,C638
9168,535,U95,1.0,LOG,AUTH_SUCCESS,C154
9169,536,U144,1.0,LOG,AUTH_SUCCESS,C195
9170,536,U1191,1.0,LOG,AUTH_SUCCESS,C1348
9171,536,U147,1.0,LOG,AUTH_SUCCESS,C198
9172,536,U392,1.0,LOG,AUTH_SUCCESS,C1349
9173,536,U392,1.0,LOG,AUTH_SUCCESS,C128
9174,536,U1192,1.0,LOG,AUTH_SUCCESS,C1350
9175,536,U464,1.0,LOG,AUTH_SUCCESS,C592
9176,536,U132,1.0,LOG,AUTH_SUCCESS,C181
9177,536,U132,1.0,LOG,AUTH_SUCCESS,C148
9178,536,U680,1.0,LOG,AUTH_SUCCESS,C821
9179,536,U1193,1.0,LOG,AUTH_SUCCESS,C1351
9180,536,U4,1.0,LOG,AUTH_SUCCESS,C150
9181,536,U4,1.0,LOG,AUTH_SUCCESS,C5
9182,536,U140,1.0,LOG,AUTH_SUCCESS,C190
9183,536,U124,1.0,LOG,AUTH_SUCCESS,C192
9184,536,U124,1.0,LOG,AUTH_SUCCESS,C168
9185,536,U647,1.0,LOG,AUTH_SUCCESS,C150
9186,536,U647,1.0,LOG,AUTH_SUCCESS,C779
9187,536,U1102,1.0,LOG,AUTH_SUCCESS,C1260
9188,536,U152,1.0,LOG,AUTH_SUCCESS,C206
9189,536,U154,1.0,LOG,AUTH_SUCCESS,C208
9190,536,U154,1.0,LOG,AUTH_SUCCESS,C148
9191,536,U93,1.0,LOG,AUTH_SUCCESS,C251
9192,536,U93,1.0,LOG,AUTH_SUCCESS,C107
9193,536,U204,1.0,LOG,AUTH_SUCCESS,C154
9194,536,U112,1.0,LOG,AUTH_SUCCESS,C83
9195,537,U144,1.0,LOG,AUTH_SUCCESS,C195
9196,537,U130,1.0,LOG,AUTH_SUCCESS,C179
9197,537,U130,1.0,LOG,AUTH_SUCCESS,C239
9198,537,U1191,1.0,LOG,AUTH_SUCCESS,C1348
9199,537,U1192,1.0,LOG,AUTH_SUCCESS,C1350
9200,537,U464,1.0,LOG,AUTH_SUCCESS,C592
9201,537,U464,1.0,LOG,AUTH_SUCCESS,C150
9202,537,U680,1.0,LOG,AUTH_SUCCESS,C821
9203,537,U120,1.0,LOG,AUTH_SUCCESS,C164
9204,537,U120,1.0,LOG,AUTH_SUCCESS,C239
9205,537,U844,1.0,LOG,AUTH_SUCCESS,C992
9206,537,U4,1.0,LOG,AUTH_SUCCESS,C5
9207,537,U1194,1.0,LOG,AUTH_SUCCESS,C1352
9208,537,U202,1.0,LOG,AUTH_SUCCESS,C239
9209,537,U202,1.0,LOG,AUTH_SUCCESS,C275
9210,537,U647,1.0,LOG,AUTH_SUCCESS,C779
9211,537,U1102,1.0,LOG,AUTH_SUCCESS,C1260
9212,537,U152,1.0,LOG,AUTH_SUCCESS,C206
9213,537,U153,1.0,LOG,AUTH_SUCCESS,C207
9214,537,U153,1.0,LOG,AUTH_SUCCESS,C239
9215,537,U188,1.0,LOG,AUTH_SUCCESS,C239
9216,537,U188,1.0,LOG,AUTH_SUCCESS,C256
9217,537,U105,1.0,LOG,AUTH_SUCCESS,C160
9218,537,U112,1.0,LOG,AUTH_SUCCESS,C146
9219,538,U130,1.0,LOG,AUTH_SUCCESS,C179
9220,538,U130,1.0,LOG,AUTH_SUCCESS,C148
9221,538,U1191,1.0,LOG,AUTH_SUCCESS,C1348
9222,538,U147,1.0,LOG,AUTH_SUCCESS,C198
9223,538,U190,1.0,LOG,AUTH_SUCCESS,C257
9224,538,U1193,1.0,LOG,AUTH_SUCCESS,C1351
9225,538,U1194,1.0,LOG,AUTH_SUCCESS,C1352
9226,538,U29,1.0,LOG,AUTH_SUCCESS,C30
9227,538,U77,1.0,LOG,AUTH_SUCCESS,C78
9228,538,U373,1.0,LOG,AUTH_SUCCESS,C154
9229,538,U159,1.0,LOG,AUTH_SUCCESS,C160
9230,538,U112,1.0,LOG,AUTH_SUCCESS,C301
9231,538,U112,1.0,LOG,AUTH_SUCCESS,C146
9232,539,U667,1.0,LOG,AUTH_SUCCESS,C826
9233,539,U190,1.0,LOG,AUTH_SUCCESS,C257
9234,539,U1195,1.0,LOG,AUTH_SUCCESS,C1353
9235,539,U1194,1.0,LOG,AUTH_SUCCESS,C1352
9236,539,U29,1.0,LOG,AUTH_SUCCESS,C30
9237,539,U12,1.0,LOG,AUTH_SUCCESS,C213
9238,539,U159,1.0,LOG,AUTH_SUCCESS,C160
9239,539,U128,1.0,LOG,AUTH_SUCCESS,C167
9240,539,U128,1.0,LOG,AUTH_SUCCESS,C176
9241,539,U112,1.0,LOG,AUTH_SUCCESS,C301
9242,539,U112,1.0,LOG,AUTH_SUCCESS,C83
9243,540,U1196,1.0,LOG,AUTH_SUCCESS,C1354
9244,540,U688,1.0,LOG,AUTH_SUCCESS,C829
9245,540,U165,1.0,LOG,AUTH_SUCCESS,C223
9246,540,U231,1.0,LOG,AUTH_SUCCESS,C316
9247,540,U231,1.0,LOG,AUTH_SUCCESS,C317
9248,540,U16,1.0,LOG,AUTH_SUCCESS,C148
9249,540,U16,1.0,LOG,AUTH_SUCCESS,C17
9250,540,U30,1.0,LOG,AUTH_SUCCESS,C150
9251,540,U30,1.0,LOG,AUTH_SUCCESS,C31
9252,540,U1197,1.0,LOG,AUTH_SUCCESS,C1355
9253,540,U1195,1.0,LOG,AUTH_SUCCESS,C1353
9254,540,U6,1.0,LOG,AUTH_SUCCESS,C7
9255,540,U6,1.0,LOG,AUTH_SUCCESS,C148
9256,540,U1198,1.0,LOG,AUTH_SUCCESS,C1356
9257,540,U39,1.0,LOG,AUTH_SUCCESS,C41
9258,540,U1199,1.0,LOG,AUTH_SUCCESS,C1357
9259,540,U163,1.0,LOG,AUTH_SUCCESS,C219
9260,540,U163,1.0,LOG,AUTH_SUCCESS,C220
9261,540,U153,1.0,LOG,AUTH_SUCCESS,C207
9262,540,U153,1.0,LOG,AUTH_SUCCESS,C148
9263,540,U29,1.0,LOG,AUTH_SUCCESS,C30
9264,540,U112,1.0,LOG,AUTH_SUCCESS,C177
9265,540,U112,1.0,LOG,AUTH_SUCCESS,C301
9266,540,U112,1.0,LOG,AUTH_SUCCESS,C310
9267,541,U170,1.0,LOG,AUTH_SUCCESS,C229
9268,541,U1200,1.0,LOG,AUTH_SUCCESS,C310
9269,541,U688,1.0,LOG,AUTH_SUCCESS,C829
9270,541,U16,1.0,LOG,AUTH_SUCCESS,C17
9271,541,U30,1.0,LOG,AUTH_SUCCESS,C31
9272,541,U691,1.0,LOG,AUTH_SUCCESS,C832
9273,541,U1197,1.0,LOG,AUTH_SUCCESS,C1355
9274,541,U190,1.0,LOG,AUTH_SUCCESS,C257
9275,541,U1201,1.0,LOG,AUTH_SUCCESS,C1358
9276,541,U1202,1.0,LOG,AUTH_SUCCESS,C1359
9277,541,U6,1.0,LOG,AUTH_SUCCESS,C7
9278,541,U1198,1.0,LOG,AUTH_SUCCESS,C1356
9279,541,U39,1.0,LOG,AUTH_SUCCESS,C41
9280,541,U1199,1.0,LOG,AUTH_SUCCESS,C1357
9281,541,U29,1.0,LOG,AUTH_SUCCESS,C30
9282,541,U77,1.0,LOG,AUTH_SUCCESS,C234
9283,541,U77,1.0,LOG,AUTH_SUCCESS,C78
9284,541,U127,1.0,LOG,AUTH_SUCCESS,C155
9285,541,U159,1.0,LOG,AUTH_SUCCESS,C160
9286,542,U16,1.0,LOG,AUTH_SUCCESS,C148
9287,542,U16,1.0,LOG,AUTH_SUCCESS,C17
9288,542,U691,1.0,LOG,AUTH_SUCCESS,C832
9289,542,U1197,1.0,LOG,AUTH_SUCCESS,C1355
9290,542,U696,1.0,LOG,AUTH_SUCCESS,C838
9291,542,U1201,1.0,LOG,AUTH_SUCCESS,C1358
9292,542,U1202,1.0,LOG,AUTH_SUCCESS,C1359
9293,542,U6,1.0,LOG,AUTH_SUCCESS,C7
9294,542,U6,1.0,LOG,AUTH_SUCCESS,C148
9295,542,U1198,1.0,LOG,AUTH_SUCCESS,C1356
9296,542,U695,1.0,LOG,AUTH_SUCCESS,C837
9297,542,U167,1.0,LOG,AUTH_SUCCESS,C225
9298,542,U167,1.0,LOG,AUTH_SUCCESS,C226
9299,542,U153,1.0,LOG,AUTH_SUCCESS,C207
9300,542,U153,1.0,LOG,AUTH_SUCCESS,C239
9301,542,U116,1.0,LOG,AUTH_SUCCESS,C155
9302,542,U13,1.0,LOG,AUTH_SUCCESS,C209
9303,542,U12,1.0,LOG,AUTH_SUCCESS,C404
9304,542,U12,1.0,LOG,AUTH_SUCCESS,C54
9305,542,U112,1.0,LOG,AUTH_SUCCESS,C83
9306,543,U1203,1.0,LOG,AUTH_SUCCESS,C1360
9307,543,U16,1.0,LOG,AUTH_SUCCESS,C17
9308,543,U696,1.0,LOG,AUTH_SUCCESS,C838
9309,543,U1201,1.0,LOG,AUTH_SUCCESS,C1358
9310,543,U694,1.0,LOG,AUTH_SUCCESS,C836
9311,543,U1202,1.0,LOG,AUTH_SUCCESS,C1359
9312,543,U695,1.0,LOG,AUTH_SUCCESS,C837
9313,543,U1204,1.0,LOG,AUTH_SUCCESS,C1361
9314,543,U1199,1.0,LOG,AUTH_SUCCESS,C443
9315,543,U1205,1.0,LOG,AUTH_SUCCESS,C1362
9316,543,U135,1.0,LOG,AUTH_SUCCESS,C184
9317,543,U183,1.0,LOG,AUTH_SUCCESS,C250
9318,543,U184,1.0,LOG,AUTH_SUCCESS,C154
9319,543,U159,1.0,LOG,AUTH_SUCCESS,C160
9320,543,U112,1.0,LOG,AUTH_SUCCESS,C301
9321,543,U112,1.0,LOG,AUTH_SUCCESS,C146
9322,544,U180,1.0,LOG,AUTH_SUCCESS,C246
9323,544,U175,1.0,LOG,AUTH_SUCCESS,C240
9324,544,U1203,1.0,LOG,AUTH_SUCCESS,C1360
9325,544,U1192,1.0,LOG,AUTH_SUCCESS,C134
9326,544,U1192,1.0,LOG,AUTH_SUCCESS,C1350
9327,544,U1206,1.0,LOG,AUTH_SUCCESS,C1363
9328,544,U177,1.0,LOG,AUTH_SUCCESS,C242
9329,544,U177,1.0,LOG,AUTH_SUCCESS,C148
9330,544,U1201,1.0,LOG,AUTH_SUCCESS,C1358
9331,544,U654,1.0,LOG,AUTH_SUCCESS,C790
9332,544,U1202,1.0,LOG,AUTH_SUCCESS,C134
9333,544,U1202,1.0,LOG,AUTH_SUCCESS,C1359
9334,544,U695,1.0,LOG,AUTH_SUCCESS,C837
9335,544,U1199,1.0,LOG,AUTH_SUCCESS,C1139
9336,544,U1199,1.0,LOG,AUTH_SUCCESS,C1357
9337,544,U1205,1.0,LOG,AUTH_SUCCESS,C1362
9338,544,U135,1.0,LOG,AUTH_SUCCESS,C184
9339,544,U182,1.0,LOG,AUTH_SUCCESS,C248
9340,544,U182,1.0,LOG,AUTH_SUCCESS,C249
9341,544,U183,1.0,LOG,AUTH_SUCCESS,C250
9342,544,U1207,1.0,LOG,AUTH_SUCCESS,C82
9343,544,U1207,1.0,LOG,AUTH_SUCCESS,C83
9344,544,U116,1.0,LOG,AUTH_SUCCESS,C155
9345,544,U127,1.0,LOG,AUTH_SUCCESS,C155
9346,544,U60,1.0,LOG,AUTH_SUCCESS,C173
9347,544,U184,1.0,LOG,AUTH_SUCCESS,C154
9348,544,U128,1.0,LOG,AUTH_SUCCESS,C167
9349,544,U128,1.0,LOG,AUTH_SUCCESS,C176
9350,544,U112,1.0,LOG,AUTH_SUCCESS,C83
9351,544,U67,1.0,LOG,AUTH_SUCCESS,C49
9352,545,U180,1.0,LOG,AUTH_SUCCESS,C246
9353,545,U700,1.0,LOG,AUTH_SUCCESS,C841
9354,545,U1208,1.0,LOG,AUTH_SUCCESS,C1364
9355,545,U191,1.0,LOG,AUTH_SUCCESS,C258
9356,545,U654,1.0,LOG,AUTH_SUCCESS,C790
9357,545,U1209,1.0,LOG,AUTH_SUCCESS,C1365
9358,545,U193,1.0,LOG,AUTH_SUCCESS,C260
9359,545,U1210,1.0,LOG,AUTH_SUCCESS,C1366
9360,545,U60,1.0,LOG,AUTH_SUCCESS,C108
9361,545,U60,1.0,LOG,AUTH_SUCCESS,C213
9362,545,U60,1.0,LOG,AUTH_SUCCESS,C157
9363,545,U12,1.0,LOG,AUTH_SUCCESS,C236
9364,545,U12,1.0,LOG,AUTH_SUCCESS,C842
9365,545,U12,1.0,LOG,AUTH_SUCCESS,C54
9366,545,U184,1.0,LOG,AUTH_SUCCESS,C154
9367,545,U1211,1.0,LOG,AUTH_SUCCESS,C161
9368,545,U112,1.0,LOG,AUTH_SUCCESS,C83
9369,545,U67,1.0,LOG,AUTH_SUCCESS,C154
9370,545,U67,1.0,LOG,AUTH_SUCCESS,C49
9371,546,U1212,1.0,LOG,AUTH_SUCCESS,C1367
9372,546,U1213,1.0,LOG,AUTH_SUCCESS,C1368
9373,546,U700,1.0,LOG,AUTH_SUCCESS,C841
9374,546,U1208,1.0,LOG,AUTH_SUCCESS,C1364
9375,546,U1214,1.0,LOG,AUTH_SUCCESS,C200
9376,546,U1214,1.0,LOG,AUTH_SUCCESS,C1369
9377,546,U175,1.0,LOG,AUTH_SUCCESS,C240
9378,546,U175,1.0,LOG,AUTH_SUCCESS,C200
9379,546,U1203,1.0,LOG,AUTH_SUCCESS,C1360
9380,546,U742,1.0,LOG,AUTH_SUCCESS,C200
9381,546,U742,1.0,LOG,AUTH_SUCCESS,C884
9382,546,U186,1.0,LOG,AUTH_SUCCESS,C254
9383,546,U186,1.0,LOG,AUTH_SUCCESS,C148
9384,546,U1193,1.0,LOG,AUTH_SUCCESS,C200
9385,546,U1193,1.0,LOG,AUTH_SUCCESS,C1351
9386,546,U63,1.0,LOG,AUTH_SUCCESS,C68
9387,546,U713,1.0,LOG,AUTH_SUCCESS,C856
9388,546,U681,1.0,LOG,AUTH_SUCCESS,C822
9389,546,U904,1.0,LOG,AUTH_SUCCESS,C1054
9390,546,U904,1.0,LOG,AUTH_SUCCESS,C151
9391,546,U1215,1.0,LOG,AUTH_SUCCESS,C1370
9392,546,U89,1.0,LOG,AUTH_SUCCESS,C98
9393,546,U89,1.0,LOG,AUTH_SUCCESS,C151
9394,546,U194,1.0,LOG,AUTH_SUCCESS,C268
9395,546,U194,1.0,LOG,AUTH_SUCCESS,C262
9396,546,U194,1.0,LOG,AUTH_SUCCESS,C263
9397,546,U1210,1.0,LOG,AUTH_SUCCESS,C1366
9398,546,U509,1.0,LOG,AUTH_SUCCESS,C200
9399,546,U509,1.0,LOG,AUTH_SUCCESS,C642
9400,546,U188,1.0,LOG,AUTH_SUCCESS,C148
9401,546,U188,1.0,LOG,AUTH_SUCCESS,C256
9402,546,U1207,1.0,LOG,AUTH_SUCCESS,C301
9403,546,U336,1.0,LOG,AUTH_SUCCESS,C448
9404,546,U336,1.0,LOG,AUTH_SUCCESS,C200
9405,546,U13,1.0,LOG,AUTH_SUCCESS,C172
9406,546,U184,1.0,LOG,AUTH_SUCCESS,C154
9407,546,U179,1.0,LOG,AUTH_SUCCESS,C175
9408,546,U112,1.0,LOG,AUTH_SUCCESS,C301
9409,546,U112,1.0,LOG,AUTH_SUCCESS,C146
9410,547,U1212,1.0,LOG,AUTH_SUCCESS,C1367
9411,547,U1213,1.0,LOG,AUTH_SUCCESS,C1368
9412,547,U1203,1.0,LOG,AUTH_SUCCESS,C1360
9413,547,U713,1.0,LOG,AUTH_SUCCESS,C856
9414,547,U681,1.0,LOG,AUTH_SUCCESS,C822
9415,547,U681,1.0,LOG,AUTH_SUCCESS,C150
9416,547,U904,1.0,LOG,AUTH_SUCCESS,C1054
9417,547,U1215,1.0,LOG,AUTH_SUCCESS,C1370
9418,547,U194,1.0,LOG,AUTH_SUCCESS,C262
9419,547,U194,1.0,LOG,AUTH_SUCCESS,C263
9420,547,U197,1.0,LOG,AUTH_SUCCESS,C269
9421,547,U197,1.0,LOG,AUTH_SUCCESS,C280
9422,547,U400,1.0,LOG,AUTH_SUCCESS,C520
9423,547,U85,1.0,LOG,AUTH_SUCCESS,C175
9424,547,U94,1.0,LOG,AUTH_SUCCESS,C211
9425,547,U94,1.0,LOG,AUTH_SUCCESS,C110
9426,547,U12,1.0,LOG,AUTH_SUCCESS,C451
9427,547,U12,1.0,LOG,AUTH_SUCCESS,C54
9428,547,U204,1.0,LOG,AUTH_SUCCESS,C154
9429,547,U112,1.0,LOG,AUTH_SUCCESS,C146
9430,548,U1203,1.0,LOG,AUTH_SUCCESS,C1360
9431,548,U713,1.0,LOG,AUTH_SUCCESS,C856
9432,548,U207,1.0,LOG,AUTH_SUCCESS,C279
9433,548,U1215,1.0,LOG,AUTH_SUCCESS,C1370
9434,548,U642,1.0,LOG,AUTH_SUCCESS,C774
9435,548,U400,1.0,LOG,AUTH_SUCCESS,C520
9436,548,U48,1.0,LOG,AUTH_SUCCESS,C104
9437,548,U13,1.0,LOG,AUTH_SUCCESS,C14
9438,548,U13,1.0,LOG,AUTH_SUCCESS,C282
9439,548,U179,1.0,LOG,AUTH_SUCCESS,C175
9440,549,U63,1.0,LOG,AUTH_SUCCESS,C234
9441,549,U63,1.0,LOG,AUTH_SUCCESS,C68
9442,549,U1202,1.0,LOG,AUTH_SUCCESS,C134
9443,549,U1202,1.0,LOG,AUTH_SUCCESS,C1359
9444,549,U1215,1.0,LOG,AUTH_SUCCESS,C134
9445,549,U1215,1.0,LOG,AUTH_SUCCESS,C1370
9446,549,U1216,1.0,LOG,AUTH_SUCCESS,C1371
9447,549,U1217,1.0,LOG,AUTH_SUCCESS,C1372
9448,549,U60,1.0,LOG,AUTH_SUCCESS,C173
9449,549,U12,1.0,LOG,AUTH_SUCCESS,C173
9450,549,U12,1.0,LOG,AUTH_SUCCESS,C54
9451,549,U128,1.0,LOG,AUTH_SUCCESS,C167
9452,549,U128,1.0,LOG,AUTH_SUCCESS,C176
9453,550,U1218,1.0,LOG,AUTH_SUCCESS,C1373
9454,550,U205,1.0,LOG,AUTH_SUCCESS,C277
9455,550,U1219,1.0,LOG,AUTH_SUCCESS,C1374
9456,550,U1220,1.0,LOG,AUTH_SUCCESS,C1375
9457,550,U218,1.0,LOG,AUTH_SUCCESS,C219
9458,550,U218,1.0,LOG,AUTH_SUCCESS,C296
9459,550,U202,1.0,LOG,AUTH_SUCCESS,C148
9460,550,U202,1.0,LOG,AUTH_SUCCESS,C275
9461,550,U1216,1.0,LOG,AUTH_SUCCESS,C1371
9462,550,U216,1.0,LOG,AUTH_SUCCESS,C219
9463,550,U216,1.0,LOG,AUTH_SUCCESS,C291
9464,550,U642,1.0,LOG,AUTH_SUCCESS,C774
9465,550,U77,1.0,LOG,AUTH_SUCCESS,C78
9466,550,U1217,1.0,LOG,AUTH_SUCCESS,C1372
9467,550,U13,1.0,LOG,AUTH_SUCCESS,C282
9468,550,U12,1.0,LOG,AUTH_SUCCESS,C638
9469,550,U12,1.0,LOG,AUTH_SUCCESS,C404
9470,550,U12,1.0,LOG,AUTH_SUCCESS,C54
9471,550,U159,1.0,LOG,AUTH_SUCCESS,C160
9472,550,U179,1.0,LOG,AUTH_SUCCESS,C175
9473,551,U716,1.0,LOG,AUTH_SUCCESS,C859
9474,551,U1218,1.0,LOG,AUTH_SUCCESS,C1373
9475,551,U1213,1.0,LOG,AUTH_SUCCESS,C1368
9476,551,U1213,1.0,LOG,AUTH_SUCCESS,C151
9477,551,U211,1.0,LOG,AUTH_SUCCESS,C248
9478,551,U211,1.0,LOG,AUTH_SUCCESS,C286
9479,551,U212,1.0,LOG,AUTH_SUCCESS,C295
9480,551,U212,1.0,LOG,AUTH_SUCCESS,C280
9481,551,U212,1.0,LOG,AUTH_SUCCESS,C287
9482,551,U1219,1.0,LOG,AUTH_SUCCESS,C1374
9483,551,U713,1.0,LOG,AUTH_SUCCESS,C856
9484,551,U904,1.0,LOG,AUTH_SUCCESS,C1054
9485,551,U904,1.0,LOG,AUTH_SUCCESS,C200
9486,551,U207,1.0,LOG,AUTH_SUCCESS,C234
9487,551,U207,1.0,LOG,AUTH_SUCCESS,C279
9488,551,U1220,1.0,LOG,AUTH_SUCCESS,C1375
9489,551,U1221,1.0,LOG,AUTH_SUCCESS,C1376
9490,551,U1222,1.0,LOG,AUTH_SUCCESS,C1377
9491,551,U12,1.0,LOG,AUTH_SUCCESS,C427
9492,551,U12,1.0,LOG,AUTH_SUCCESS,C451
9493,551,U179,1.0,LOG,AUTH_SUCCESS,C161
9494,552,U1223,1.0,LOG,AUTH_SUCCESS,C1378
9495,552,U1218,1.0,LOG,AUTH_SUCCESS,C1373
9496,552,U225,1.0,LOG,AUTH_SUCCESS,C304
9497,552,U225,1.0,LOG,AUTH_SUCCESS,C305
9498,552,U1221,1.0,LOG,AUTH_SUCCESS,C1376
9499,552,U125,1.0,LOG,AUTH_SUCCESS,C1379
9500,552,U173,1.0,LOG,AUTH_SUCCESS,C233
9501,552,U227,1.0,LOG,AUTH_SUCCESS,C308
9502,552,U227,1.0,LOG,AUTH_SUCCESS,C148
9503,552,U9,1.0,LOG,AUTH_SUCCESS,C10
9504,552,U1224,1.0,LOG,AUTH_SUCCESS,C1380
9505,552,U116,1.0,LOG,AUTH_SUCCESS,C155
9506,552,U127,1.0,LOG,AUTH_SUCCESS,C155
9507,552,U13,1.0,LOG,AUTH_SUCCESS,C172
9508,552,U179,1.0,LOG,AUTH_SUCCESS,C175
9509,553,U1223,1.0,LOG,AUTH_SUCCESS,C1378
9510,553,U1225,1.0,LOG,AUTH_SUCCESS,C1381
9511,553,U1226,1.0,LOG,AUTH_SUCCESS,C1382
9512,553,U63,1.0,LOG,AUTH_SUCCESS,C234
9513,553,U63,1.0,LOG,AUTH_SUCCESS,C68
9514,553,U1227,1.0,LOG,AUTH_SUCCESS,C1383
9515,553,U1209,1.0,LOG,AUTH_SUCCESS,C1365
9516,553,U173,1.0,LOG,AUTH_SUCCESS,C233
9517,553,U152,1.0,LOG,AUTH_SUCCESS,C206
9518,553,U9,1.0,LOG,AUTH_SUCCESS,C10
9519,553,U77,1.0,LOG,AUTH_SUCCESS,C234
9520,553,U77,1.0,LOG,AUTH_SUCCESS,C78
9521,553,U1224,1.0,LOG,AUTH_SUCCESS,C1380
9522,554,U718,1.0,LOG,AUTH_SUCCESS,C861
9523,554,U1213,1.0,LOG,AUTH_SUCCESS,C1368
9524,554,U1213,1.0,LOG,AUTH_SUCCESS,C134
9525,554,U1228,1.0,LOG,AUTH_SUCCESS,C1384
9526,554,U223,1.0,LOG,AUTH_SUCCESS,C148
9527,554,U223,1.0,LOG,AUTH_SUCCESS,C302
9528,554,U1225,1.0,LOG,AUTH_SUCCESS,C1381
9529,554,U1203,1.0,LOG,AUTH_SUCCESS,C1360
9530,554,U1203,1.0,LOG,AUTH_SUCCESS,C134
9531,554,U230,1.0,LOG,AUTH_SUCCESS,C315
9532,554,U148,1.0,LOG,AUTH_SUCCESS,C134
9533,554,U148,1.0,LOG,AUTH_SUCCESS,C199
9534,554,U1226,1.0,LOG,AUTH_SUCCESS,C1382
9535,554,U37,1.0,LOG,AUTH_SUCCESS,C39
9536,554,U1229,1.0,LOG,AUTH_SUCCESS,C1385
9537,554,U406,1.0,LOG,AUTH_SUCCESS,C528
9538,554,U356,1.0,LOG,AUTH_SUCCESS,C474
9539,554,U1209,1.0,LOG,AUTH_SUCCESS,C1365
9540,554,U214,1.0,LOG,AUTH_SUCCESS,C289
9541,554,U214,1.0,LOG,AUTH_SUCCESS,C148
9542,554,U152,1.0,LOG,AUTH_SUCCESS,C206
9543,554,U1115,1.0,LOG,AUTH_SUCCESS,C1272
9544,554,U1224,1.0,LOG,AUTH_SUCCESS,C1380
9545,554,U13,1.0,LOG,AUTH_SUCCESS,C172
9546,554,U13,1.0,LOG,AUTH_SUCCESS,C14
9547,554,U60,1.0,LOG,AUTH_SUCCESS,C173
9548,554,U12,1.0,LOG,AUTH_SUCCESS,C158
9549,554,U12,1.0,LOG,AUTH_SUCCESS,C602
9550,554,U128,1.0,LOG,AUTH_SUCCESS,C167
9551,554,U128,1.0,LOG,AUTH_SUCCESS,C176
9552,555,U230,1.0,LOG,AUTH_SUCCESS,C315
9553,555,U1230,1.0,LOG,AUTH_SUCCESS,C1386
9554,555,U1226,1.0,LOG,AUTH_SUCCESS,C1382
9555,555,U37,1.0,LOG,AUTH_SUCCESS,C39
9556,555,U1229,1.0,LOG,AUTH_SUCCESS,C1385
9557,555,U111,1.0,LOG,AUTH_SUCCESS,C143
9558,555,U413,1.0,LOG,AUTH_SUCCESS,C536
9559,555,U525,1.0,LOG,AUTH_SUCCESS,C658
9560,555,U124,1.0,LOG,AUTH_SUCCESS,C192
9561,555,U1231,1.0,LOG,AUTH_SUCCESS,C1387
9562,555,U1224,1.0,LOG,AUTH_SUCCESS,C134
9563,555,U1224,1.0,LOG,AUTH_SUCCESS,C1388
9564,555,U1224,1.0,LOG,AUTH_SUCCESS,C1380
9565,555,U13,1.0,LOG,AUTH_SUCCESS,C172
9566,555,U13,1.0,LOG,AUTH_SUCCESS,C14
9567,555,U13,1.0,LOG,AUTH_SUCCESS,C309
9568,555,U12,1.0,LOG,AUTH_SUCCESS,C638
9569,555,U12,1.0,LOG,AUTH_SUCCESS,C645
9570,555,U12,1.0,LOG,AUTH_SUCCESS,C694
9571,555,U12,1.0,LOG,AUTH_SUCCESS,C365
9572,555,U12,1.0,LOG,AUTH_SUCCESS,C54
9573,555,U95,1.0,LOG,AUTH_SUCCESS,C154
9574,555,U97,1.0,LOG,AUTH_SUCCESS,C116
9575,556,U718,1.0,LOG,AUTH_SUCCESS,C861
9576,556,U235,1.0,LOG,AUTH_SUCCESS,C219
9577,556,U235,1.0,LOG,AUTH_SUCCESS,C320
9578,556,U131,1.0,LOG,AUTH_SUCCESS,C180
9579,556,U131,1.0,LOG,AUTH_SUCCESS,C151
9580,556,U791,1.0,LOG,AUTH_SUCCESS,C932
9581,556,U700,1.0,LOG,AUTH_SUCCESS,C841
9582,556,U1225,1.0,LOG,AUTH_SUCCESS,C1381
9583,556,U1232,1.0,LOG,AUTH_SUCCESS,C1389
9584,556,U1233,1.0,LOG,AUTH_SUCCESS,C1390
9585,556,U1229,1.0,LOG,AUTH_SUCCESS,C1385
9586,556,U406,1.0,LOG,AUTH_SUCCESS,C528
9587,556,U356,1.0,LOG,AUTH_SUCCESS,C150
9588,556,U356,1.0,LOG,AUTH_SUCCESS,C474
9589,556,U111,1.0,LOG,AUTH_SUCCESS,C143
9590,556,U111,1.0,LOG,AUTH_SUCCESS,C150
9591,556,U14,1.0,LOG,AUTH_SUCCESS,C219
9592,556,U14,1.0,LOG,AUTH_SUCCESS,C15
9593,556,U525,1.0,LOG,AUTH_SUCCESS,C658
9594,556,U525,1.0,LOG,AUTH_SUCCESS,C150
9595,556,U124,1.0,LOG,AUTH_SUCCESS,C192
9596,556,U124,1.0,LOG,AUTH_SUCCESS,C168
9597,556,U13,1.0,LOG,AUTH_SUCCESS,C309
9598,556,U12,1.0,LOG,AUTH_SUCCESS,C427
9599,557,U791,1.0,LOG,AUTH_SUCCESS,C932
9600,557,U700,1.0,LOG,AUTH_SUCCESS,C841
9601,557,U1225,1.0,LOG,AUTH_SUCCESS,C1381
9602,557,U1232,1.0,LOG,AUTH_SUCCESS,C1389
9603,557,U1234,1.0,LOG,AUTH_SUCCESS,C1391
9604,557,U202,1.0,LOG,AUTH_SUCCESS,C239
9605,557,U202,1.0,LOG,AUTH_SUCCESS,C275
9606,557,U188,1.0,LOG,AUTH_SUCCESS,C239
9607,557,U188,1.0,LOG,AUTH_SUCCESS,C256
9608,557,U105,1.0,LOG,AUTH_SUCCESS,C160
9609,557,U156,1.0,LOG,AUTH_SUCCESS,C161
9610,558,U700,1.0,LOG,AUTH_SUCCESS,C841
9611,558,U1235,1.0,LOG,AUTH_SUCCESS,C1392
9612,558,U1234,1.0,LOG,AUTH_SUCCESS,C1391
9613,558,U1233,1.0,LOG,AUTH_SUCCESS,C1390
9614,558,U1233,1.0,LOG,AUTH_SUCCESS,C150
9615,558,U1236,1.0,LOG,AUTH_SUCCESS,C1393
9616,558,U1237,1.0,LOG,AUTH_SUCCESS,C1394
9617,558,U530,1.0,LOG,AUTH_SUCCESS,C664
9618,558,U244,1.0,LOG,AUTH_SUCCESS,C219
9619,558,U244,1.0,LOG,AUTH_SUCCESS,C330
9620,558,U159,1.0,LOG,AUTH_SUCCESS,C160
9621,559,U1238,1.0,LOG,AUTH_SUCCESS,C1395
9622,559,U1225,1.0,LOG,AUTH_SUCCESS,C1381
9623,559,U19,1.0,LOG,AUTH_SUCCESS,C20
9624,559,U1221,1.0,LOG,AUTH_SUCCESS,C134
9625,559,U1221,1.0,LOG,AUTH_SUCCESS,C1376
9626,559,U728,1.0,LOG,AUTH_SUCCESS,C872
9627,559,U1239,1.0,LOG,AUTH_SUCCESS,C1396
9628,559,U574,1.0,LOG,AUTH_SUCCESS,C707
9629,559,U1224,1.0,LOG,AUTH_SUCCESS,C134
9630,559,U1224,1.0,LOG,AUTH_SUCCESS,C1380
9631,559,U159,1.0,LOG,AUTH_SUCCESS,C160
9632,559,U128,1.0,LOG,AUTH_SUCCESS,C167
9633,559,U128,1.0,LOG,AUTH_SUCCESS,C176
9634,560,U1223,1.0,LOG,AUTH_SUCCESS,C134
9635,560,U1223,1.0,LOG,AUTH_SUCCESS,C1378
9636,560,U1240,1.0,LOG,AUTH_SUCCESS,C1397
9637,560,U1227,1.0,LOG,AUTH_SUCCESS,C134
9638,560,U1227,1.0,LOG,AUTH_SUCCESS,C1383
9639,560,U1241,1.0,LOG,AUTH_SUCCESS,C1398
9640,560,U1242,1.0,LOG,AUTH_SUCCESS,C150
9641,560,U1242,1.0,LOG,AUTH_SUCCESS,C1399
9642,560,U201,1.0,LOG,AUTH_SUCCESS,C274
9643,560,U58,1.0,LOG,AUTH_SUCCESS,C63
9644,560,U58,1.0,LOG,AUTH_SUCCESS,C134
9645,560,U728,1.0,LOG,AUTH_SUCCESS,C872
9646,560,U1239,1.0,LOG,AUTH_SUCCESS,C1396
9647,560,U574,1.0,LOG,AUTH_SUCCESS,C707
9648,560,U13,1.0,LOG,AUTH_SUCCESS,C172
9649,561,U1240,1.0,LOG,AUTH_SUCCESS,C1397
9650,561,U1243,1.0,LOG,AUTH_SUCCESS,C1400
9651,561,U371,1.0,LOG,AUTH_SUCCESS,C1401
9652,561,U371,1.0,LOG,AUTH_SUCCESS,C1402
9653,561,U1225,1.0,LOG,AUTH_SUCCESS,C1381
9654,561,U1244,1.0,LOG,AUTH_SUCCESS,C1403
9655,561,U1245,1.0,LOG,AUTH_SUCCESS,C1404
9656,561,U64,1.0,LOG,AUTH_SUCCESS,C69
9657,561,U1246,1.0,LOG,AUTH_SUCCESS,C1405
9658,561,U125,1.0,LOG,AUTH_SUCCESS,C1379
9659,561,U9,1.0,LOG,AUTH_SUCCESS,C10
9660,561,U9,1.0,LOG,AUTH_SUCCESS,C151
9661,561,U77,1.0,LOG,AUTH_SUCCESS,C78
9662,561,U259,1.0,LOG,AUTH_SUCCESS,C348
9663,561,U238,1.0,LOG,AUTH_SUCCESS,C323
9664,561,U12,1.0,LOG,AUTH_SUCCESS,C313
9665,561,U159,1.0,LOG,AUTH_SUCCESS,C160
9666,562,U180,1.0,LOG,AUTH_SUCCESS,C246
9667,562,U113,1.0,LOG,AUTH_SUCCESS,C147
9668,562,U113,1.0,LOG,AUTH_SUCCESS,C148
9669,562,U1240,1.0,LOG,AUTH_SUCCESS,C1397
9670,562,U1243,1.0,LOG,AUTH_SUCCESS,C1400
9671,562,U371,1.0,LOG,AUTH_SUCCESS,C1210
9672,562,U371,1.0,LOG,AUTH_SUCCESS,C1402
9673,562,U1225,1.0,LOG,AUTH_SUCCESS,C1381
9674,562,U1244,1.0,LOG,AUTH_SUCCESS,C1403
9675,562,U252,1.0,LOG,AUTH_SUCCESS,C339
9676,562,U252,1.0,LOG,AUTH_SUCCESS,C225
9677,562,U1245,1.0,LOG,AUTH_SUCCESS,C1404
9678,562,U68,1.0,LOG,AUTH_SUCCESS,C71
9679,562,U120,1.0,LOG,AUTH_SUCCESS,C164
9680,562,U120,1.0,LOG,AUTH_SUCCESS,C148
9681,562,U738,1.0,LOG,AUTH_SUCCESS,C881
9682,562,U64,1.0,LOG,AUTH_SUCCESS,C150
9683,562,U64,1.0,LOG,AUTH_SUCCESS,C69
9684,562,U1247,1.0,LOG,AUTH_SUCCESS,C1406
9685,562,U1246,1.0,LOG,AUTH_SUCCESS,C219
9686,562,U1246,1.0,LOG,AUTH_SUCCESS,C148
9687,562,U1246,1.0,LOG,AUTH_SUCCESS,C1405
9688,562,U259,1.0,LOG,AUTH_SUCCESS,C348
9689,562,U13,1.0,LOG,AUTH_SUCCESS,C14
9690,562,U12,1.0,LOG,AUTH_SUCCESS,C213
9691,562,U12,1.0,LOG,AUTH_SUCCESS,C486
9692,562,U12,1.0,LOG,AUTH_SUCCESS,C809
9693,563,U1240,1.0,LOG,AUTH_SUCCESS,C1397
9694,563,U371,1.0,LOG,AUTH_SUCCESS,C670
9695,563,U371,1.0,LOG,AUTH_SUCCESS,C1402
9696,563,U1248,1.0,LOG,AUTH_SUCCESS,C1407
9697,563,U1244,1.0,LOG,AUTH_SUCCESS,C1403
9698,563,U68,1.0,LOG,AUTH_SUCCESS,C71
9699,563,U64,1.0,LOG,AUTH_SUCCESS,C69
9700,563,U1247,1.0,LOG,AUTH_SUCCESS,C1406
9701,563,U1247,1.0,LOG,AUTH_SUCCESS,C1408
9702,563,U21,1.0,LOG,AUTH_SUCCESS,C22
9703,563,U19,1.0,LOG,AUTH_SUCCESS,C20
9704,563,U1246,1.0,LOG,AUTH_SUCCESS,C1405
9705,563,U226,1.0,LOG,AUTH_SUCCESS,C306
9706,563,U752,1.0,LOG,AUTH_SUCCESS,C896
9707,563,U1249,1.0,LOG,AUTH_SUCCESS,C1409
9708,563,U1249,1.0,LOG,AUTH_SUCCESS,C200
9709,563,U13,1.0,LOG,AUTH_SUCCESS,C14
9710,563,U12,1.0,LOG,AUTH_SUCCESS,C886
9711,563,U184,1.0,LOG,AUTH_SUCCESS,C154
9712,563,U159,1.0,LOG,AUTH_SUCCESS,C160
9713,564,U1248,1.0,LOG,AUTH_SUCCESS,C1407
9714,564,U1245,1.0,LOG,AUTH_SUCCESS,C1404
9715,564,U162,1.0,LOG,AUTH_SUCCESS,C218
9716,564,U1229,1.0,LOG,AUTH_SUCCESS,C134
9717,564,U1229,1.0,LOG,AUTH_SUCCESS,C1385
9718,564,U206,1.0,LOG,AUTH_SUCCESS,C134
9719,564,U206,1.0,LOG,AUTH_SUCCESS,C278
9720,564,U1247,1.0,LOG,AUTH_SUCCESS,C1406
9721,564,U1250,1.0,LOG,AUTH_SUCCESS,C1410
9722,564,U1246,1.0,LOG,AUTH_SUCCESS,C148
9723,564,U1246,1.0,LOG,AUTH_SUCCESS,C1405
9724,564,U114,1.0,LOG,AUTH_SUCCESS,C149
9725,564,U114,1.0,LOG,AUTH_SUCCESS,C148
9726,564,U28,1.0,LOG,AUTH_SUCCESS,C29
9727,564,U115,1.0,LOG,AUTH_SUCCESS,C148
9728,564,U115,1.0,LOG,AUTH_SUCCESS,C152
9729,564,U60,1.0,LOG,AUTH_SUCCESS,C173
9730,564,U184,1.0,LOG,AUTH_SUCCESS,C154
9731,564,U128,1.0,LOG,AUTH_SUCCESS,C167
9732,564,U128,1.0,LOG,AUTH_SUCCESS,C176
9733,564,U46,1.0,LOG,AUTH_SUCCESS,C154
9734,564,U67,1.0,LOG,AUTH_SUCCESS,C49
9735,565,U1248,1.0,LOG,AUTH_SUCCESS,C134
9736,565,U1248,1.0,LOG,AUTH_SUCCESS,C1407
9737,565,U1225,1.0,LOG,AUTH_SUCCESS,C1381
9738,565,U162,1.0,LOG,AUTH_SUCCESS,C218
9739,565,U1247,1.0,LOG,AUTH_SUCCESS,C1406
9740,565,U1250,1.0,LOG,AUTH_SUCCESS,C1410
9741,565,U21,1.0,LOG,AUTH_SUCCESS,C22
9742,565,U28,1.0,LOG,AUTH_SUCCESS,C29
9743,565,U125,1.0,LOG,AUTH_SUCCESS,C1379
9744,565,U590,1.0,LOG,AUTH_SUCCESS,C890
9745,565,U77,1.0,LOG,AUTH_SUCCESS,C234
9746,565,U77,1.0,LOG,AUTH_SUCCESS,C78
9747,565,U747,1.0,LOG,AUTH_SUCCESS,C891
9748,565,U48,1.0,LOG,AUTH_SUCCESS,C281
9749,565,U60,1.0,LOG,AUTH_SUCCESS,C108
9750,565,U12,1.0,LOG,AUTH_SUCCESS,C351
9751,565,U184,1.0,LOG,AUTH_SUCCESS,C154
9752,565,U128,1.0,LOG,AUTH_SUCCESS,C209
9753,565,U128,1.0,LOG,AUTH_SUCCESS,C176
9754,565,U67,1.0,LOG,AUTH_SUCCESS,C154
9755,565,U67,1.0,LOG,AUTH_SUCCESS,C49
9756,566,U1248,1.0,LOG,AUTH_SUCCESS,C134
9757,566,U1248,1.0,LOG,AUTH_SUCCESS,C1407
9758,566,U1225,1.0,LOG,AUTH_SUCCESS,C1381
9759,566,U160,1.0,LOG,AUTH_SUCCESS,C216
9760,566,U749,1.0,LOG,AUTH_SUCCESS,C893
9761,566,U1251,1.0,LOG,AUTH_SUCCESS,C1411
9762,566,U752,1.0,LOG,AUTH_SUCCESS,C896
9763,566,U752,1.0,LOG,AUTH_SUCCESS,C150
9764,566,U1199,1.0,LOG,AUTH_SUCCESS,C1139
9765,566,U1199,1.0,LOG,AUTH_SUCCESS,C1357
9766,566,U125,1.0,LOG,AUTH_SUCCESS,C1379
9767,566,U29,1.0,LOG,AUTH_SUCCESS,C300
9768,566,U29,1.0,LOG,AUTH_SUCCESS,C30
9769,566,U154,1.0,LOG,AUTH_SUCCESS,C208
9770,566,U154,1.0,LOG,AUTH_SUCCESS,C148
9771,566,U13,1.0,LOG,AUTH_SUCCESS,C32
9772,566,U184,1.0,LOG,AUTH_SUCCESS,C154
9773,566,U179,1.0,LOG,AUTH_SUCCESS,C175
9774,567,U1252,1.0,LOG,AUTH_SUCCESS,C1412
9775,567,U130,1.0,LOG,AUTH_SUCCESS,C179
9776,567,U130,1.0,LOG,AUTH_SUCCESS,C239
9777,567,U371,1.0,LOG,AUTH_SUCCESS,C1402
9778,567,U1253,1.0,LOG,AUTH_SUCCESS,C1413
9779,567,U160,1.0,LOG,AUTH_SUCCESS,C216
9780,567,U281,1.0,LOG,AUTH_SUCCESS,C375
9781,567,U199,1.0,LOG,AUTH_SUCCESS,C272
9782,567,U748,1.0,LOG,AUTH_SUCCESS,C892
9783,567,U737,1.0,LOG,AUTH_SUCCESS,C150
9784,567,U737,1.0,LOG,AUTH_SUCCESS,C880
9785,567,U275,1.0,LOG,AUTH_SUCCESS,C367
9786,567,U275,1.0,LOG,AUTH_SUCCESS,C368
9787,567,U120,1.0,LOG,AUTH_SUCCESS,C164
9788,567,U120,1.0,LOG,AUTH_SUCCESS,C239
9789,567,U749,1.0,LOG,AUTH_SUCCESS,C893
9790,567,U289,1.0,LOG,AUTH_SUCCESS,C385
9791,567,U1251,1.0,LOG,AUTH_SUCCESS,C1411
9792,567,U258,1.0,LOG,AUTH_SUCCESS,C347
9793,567,U258,1.0,LOG,AUTH_SUCCESS,C120
9794,567,U752,1.0,LOG,AUTH_SUCCESS,C896
9795,567,U590,1.0,LOG,AUTH_SUCCESS,C890
9796,567,U747,1.0,LOG,AUTH_SUCCESS,C891
9797,567,U1254,1.0,LOG,AUTH_SUCCESS,C1414
9798,567,U12,1.0,LOG,AUTH_SUCCESS,C13
9799,567,U204,1.0,LOG,AUTH_SUCCESS,C154
9800,568,U1252,1.0,LOG,AUTH_SUCCESS,C1412
9801,568,U1252,1.0,LOG,AUTH_SUCCESS,C414
9802,568,U1255,1.0,LOG,AUTH_SUCCESS,C1415
9803,568,U130,1.0,LOG,AUTH_SUCCESS,C179
9804,568,U130,1.0,LOG,AUTH_SUCCESS,C148
9805,568,U1225,1.0,LOG,AUTH_SUCCESS,C1381
9806,568,U199,1.0,LOG,AUTH_SUCCESS,C272
9807,568,U748,1.0,LOG,AUTH_SUCCESS,C892
9808,568,U132,1.0,LOG,AUTH_SUCCESS,C181
9809,568,U132,1.0,LOG,AUTH_SUCCESS,C148
9810,568,U755,1.0,LOG,AUTH_SUCCESS,C899
9811,568,U1256,1.0,LOG,AUTH_SUCCESS,C82
9812,568,U289,1.0,LOG,AUTH_SUCCESS,C385
9813,568,U1251,1.0,LOG,AUTH_SUCCESS,C1411
9814,568,U125,1.0,LOG,AUTH_SUCCESS,C1379
9815,568,U1257,1.0,LOG,AUTH_SUCCESS,C1416
9816,568,U1258,1.0,LOG,AUTH_SUCCESS,C1417
9817,568,U747,1.0,LOG,AUTH_SUCCESS,C891
9818,568,U1254,1.0,LOG,AUTH_SUCCESS,C1414
9819,568,U116,1.0,LOG,AUTH_SUCCESS,C155
9820,568,U127,1.0,LOG,AUTH_SUCCESS,C155
9821,568,U12,1.0,LOG,AUTH_SUCCESS,C886
9822,568,U12,1.0,LOG,AUTH_SUCCESS,C94
9823,568,U12,1.0,LOG,AUTH_SUCCESS,C54
9824,568,U179,1.0,LOG,AUTH_SUCCESS,C175
9825,569,U1252,1.0,LOG,AUTH_SUCCESS,C1412
9826,569,U1252,1.0,LOG,AUTH_SUCCESS,C414
9827,569,U1255,1.0,LOG,AUTH_SUCCESS,C1415
9828,569,U371,1.0,LOG,AUTH_SUCCESS,C150
9829,569,U371,1.0,LOG,AUTH_SUCCESS,C1402
9830,569,U280,1.0,LOG,AUTH_SUCCESS,C374
9831,569,U1225,1.0,LOG,AUTH_SUCCESS,C1381
9832,569,U281,1.0,LOG,AUTH_SUCCESS,C234
9833,569,U281,1.0,LOG,AUTH_SUCCESS,C375
9834,569,U1259,1.0,LOG,AUTH_SUCCESS,C1418
9835,569,U1260,1.0,LOG,AUTH_SUCCESS,C1419
9836,569,U737,1.0,LOG,AUTH_SUCCESS,C150
9837,569,U737,1.0,LOG,AUTH_SUCCESS,C880
9838,569,U755,1.0,LOG,AUTH_SUCCESS,C899
9839,569,U1256,1.0,LOG,AUTH_SUCCESS,C177
9840,569,U1256,1.0,LOG,AUTH_SUCCESS,C82
9841,569,U1257,1.0,LOG,AUTH_SUCCESS,C1416
9842,569,U1258,1.0,LOG,AUTH_SUCCESS,C670
9843,569,U1258,1.0,LOG,AUTH_SUCCESS,C1417
9844,569,U1254,1.0,LOG,AUTH_SUCCESS,C1414
9845,569,U13,1.0,LOG,AUTH_SUCCESS,C309
9846,569,U60,1.0,LOG,AUTH_SUCCESS,C173
9847,569,U12,1.0,LOG,AUTH_SUCCESS,C236
9848,569,U12,1.0,LOG,AUTH_SUCCESS,C209
9849,569,U12,1.0,LOG,AUTH_SUCCESS,C364
9850,569,U12,1.0,LOG,AUTH_SUCCESS,C13
9851,569,U128,1.0,LOG,AUTH_SUCCESS,C167
9852,569,U128,1.0,LOG,AUTH_SUCCESS,C176
9853,570,U584,1.0,LOG,AUTH_SUCCESS,C150
9854,570,U584,1.0,LOG,AUTH_SUCCESS,C716
9855,570,U1261,1.0,LOG,AUTH_SUCCESS,C1420
9856,570,U312,1.0,LOG,AUTH_SUCCESS,C418
9857,570,U1262,1.0,LOG,AUTH_SUCCESS,C1421
9858,570,U39,1.0,LOG,AUTH_SUCCESS,C41
9859,570,U758,1.0,LOG,AUTH_SUCCESS,C901
9860,570,U163,1.0,LOG,AUTH_SUCCESS,C219
9861,570,U163,1.0,LOG,AUTH_SUCCESS,C220
9862,570,U153,1.0,LOG,AUTH_SUCCESS,C207
9863,570,U153,1.0,LOG,AUTH_SUCCESS,C148
9864,570,U29,1.0,LOG,AUTH_SUCCESS,C30
9865,570,U1257,1.0,LOG,AUTH_SUCCESS,C1416
9866,570,U1254,1.0,LOG,AUTH_SUCCESS,C1414
9867,570,U13,1.0,LOG,AUTH_SUCCESS,C309
9868,570,U13,1.0,LOG,AUTH_SUCCESS,C282
9869,570,U13,1.0,LOG,AUTH_SUCCESS,C32
9870,570,U13,1.0,LOG,AUTH_SUCCESS,C42
9871,570,U12,1.0,LOG,AUTH_SUCCESS,C457
9872,570,U159,1.0,LOG,AUTH_SUCCESS,C160
9873,570,U179,1.0,LOG,AUTH_SUCCESS,C175
9874,571,U1252,1.0,LOG,AUTH_SUCCESS,C1412
9875,571,U1252,1.0,LOG,AUTH_SUCCESS,C414
9876,571,U170,1.0,LOG,AUTH_SUCCESS,C229
9877,571,U583,1.0,LOG,AUTH_SUCCESS,C715
9878,571,U1225,1.0,LOG,AUTH_SUCCESS,C1381
9879,571,U1261,1.0,LOG,AUTH_SUCCESS,C1420
9880,571,U372,1.0,LOG,AUTH_SUCCESS,C495
9881,571,U372,1.0,LOG,AUTH_SUCCESS,C200
9882,571,U283,1.0,LOG,AUTH_SUCCESS,C377
9883,571,U283,1.0,LOG,AUTH_SUCCESS,C378
9884,571,U761,1.0,LOG,AUTH_SUCCESS,C904
9885,571,U37,1.0,LOG,AUTH_SUCCESS,C39
9886,571,U37,1.0,LOG,AUTH_SUCCESS,C200
9887,571,U1263,1.0,LOG,AUTH_SUCCESS,C1422
9888,571,U1227,1.0,LOG,AUTH_SUCCESS,C200
9889,571,U1227,1.0,LOG,AUTH_SUCCESS,C1383
9890,571,U312,1.0,LOG,AUTH_SUCCESS,C418
9891,571,U1262,1.0,LOG,AUTH_SUCCESS,C1421
9892,571,U201,1.0,LOG,AUTH_SUCCESS,C200
9893,571,U201,1.0,LOG,AUTH_SUCCESS,C274
9894,571,U39,1.0,LOG,AUTH_SUCCESS,C41
9895,571,U1264,1.0,LOG,AUTH_SUCCESS,C1423
9896,571,U1264,1.0,LOG,AUTH_SUCCESS,C200
9897,571,U758,1.0,LOG,AUTH_SUCCESS,C901
9898,571,U1249,1.0,LOG,AUTH_SUCCESS,C1409
9899,571,U1249,1.0,LOG,AUTH_SUCCESS,C200
9900,571,U59,1.0,LOG,AUTH_SUCCESS,C200
9901,571,U59,1.0,LOG,AUTH_SUCCESS,C64
9902,571,U29,1.0,LOG,AUTH_SUCCESS,C300
9903,571,U29,1.0,LOG,AUTH_SUCCESS,C30
9904,571,U1254,1.0,LOG,AUTH_SUCCESS,C1414
9905,571,U13,1.0,LOG,AUTH_SUCCESS,C32
9906,571,U13,1.0,LOG,AUTH_SUCCESS,C42
9907,571,U12,1.0,LOG,AUTH_SUCCESS,C443
9908,571,U12,1.0,LOG,AUTH_SUCCESS,C350
9909,571,U12,1.0,LOG,AUTH_SUCCESS,C110
9910,571,U159,1.0,LOG,AUTH_SUCCESS,C160
9911,572,U584,1.0,LOG,AUTH_SUCCESS,C150
9912,572,U584,1.0,LOG,AUTH_SUCCESS,C716
9913,572,U16,1.0,LOG,AUTH_SUCCESS,C148
9914,572,U16,1.0,LOG,AUTH_SUCCESS,C17
9915,572,U300,1.0,LOG,AUTH_SUCCESS,C397
9916,572,U1265,1.0,LOG,AUTH_SUCCESS,C1424
9917,572,U761,1.0,LOG,AUTH_SUCCESS,C904
9918,572,U1263,1.0,LOG,AUTH_SUCCESS,C1422
9919,572,U767,1.0,LOG,AUTH_SUCCESS,C910
9920,572,U699,1.0,LOG,AUTH_SUCCESS,C517
9921,572,U6,1.0,LOG,AUTH_SUCCESS,C7
9922,572,U6,1.0,LOG,AUTH_SUCCESS,C148
9923,572,U504,1.0,LOG,AUTH_SUCCESS,C637
9924,572,U1262,1.0,LOG,AUTH_SUCCESS,C1425
9925,572,U1262,1.0,LOG,AUTH_SUCCESS,C1421
9926,572,U167,1.0,LOG,AUTH_SUCCESS,C225
9927,572,U167,1.0,LOG,AUTH_SUCCESS,C226
9928,572,U758,1.0,LOG,AUTH_SUCCESS,C901
9929,572,U1266,1.0,LOG,AUTH_SUCCESS,C1426
9930,572,U153,1.0,LOG,AUTH_SUCCESS,C207
9931,572,U153,1.0,LOG,AUTH_SUCCESS,C239
9932,572,U29,1.0,LOG,AUTH_SUCCESS,C30
9933,572,U1267,1.0,LOG,AUTH_SUCCESS,C1427
9934,572,U1257,1.0,LOG,AUTH_SUCCESS,C443
9935,572,U94,1.0,LOG,AUTH_SUCCESS,C186
9936,572,U94,1.0,LOG,AUTH_SUCCESS,C110
9937,572,U12,1.0,LOG,AUTH_SUCCESS,C312
9938,572,U12,1.0,LOG,AUTH_SUCCESS,C415
9939,572,U12,1.0,LOG,AUTH_SUCCESS,C632
9940,572,U179,1.0,LOG,AUTH_SUCCESS,C175
9941,573,U1268,1.0,LOG,AUTH_SUCCESS,C1428
9942,573,U1261,1.0,LOG,AUTH_SUCCESS,C1420
9943,573,U300,1.0,LOG,AUTH_SUCCESS,C397
9944,573,U1265,1.0,LOG,AUTH_SUCCESS,C1424
9945,573,U761,1.0,LOG,AUTH_SUCCESS,C904
9946,573,U304,1.0,LOG,AUTH_SUCCESS,C402
9947,573,U1263,1.0,LOG,AUTH_SUCCESS,C1422
9948,573,U767,1.0,LOG,AUTH_SUCCESS,C910
9949,573,U6,1.0,LOG,AUTH_SUCCESS,C7
9950,573,U150,1.0,LOG,AUTH_SUCCESS,C201
9951,573,U1262,1.0,LOG,AUTH_SUCCESS,C1425
9952,573,U1262,1.0,LOG,AUTH_SUCCESS,C443
9953,573,U1262,1.0,LOG,AUTH_SUCCESS,C1421
9954,573,U125,1.0,LOG,AUTH_SUCCESS,C1379
9955,573,U182,1.0,LOG,AUTH_SUCCESS,C248
9956,573,U182,1.0,LOG,AUTH_SUCCESS,C249
9957,573,U1269,1.0,LOG,AUTH_SUCCESS,C1429
9958,573,U29,1.0,LOG,AUTH_SUCCESS,C30
9959,573,U1267,1.0,LOG,AUTH_SUCCESS,C1427
9960,573,U1270,1.0,LOG,AUTH_SUCCESS,C1430
9961,573,U12,1.0,LOG,AUTH_SUCCESS,C221
9962,573,U12,1.0,LOG,AUTH_SUCCESS,C211
9963,574,U1225,1.0,LOG,AUTH_SUCCESS,C1381
9964,574,U47,1.0,LOG,AUTH_SUCCESS,C50
9965,574,U1268,1.0,LOG,AUTH_SUCCESS,C1428
9966,574,U16,1.0,LOG,AUTH_SUCCESS,C148
9967,574,U16,1.0,LOG,AUTH_SUCCESS,C17
9968,574,U177,1.0,LOG,AUTH_SUCCESS,C242
9969,574,U177,1.0,LOG,AUTH_SUCCESS,C148
9970,574,U304,1.0,LOG,AUTH_SUCCESS,C402
9971,574,U767,1.0,LOG,AUTH_SUCCESS,C910
9972,574,U1271,1.0,LOG,AUTH_SUCCESS,C1431
9973,574,U150,1.0,LOG,AUTH_SUCCESS,C201
9974,574,U193,1.0,LOG,AUTH_SUCCESS,C260
9975,574,U1266,1.0,LOG,AUTH_SUCCESS,C1426
9976,574,U1267,1.0,LOG,AUTH_SUCCESS,C1427
9977,574,U1258,1.0,LOG,AUTH_SUCCESS,C1417
9978,574,U1270,1.0,LOG,AUTH_SUCCESS,C1430
9979,574,U77,1.0,LOG,AUTH_SUCCESS,C78
9980,574,U1272,1.0,LOG,AUTH_SUCCESS,C1432
9981,574,U183,1.0,LOG,AUTH_SUCCESS,C250
9982,574,U60,1.0,LOG,AUTH_SUCCESS,C173
9983,574,U12,1.0,LOG,AUTH_SUCCESS,C264
9984,574,U12,1.0,LOG,AUTH_SUCCESS,C13
9985,574,U128,1.0,LOG,AUTH_SUCCESS,C167
9986,574,U128,1.0,LOG,AUTH_SUCCESS,C176
9987,575,U1248,1.0,LOG,AUTH_SUCCESS,C134
9988,575,U1248,1.0,LOG,AUTH_SUCCESS,C1407
9989,575,U47,1.0,LOG,AUTH_SUCCESS,C50
9990,575,U1268,1.0,LOG,AUTH_SUCCESS,C1428
9991,575,U16,1.0,LOG,AUTH_SUCCESS,C17
9992,575,U1271,1.0,LOG,AUTH_SUCCESS,C1431
9993,575,U310,1.0,LOG,AUTH_SUCCESS,C412
9994,575,U427,1.0,LOG,AUTH_SUCCESS,C551
9995,575,U311,1.0,LOG,AUTH_SUCCESS,C413
9996,575,U311,1.0,LOG,AUTH_SUCCESS,C414
9997,575,U193,1.0,LOG,AUTH_SUCCESS,C260
9998,575,U124,1.0,LOG,AUTH_SUCCESS,C192
9999,575,U771,1.0,LOG,AUTH_SUCCESS,C914
10000,575,U1267,1.0,LOG,AUTH_SUCCESS,C1427
